cell_id,cycle_index,raw_cycle_idx,ambient_temperature,capacity,soh,v_start,v_end,v_min,v_mean,v_std,i_mean,t_start,t_max,t_mean,t_rise,discharge_duration,energy_discharged,eol_threshold,eol_cycle,rul_true,capacity_diff,is_regeneration,degradation_rate
B0005,1,2,24.0,1.8564874208181574,92.82437104090788,4.191491807505295,3.277169976825196,2.612467347907089,3.5298286688693397,0.2359570706808563,1.818711710270297,24.330033885570543,38.98218133148803,32.572328114029,14.652147445917485,3690.234,6.6087781949284645,1.4,125,124,0.0,0,-0.004165152150121587
B0005,2,4,24.0,1.846327249719927,92.31636248599635,4.189773213846608,3.3002448871222545,2.587208728940726,3.5373201277859714,0.23476492928592219,1.8176438989718113,24.697751935729325,39.033397966787035,32.72523522519307,14.33564603105771,3672.344,6.586345150397566,1.4,125,123,-0.01016017109823042,0,-0.004165152150121587
B0005,3,6,24.0,1.8353491942234077,91.76745971117039,4.188186735991303,3.3274510098686276,2.6519168938437794,3.5437367282719,0.22752543549673088,1.8165423469233573,24.734266163954402,38.818796689817404,32.64286193755933,14.084530525863002,3651.641,6.555683334957384,1.4,125,122,-0.010978055496519312,0,-0.004165152150121587
B0005,4,8,24.0,1.8352625275821128,91.76312637910564,4.188461118855572,3.314181858907029,2.592947964776547,3.5436661072601456,0.23274431724182537,1.8256179748849433,24.65423646922845,38.7623045063458,32.51487646204882,14.108068037117349,3631.563,6.5548286069376,1.4,125,121,-8.666664129486357e-05,0,-0.004165152150121587
B0005,5,10,24.0,1.8346455082120419,91.7322754106021,4.188298524761055,3.30549673128648,2.547419651124539,3.5423432526672167,0.2366885716567803,1.8261478651693803,24.524796959348127,38.66539257343368,32.38234901543077,14.140595614085552,3629.172,6.552231972609875,1.4,125,120,-0.0006170193700709703,0,-0.004165152150121587
B0005,6,12,24.0,1.8356616600675495,91.78308300337747,4.188815807948604,3.302329112973759,2.5209480504077413,3.5413347346347575,0.23931625998293235,1.8168998532879652,24.522297376927863,38.75169504640032,32.43418218230641,14.229397669472458,3652.281,6.557494548054203,1.4,125,119,0.0010161518555076299,0,-0.004165152150121587
B0005,7,14,24.0,1.8351461429226603,91.75730714613302,4.18839163793879,3.2937406695499014,2.487927319492314,3.5410250495075215,0.2425153341196382,1.8168378953364732,24.58487828579781,38.8207012322275,32.480416444757985,14.235822946429689,3650.828,6.557049661436373,1.4,125,118,-0.0005155171448891771,0,-0.0022362213594533387
B0005,8,16,24.0,1.8257567905665537,91.28783952832768,4.188927891511958,3.3162307407741536,2.6652049047458775,3.554133296801584,0.22731251096165395,1.8444082717328028,24.713628799279793,38.51713023385634,32.41046186109587,13.80350143457655,3572.453,6.535167110927523,1.4,125,117,-0.009389352356106606,0,-0.0019184807313707974
B0005,9,18,24.0,1.8247738529891333,91.23869264945667,4.189029250882121,3.297410935416153,2.6038584726333673,3.5529355991467955,0.2324538495076242,1.854064004450843,24.635211633324694,38.526267904657,32.3461408313,13.891056271332303,3550.594,6.5291073135895505,1.4,125,116,-0.0009829375774204063,0,-0.002097734918595906
B0005,10,20,24.0,1.824613268496936,91.2306634248468,4.189223427076418,3.2884044830952868,2.552853984885676,3.5512057319376997,0.23672870147542147,1.853658588102974,24.572057664095553,38.52698128472781,32.27679750791685,13.954923620632258,3551.25,6.526577749922872,1.4,125,115,-0.00016058449219724658,0,-0.0020064479430211613
B0005,11,22,24.0,1.8246195526864504,91.23097763432251,4.188916055911241,3.2662755750614747,2.4724483018527317,3.549292319740949,0.2430973444996006,1.863423718930417,24.43671599422777,38.54143406601644,32.15709350345252,14.104718071788671,3530.25,6.5224730397045345,1.4,125,114,6.284189514316196e-06,0,-0.002208421476219824
B0005,12,25,24.0,1.8142019357673917,90.71009678836958,4.189876247266316,3.296199859463087,2.64956413267546,3.559759220648976,0.22886185175957943,1.8730031464912946,24.7443285138996,38.52197451768004,32.36407129853099,13.777646003780443,3491.016,6.497483643883568,1.4,125,113,-0.010417616919058625,0,-0.004188841431053714
B0005,13,27,24.0,1.8137521577549054,90.68760788774527,4.189286794768804,3.2717574155336004,2.5724981777366227,3.558081969139198,0.23460775776275253,1.8826602424674959,24.736639099532358,38.582485834057856,32.3181954403762,13.845846734525498,3470.281,6.491853045269893,1.4,125,112,-0.00044977801248635707,0,-0.002400926562329664
B0005,14,29,24.0,1.8134404914735822,90.67202457367911,4.188837765892728,3.2648550840850254,2.5249886697730286,3.555692244172496,0.237911318298918,1.8825977111170087,24.44798340505406,38.520294134873915,32.15709029211502,14.072310729819854,3470.0,6.487114428498572,1.4,125,111,-0.0003116662813231752,0,-0.0022666723031102174
B0005,15,31,24.0,1.8025980036306504,90.12990018153252,4.189110301768517,3.309111201518355,2.694621861688723,3.562746818017503,0.22392608690207388,1.8818235264274379,24.47211924021532,38.21358592965045,32.04407000314609,13.741466689435129,3450.297,6.456673528229404,1.4,125,110,-0.010842487842931847,0,-0.004403052973257137
B0005,16,33,24.0,1.80210690024615,90.10534501230751,4.18921207304098,3.2881490528689254,2.64010141737067,3.5614521756489204,0.22796979172772144,1.892259778387913,24.325417128823222,38.1983618706913,31.931593674911532,13.872944741868078,3429.407,6.451147555097534,1.4,125,109,-0.0004911033845003132,0,-0.004502530488060064
B0005,17,35,24.0,1.802579500826209,90.12897504131045,4.188899969428112,3.260754100903525,2.5739035098380962,3.5603420474985823,0.23297600498562532,1.9027782137498737,24.3625933569109,38.31926916027133,31.941655359029298,13.956675803360433,3409.484,6.449580251029462,1.4,125,108,0.00047260058005904604,0,-0.0023244869882365292
B0005,18,37,24.0,1.8030683142834096,90.15341571417048,4.188779799856791,3.2294668217844102,2.4942396831720126,3.5591189041401865,0.23873643876806222,1.9133470605822436,24.382419922756025,38.4787542519308,31.965008645476725,14.096334329174777,3390.422,6.4472058652048485,1.4,125,107,0.000488813457200532,0,-0.0021367686942991514
B0005,19,39,24.0,1.8027776247196041,90.13888123598021,4.189272591516219,3.224378894859077,2.4556793246645583,3.557886771846508,0.24145031412156678,1.9132081421080984,24.361449262276754,38.54659017774874,31.966241678512723,14.185140915471987,3390.281,6.444197257048334,1.4,125,106,-0.0002906895638055129,0,-0.002132573350795619
B0005,20,42,24.0,1.8470259949329193,92.35129974664596,4.187614060563439,3.2587403321633976,2.632142800798914,3.5520375235511907,0.23416563071224794,1.8554552597994574,24.558714742953534,38.44749852224995,32.37143341978575,13.888783779296418,3591.734,6.611240878678175,1.4,125,105,0.04424837021331518,1,0.008885598260453787
B0005,21,46,24.0,1.847417311283644,92.3708655641822,4.1876287811083985,3.2180462147957645,2.5027764692056795,3.5525668436897124,0.2441722414090925,1.8747434663359825,24.92210633449132,38.992275791716615,32.70024990461686,14.070169457225294,3552.297,6.611161010084513,1.4,125,104,0.00039131635072475746,0,0.0090620822074988
B0005,22,50,24.0,1.8361774213478947,91.80887106739473,4.187447226312926,3.2573096268397737,2.617507742871704,3.556794038327039,0.23311973567394634,1.8738792670691689,24.56596639952811,38.51424197364312,32.32266411829938,13.948275574115005,3531.578,6.574821168404174,1.4,125,103,-0.011239889935749314,0,0.006719584104337128
B0005,23,54,24.0,1.8257807475776242,91.2890373788812,4.187344026387161,3.2802567474945943,2.694074478000972,3.5614100044534203,0.22484633144049296,1.883276367037806,24.21658146702539,38.165816144899125,31.98795810666763,13.949234677873736,3492.907,6.539641286548478,1.4,125,102,-0.010396673770270537,0,0.004542486658842914
B0005,24,58,24.0,1.8251136435078368,91.25568217539184,4.187438187636325,3.2797654511586916,2.6237674644021887,3.5566107947817986,0.23067449635182954,1.8733320556361162,24.054990657817566,38.16526203587147,31.894456524691385,14.110271378053906,3511.594,6.532620983797102,1.4,125,101,-0.0006671040697874275,0,0.004467203757646532
B0005,25,62,24.0,1.8255815042203762,91.2790752110188,4.18774138117799,3.2050689156049863,2.5010798299873738,3.5586742170266272,0.23845858592777874,1.9139789784762269,24.028778234327,38.27549578575718,31.78039681801023,14.24671755143018,3431.9370000000054,6.527920631813516,1.4,125,100,0.0004678607125394585,0,-0.004288898142508613
B0005,26,66,24.0,1.8140311275083907,90.70155637541953,4.188261122540052,3.276866922356563,2.6849988185249796,3.564103182686905,0.22371289710668404,1.9031048926498,23.93841461307264,37.982160799183106,31.688747146342205,14.043746186110464,3431.125,6.495263190740645,1.4,125,99,-0.011550376711985555,0,-0.006677236755050675
B0005,27,70,24.0,1.8147691941158939,90.7384597057947,4.187338767288234,3.2311300277309924,2.547109116468133,3.559588063594272,0.23399060506233524,1.913471143750189,23.811534187517502,38.11100191887773,31.596747992569153,14.299467731360231,3412.406,6.489442748159886,1.4,125,98,0.0007380666075031961,0,-0.004281645446400173
B0005,28,74,24.0,1.813969388710352,90.69846943551761,4.187560306288175,3.2220257725268313,2.471314764334132,3.556833231052199,0.23947202414141244,1.913620909902553,23.754765330883426,38.18831137948753,31.565586498787077,14.433546048604104,3410.688,6.482180288608384,1.4,125,97,-0.0007998054055418091,0,-0.0023622717734544272
B0005,29,78,24.0,1.802765665167823,90.13828325839116,4.18805176248713,3.2900827937307877,2.6613903306108773,3.5624410850948944,0.22469381728284948,1.9026476995844432,23.79768342466196,37.998541119085836,31.59124667045208,14.200857694423874,3410.718,6.451556870936514,1.4,125,96,-0.011203723542529076,0,-0.004469595668002757
B0005,30,82,24.0,1.804077040117352,90.2038520058676,4.187667484260542,3.2511761852414898,2.541762355407921,3.5591407106855666,0.2337381121665522,1.9130823665540544,23.801300986918452,38.194201649765226,31.603485399391182,14.392900662846774,3392.719,6.449409259843297,1.4,125,95,0.0013113749495290428,0,-0.00430089282060484
B0005,31,86,24.0,1.8518025516704486,92.59012758352243,4.2010701773378685,3.249283482317545,2.628919415830567,3.5573161327793144,0.2244802327371113,1.9206226860865134,23.78129749955371,38.45796400011448,31.91556385491565,14.67666650056077,3470.672,6.6214238417618985,1.4,125,94,0.04772551155309657,1,0.007554284832411584
B0005,32,90,24.0,1.8307038456739428,91.53519228369714,4.1996223345495824,3.260087599199005,2.6312552691827045,3.561870782772737,0.22326557144507364,1.9298947547733054,24.204043411413554,38.49126351534004,32.081128118597164,14.287220103926483,3414.109,6.550749752385637,1.4,125,93,-0.021098705996505762,0,0.0031869303116097924
B0005,33,94,24.0,1.8199041089501267,90.99520544750634,4.199853323702163,3.281146601420838,2.654880745360911,3.5617586337260088,0.22104596048351946,1.929319271264108,24.0063252333915,38.31473393357882,31.849792632896243,14.308408700187321,3395.219,6.510886361026922,1.4,125,92,-0.010799736723816178,0,0.0011869440479549188
B0005,34,98,24.0,1.8093079637028517,90.46539818514259,4.199103467081427,3.3093715201547558,2.6749688422803803,3.5597307651083123,0.21897224844365457,1.923358415235126,23.53999092882516,37.861934640176806,31.465690433362017,14.321943711351647,3386.0,6.469268383163047,1.4,125,91,-0.010596145247274924,0,0.0013084597070057492
B0005,35,102,24.0,1.80460990458052,90.23049522902599,4.199998536865001,3.295594467656429,2.6159705726789904,3.5575937553540915,0.22364252387843475,1.9285088406920838,23.566095747572557,37.90665575786083,31.40934895665031,14.340560010288275,3368.187,6.448258261024923,1.4,125,90,-0.004698059122331788,0,0.00010657289263358294
B0005,36,106,24.0,1.7993770651972192,89.96885325986096,4.19967522099872,3.317198245350349,2.658447162110498,3.5597237883937995,0.22067304968852833,1.9231516515854177,23.978912001702884,38.34003238560517,31.902247475518077,14.361120383902286,3368.266,6.434013039595092,1.4,125,89,-0.005232839383300769,0,-0.010485097294645885
B0005,37,110,24.0,1.7884432335370462,89.42216167685231,4.1991847248803165,3.3478185065039905,2.6979426084271156,3.559061771422033,0.2174117074890921,1.9170640150939449,23.757591205264927,38.0745950590744,31.649024294808623,14.31700385380947,3358.719,6.393192582022831,1.4,125,88,-0.010933831660173032,0,-0.008452122427379338
B0005,38,114,24.0,1.7829230484252723,89.14615242126361,4.200012480335,3.3378219239048574,2.6617272246516333,3.557015527748059,0.2202112122344345,1.922067492364195,23.51454265913581,38.07252758016199,31.48874626238971,14.55798492102618,3339.5,6.36913041109019,1.4,125,87,-0.005520185111773879,0,-0.0073962121049708784
B0005,39,118,24.0,1.7730337158018288,88.65168579009143,4.1992373656547874,3.3643724793797882,2.699288287625812,3.5562481933590964,0.21711532049783672,1.9162697587781747,23.282413018265935,37.80133585100446,31.329995610092634,14.518922832738525,3331.265,6.332119975253013,1.4,125,86,-0.009889332623443492,0,-0.007254849580204592
B0005,40,122,24.0,1.773037755078937,88.65188775394685,4.1993957811187075,3.336014493650917,2.6127932408838532,3.5532756526091784,0.2242097776623701,1.922122706502154,23.439367870877128,38.39873985476869,31.569551201845574,14.959371983891565,3321.188,6.327977828305635,1.4,125,85,4.039277108125461e-06,0,-0.006314429900316609
B0005,41,126,24.0,1.7678721106662054,88.39360553331026,4.1995786980260705,3.3556596279465505,2.6637064901468075,3.556266431640255,0.22065598640894563,1.9162735319343263,24.020578317587123,38.74929237918251,32.111426258867944,14.72871406159539,3321.844,6.314847281055934,1.4,125,84,-0.005165644412731485,0,-0.006300990906202753
B0005,42,130,24.0,1.7623150704093087,88.11575352046543,4.199546957512695,3.3614901977112828,2.6668454289754746,3.5563095420140822,0.22086472080479183,1.9159257340976645,24.256086319320033,38.87275464755104,32.271676011112376,14.616668328231007,3311.828,6.2948122663658,1.4,125,83,-0.005557040256896739,0,-0.005225632625547494
B0005,43,134,24.0,1.7676172924938447,88.38086462469224,4.194091469340824,3.3469681219757663,2.684431051981017,3.558950851054106,0.2248771520046519,1.9114464682592052,23.99270220171187,38.503541429116005,31.842291659678658,14.510839227404134,3327.391,6.312622563983889,1.4,125,82,0.005302222084536012,1,-0.0030611511862855155
B0005,44,136,24.0,1.762668359743147,88.13341798715734,4.200715235801255,3.37121004922177,2.645224362345869,3.5534418211598053,0.22263448201480376,1.915844717074932,23.828786239535976,38.27009094548294,31.759815453754253,14.441304705946965,3312.078,6.290405274839963,1.4,125,81,-0.004948932750697743,0,-0.002073071211736366
B0005,45,140,24.0,1.7517304870664143,87.58652435332071,4.1990980807180325,3.379951819113273,2.6603527244917,3.5510121537420285,0.22130511019697496,1.9151339148316244,23.350512970732126,38.11684755251712,31.41911167391793,14.766334581784996,3293.172,6.246148229446523,1.4,125,80,-0.01093787267673263,0,-0.004261453602504517
B0005,46,144,24.0,1.7418496047960008,87.09248023980004,4.199398534411534,3.391867015789506,2.6926849789916263,3.551317608213948,0.21900720749034402,1.9148572716406749,23.236214188565974,38.04152715355532,31.331626572312267,14.805312964989348,3275.328,6.210316132444617,1.4,125,79,-0.009880882270413505,0,-0.005204501174040921
B0005,47,148,24.0,1.7360913511847138,86.8045675592357,4.199122915612965,3.389321801243052,2.670544734728978,3.549003180550162,0.22112880899864104,1.9144233171408105,23.214801785728056,38.17980302242767,31.35934131425137,14.965001236699614,3265.016,6.1861677464656495,1.4,125,78,-0.005758253611287012,0,-0.0052447438449189756
B0005,48,150,24.0,1.7936240148573608,89.68120074286804,4.190409478081396,3.2399604434797045,2.605158060541757,3.5597648340955175,0.22690811654164278,1.9389033648133622,26.647373946169793,40.71218198711114,34.31088483888259,14.064808040941344,3328.937,6.412408120460117,1.4,125,77,0.05753266367264698,1,0.005201344472703218
B0005,49,154,24.0,1.7831890223273275,89.15945111636637,4.199933846791869,3.3111276397349085,2.672012007453096,3.5623454342368555,0.22196151611679193,1.9275345758657751,25.700376529166363,39.885261233152924,33.43585640373788,14.184884703986562,3329.266,6.379642018495001,1.4,125,76,-0.010434992530033327,0,0.004104132516836101
B0005,50,158,24.0,1.7673642076278957,88.36821038139479,4.199365021329158,3.3328621262920852,2.674271233724938,3.558336657621618,0.22116302424041023,1.9267295232904682,24.83618832123406,39.18287352945846,32.66698125020078,14.3466852082244,3301.579,6.314810424724099,1.4,125,75,-0.015824814699431755,0,0.003126744112296276
B0005,51,162,24.0,1.7570177850353066,87.85088925176532,4.19902365945384,3.333761215364808,2.6309416727017187,3.554013138622869,0.22441709628144815,1.926172441865584,24.361616832363048,38.951564804030774,32.28423408691397,14.589947971667726,3283.563,6.270513450066385,1.4,125,74,-0.01034642259258911,0,0.0030336360478611544
B0005,52,166,24.0,1.7468706179837907,87.34353089918953,4.199432142144215,3.3615057492929536,2.6629725743154204,3.552376095886298,0.22204569380260106,1.9202943078313002,24.019157444608588,38.607510759873634,32.00739178780946,14.588353315265046,3275.125,6.231290262218774,1.4,125,73,-0.01014716705151586,0,0.002155853359815385
B0005,53,170,24.0,1.7417172507457144,87.08586253728572,4.199640922827531,3.352855281098351,2.612942119873717,3.549618661283733,0.22622259329090488,1.9201149196706926,24.01966866535824,38.920359903369054,32.06387071886056,14.900691238010815,3265.656,6.208654358182036,1.4,125,72,-0.005153367238076356,0,-0.010381352822329281
B0005,54,174,24.0,1.7364225056478186,86.82112528239094,4.199305653118061,3.3651520816763276,2.6157198442661476,3.54938103086703,0.22644463175198204,1.9144411095695255,24.33608487469673,39.23273115358871,32.43754560319043,14.896646278891978,3266.093,6.190266778442878,1.4,125,71,-0.005294745097895737,0,-0.009353303335901763
B0005,55,178,24.0,1.7263217239235826,86.31608619617913,4.198949734540481,3.3857728598519237,2.6287695472774453,3.5472118680418956,0.2256048866862126,1.908381358995133,24.124280416630818,38.964927068400804,32.16809876635083,14.840646651769987,3257.594,6.150496704395597,1.4,125,70,-0.010100781724236008,0,-0.008208496740862613
B0005,56,182,24.0,1.7158065389330133,85.79032694665067,4.19834220599025,3.4084431860543454,2.6655106679421823,3.5467052098640246,0.22260946236691775,1.9022223526493423,23.971565610462942,38.83927283461771,32.05752645824972,14.867707224154767,3248.593,6.111427878700762,1.4,125,69,-0.01051518499056936,0,-0.008242249220458664
B0005,57,186,24.0,1.710533351135192,85.52666755675959,4.198995776266302,3.4098320971762575,2.650495153350403,3.544629653883431,0.22441087883425337,1.902069533708128,23.839327005970397,38.82796377704433,31.975920928072714,14.988636771073935,3238.766,6.08900370564263,1.4,125,68,-0.005273187797821377,0,-0.007267453369719767
B0005,58,190,24.0,1.706014499648521,85.30072498242605,4.19916986492694,3.417268005174641,2.643236235233877,3.5436291614253204,0.2251626394650501,1.8965332154034205,23.956923878018035,39.14007944734004,32.21689335291319,15.183155569322007,3240.14,6.072104140645199,1.4,125,67,-0.004518851486670972,0,-0.00714055021943869
B0005,59,194,24.0,1.7003110272642588,85.01555136321294,4.199246833083063,3.421833588845415,2.656450207001938,3.5444946147995258,0.2250288003365719,1.8959927229678666,24.465118009505925,39.349611598028886,32.55632993697177,14.884493588522961,3230.109,6.052907268941263,1.4,125,66,-0.005703472384262165,0,-0.0072222956767119765
B0005,60,198,24.0,1.6945798601797895,84.72899300898948,4.1992551886401595,3.4271424058700943,2.626177688152069,3.5409201846556857,0.22759267954042178,1.8900332987976025,24.267851748683743,39.29444535878087,32.40048085325998,15.026593610097127,3229.7810000000027,6.027506290155278,1.4,125,65,-0.005731167084469302,0,-0.006348372748758635
B0005,61,202,24.0,1.6849029086609286,84.24514543304643,4.199610827671791,3.438178718052601,2.6582230344240045,3.541195668799061,0.2253901682415922,1.8893934935378442,24.1464003948948,39.10487658009542,32.29371860868794,14.95847618520062,3212.469,5.992186732041017,1.4,125,64,-0.009676951518860832,0,-0.006180726054416929
B0005,62,206,24.0,1.6744741591159717,83.72370795579859,4.1994453812630566,3.465640472585762,2.695100237338448,3.540671044783382,0.22200337643732754,1.877705395568618,23.93565216301482,39.0462609369598,32.136071448067796,15.110608773944978,3213.219,5.953447910182052,1.4,125,63,-0.010428749544956872,0,-0.0072118384038440285
B0005,63,210,24.0,1.6745692479879102,83.72846239939551,4.198991968341307,3.4449859354526846,2.639091813583503,3.5376048790268775,0.22747021165023182,1.8831949982887424,24.08253541678387,39.398032192832,32.38268549723498,15.315496776048128,3203.578,5.950118755495468,1.4,125,62,9.50888719384313e-05,0,-0.006289050332122148
B0005,64,214,24.0,1.663716375981405,83.18581879907026,4.197785116892181,3.467467091298206,2.6857210282450983,3.538422485261741,0.22445639503179138,1.8764452364443795,24.428816535813286,39.10678394120843,32.30899951427637,14.67796740539514,3195.125,5.911338927626321,1.4,125,61,-0.010852872006505088,0,-0.007318930256570733
B0005,65,216,24.0,1.659013868748246,82.9506934374123,4.201331130571617,3.4717300013545747,2.69017866510873,3.53928626988912,0.2237217691429451,1.870973160299051,24.3288116844709,39.44448954135193,32.56636929496716,15.115677856881028,3195.3129999999946,5.89685591950186,1.4,125,60,-0.0047025072331590145,0,-0.007113198286308675
B0005,66,220,24.0,1.6538540573335014,82.69270286667508,4.199339974904826,3.466070335739485,2.639895313359579,3.533690170241391,0.2284155018484487,1.8705690143479228,24.13396954428516,39.509602016775695,32.46542951751835,15.375632472490533,3186.297,5.870096594650038,1.4,125,59,-0.005159811414744642,0,-0.006209770265485437
B0005,67,224,24.0,1.642653782130131,82.13268910650655,4.198916244859707,3.485289154748911,2.68991452927918,3.534367734544495,0.22401128563800174,1.8640262698477292,23.980294072799666,39.334865362245324,32.347056454418095,15.354571289445659,3176.438,5.829762731653808,1.4,125,58,-0.011200275203370413,0,-0.006364075397168145
B0005,68,228,24.0,1.6378578430223698,81.89289215111849,4.198537488587242,3.4800221711184434,2.65935818848874,3.5312941932103548,0.22709204592021853,1.8637043892758263,23.975074779018822,39.43723270017243,32.371538940646154,15.462157921153608,3167.593,5.808391755451784,1.4,125,57,-0.004795939107761216,0,-0.007342280993108075
B0005,69,232,24.0,1.6327350407099108,81.63675203549555,4.198943932259475,3.4875727291181726,2.6657030585650423,3.5309134771684274,0.22674511548841458,1.857873177974908,24.038398340905246,39.51375235624076,32.45549347979197,15.475354015335512,3167.719,5.789430024450004,1.4,125,56,-0.005122802312458985,0,-0.006196267054298854
B0005,70,236,24.0,1.6277528915533617,81.38764457766808,4.199579806494986,3.4845831403089607,2.642986759012803,3.5287226893409893,0.22927035359609077,1.8572543412119842,24.08228910360418,39.60170302810528,32.50017194695606,15.519413924501098,3159.077999999994,5.7687751891219845,1.4,125,55,-0.004982149156549154,0,-0.006252195438976882
B0005,71,240,24.0,1.622125485521159,81.10627427605796,4.198782234828033,3.4840044121584226,2.6311169118893036,3.52625493581969,0.23073247098074154,1.8568772359904624,24.043611031076775,39.687463597582074,32.50100298369444,15.643852566505299,3148.829,5.744812143134751,1.4,125,54,-0.005627406032202575,0,-0.006345714362468469
B0005,72,244,24.0,1.6113256603765849,80.56628301882924,4.19910517813207,3.508463137681321,2.696157404617167,3.528684324337005,0.2247705585097621,1.8449420023406096,24.00795354679432,39.53535075538898,32.4728927422438,15.527397208594664,3149.094,5.708751046256081,1.4,125,53,-0.010799825144574227,0,-0.006265624350709232
B0005,73,248,24.0,1.6065631397488385,80.32815698744193,4.198510853141954,3.5037872856177814,2.6667596238241567,3.525556939424901,0.22779895158764976,1.8444613866204569,23.99346277596251,39.6502371632164,32.50480154634882,15.656774387253893,3140.547,5.687433106523193,1.4,125,52,-0.004762520627746403,0,-0.0062589406547062685
B0005,74,252,24.0,1.6015142233917594,80.07571116958798,4.198732430468704,3.500128756881619,2.6403185448373043,3.5226805646793737,0.23050584047552053,1.8439309256979097,23.98660963888346,39.69929058154853,32.51218336210202,15.71268094266507,3131.625,5.665526443449772,1.4,125,51,-0.005048916357079047,0,-0.006244163463630281
B0005,75,256,24.0,1.590369231400328,79.5184615700164,4.198799630396931,3.517670766414221,2.69892986372897,3.524673458789008,0.22554614793423197,1.8371650795865604,23.92821519902996,39.56076309770468,32.45692821941515,15.63254789867472,3121.907,5.62737818695699,1.4,125,50,-0.011144991991431485,0,-0.007476732030606748
B0005,76,260,24.0,1.5857889968242211,79.28944984121105,4.198753541225669,3.5174486086806094,2.6682466504352993,3.5213155754526824,0.22838261270267754,1.8316434831262063,23.878754027011194,39.63708096307912,32.447059186431154,15.758326936067927,3122.125,5.6065200687401715,1.4,125,49,-0.00458023457610679,0,-0.00726729773938759
B0005,77,264,24.0,1.5849430707374117,79.24715353687058,4.200309982421394,3.516013267212138,2.6479207279724903,3.51803386486462,0.23117872316851204,1.8311750591767433,23.91102327504336,39.43977047692484,32.32889654966259,15.528747201881483,3121.672,5.598269430363256,1.4,125,48,-0.0008459260868094454,0,-0.005276517927834634
B0005,78,266,24.0,1.5955263892495937,79.77631946247968,4.201124089732316,3.496983701999225,2.6741633856529066,3.5236841955396794,0.22917796003491905,1.8433261115953903,24.472949639670766,39.839022256254516,32.84488475360107,15.36607261658375,3120.86,5.646277397940907,1.4,125,47,0.010583318512181972,1,-0.0022073500998489592
B0005,79,270,24.0,1.5747301747801037,78.73650873900519,4.198150316653697,3.5202208637731656,2.6892528956736257,3.519146638240668,0.22719970590454205,1.8298408761937657,23.823313591520908,39.41794949618613,32.31731555011648,15.594635904665225,3103.828,5.563177599625904,1.4,125,46,-0.020796214469489982,0,-0.005356809722331146
B0005,80,274,24.0,1.5649019950937946,78.24509975468973,4.198524048997099,3.5292256839082072,2.688809122993162,3.516233648608237,0.2273324183483178,1.823708460193854,23.405971076202263,39.262781682151214,32.06376130177751,15.85681060594895,3095.094,5.522846592484249,1.4,125,45,-0.009828179686309113,0,-0.005093447261306672
B0005,81,278,24.0,1.5597659473370362,77.98829736685181,4.198840869468569,3.5307259447794728,2.6743555987897745,3.514773138461639,0.22847210016062755,1.8177240286719039,23.506583211337613,39.47237839941986,32.21997626855924,15.965795188082247,3095.781,5.502999626339016,1.4,125,44,-0.005136047756758355,0,-0.005204609897436985
B0005,82,282,24.0,1.5594815668184234,77.97407834092117,4.198119631667182,3.521290948363061,2.6430294964336345,3.5132992979150073,0.2314217062849809,1.8179607964048694,23.986241979219916,40.037541469513684,32.7120225448885,16.05129949029377,3094.328,5.50157399112545,1.4,125,43,-0.00028438051861279234,0,-0.0050923007837976545
B0005,83,286,24.0,1.55468935359061,77.7344676795305,4.198320288264955,3.5235359008769405,2.6584858447131823,3.514484830704665,0.23060759962593796,1.8172828219040265,24.332016492731967,40.142730162011574,32.945022147355694,15.810713669279608,3086.531,5.486394938692131,1.4,125,42,-0.004792213227813535,0,-0.008167407131796756
B0005,84,290,24.0,1.5488741079890418,77.44370539945209,4.1980467610750285,3.5255241756932247,2.629782173759164,3.5109677353595243,0.2329526759800367,1.8110596769358045,24.21167795659843,40.1165626728546,32.857549597381336,15.90488471625617,3085.625,5.460410060075624,1.4,125,41,-0.0058152456015680976,0,-0.005171213358212379
B0005,85,294,24.0,1.538236598942558,76.9118299471279,4.199047008209673,3.5348337871327056,2.6622967647315545,3.5109358749578012,0.2307329830817022,1.809523960162879,24.000428061078125,39.87503330866132,32.629663328789654,15.874605247583197,3067.203,5.420822486326577,1.4,125,40,-0.010637509046483862,0,-0.005333079230247328
B0005,86,298,24.0,1.527914258251028,76.39571291255139,4.197669918520713,3.5459029204528467,2.682380966742509,3.509393098217416,0.2288570136594319,1.8026791040807892,23.66809609847637,39.61961987024145,32.379859014262976,15.951523771765082,3058.157,5.380457782613523,1.4,125,39,-0.01032234069153004,0,-0.006370337817201666
B0005,87,302,24.0,1.5285252629756445,76.42626314878223,4.197600624105256,3.536266004226858,2.6401894768922713,3.5066782411556563,0.2324429087783303,1.8032065293561197,23.85390035974786,40.067324667444815,32.68215852457039,16.213424307696954,3058.812,5.380485141688906,1.4,125,38,0.000611004724616615,0,-0.006191260768555784
B0005,88,306,24.0,1.522647325284378,76.1323662642189,4.197985718630326,3.5468067055591166,2.693769409137257,3.5109885623008092,0.2279824823099926,1.7966214118109363,24.243768997381085,40.24716716520102,32.99387423636739,16.003398167819935,3058.578,5.365015925957814,1.4,125,37,-0.005877937691266544,0,-0.006408405661246386
B0005,89,310,24.0,1.5174859938489869,75.87429969244934,4.198164128530042,3.5480287197333853,2.695787450704935,3.510305462695178,0.2281087434098021,1.7960332728517656,24.30453859448875,40.30253125568348,33.04539707211165,15.997992661194733,3049.328,5.345596017946124,1.4,125,36,-0.005161331435391103,0,-0.006277622828010987
B0005,90,313,24.0,1.605818899130659,80.29094495653295,4.222920057935785,3.5250502230997873,2.6920548172137724,3.5222215314850214,0.23455024881444192,1.822944713643187,24.116835091267607,40.09418103142496,32.856295641052824,15.977345940157353,3177.219,5.679568548293074,1.4,125,35,0.08833290528167215,1,0.013516460037620215
B0005,91,316,24.0,1.5638491446744425,78.19245723372212,4.200423045909808,3.494044837570843,2.629071246219689,3.5163492154331264,0.2342514069587575,1.8294710216423313,24.72670353176169,40.52238496316615,33.33950238056361,15.795681431404457,3082.937,5.525941928043904,1.4,125,34,-0.041969754456216535,0,0.007186977284682916
B0005,92,320,24.0,1.5480915247767786,77.40457623883893,4.198372063670128,3.5100418364837593,2.631343871050918,3.5134397623234963,0.23338016528628605,1.8163541106104555,24.73538913848975,40.56886357314186,33.35156485472646,15.83347443465211,3074.266,5.464433733305601,1.4,125,33,-0.015757619897663888,0,0.003913252360226815
B0005,93,324,24.0,1.5323755631868592,76.61877815934297,4.198353213898968,3.5359247595765018,2.6983970036642315,3.515137522009075,0.22724285807568523,1.8034084947236912,24.501974007826995,40.27804845768325,33.147486361012966,15.776074449856253,3066.0,5.408053847919241,1.4,125,32,-0.01571596158991939,0,0.001945647580496246
B0005,94,328,24.0,1.5269528268489705,76.34764134244853,4.197873789078739,3.5293508069521953,2.6338485871981514,3.50830390643132,0.2331667808997218,1.8027403040636887,24.266143541114122,40.2921849196155,33.007275861749356,16.02604137850138,3056.437,5.379735580805939,1.4,125,31,-0.005422736337888701,0,0.0018933665999967264
B0005,95,332,24.0,1.5169573017136326,75.84786508568163,4.197955644238241,3.5418570338179896,2.671566207861818,3.509190808443004,0.22983512055913674,1.7959087273263283,24.1488106351578,40.184384347174266,32.91990812745461,16.035573712016465,3048.219,5.343712443595246,1.4,125,30,-0.009995525135337857,0,-0.017772319483405276
B0005,96,336,24.0,1.5118975960142693,75.59487980071347,4.197918434710392,3.540101144510816,2.6540810507928123,3.5068097579555353,0.23170359937392337,1.795435245909757,24.208608644018938,40.320066232195046,32.99903328622305,16.11145758817611,3039.218,5.322789812727109,1.4,125,29,-0.005059705699363315,0,-0.010390309732034631
B0005,97,340,24.0,1.5065638960681105,75.32819480340552,4.197739340034368,3.5453082349601677,2.656849703962618,3.50609090727422,0.23141529776276365,1.7893867442508242,24.228213693022468,40.336505612651585,33.03772281691292,16.108291919629117,3039.047,5.3022549626548106,1.4,125,28,-0.005333699946158843,0,-0.008305525741733622
B0005,98,344,24.0,1.5015453526671363,75.07726763335681,4.19785490446139,3.543070358154518,2.6363048614501152,3.5037157727265953,0.23345025331554517,1.7884515415769178,24.259335333982396,40.43267631588412,33.07740307192613,16.173340981901728,3030.375,5.281445667710866,1.4,125,27,-0.005018543400974185,0,-0.00616604210394458
B0005,99,348,24.0,1.4908444050400238,74.54222025200119,4.197306756122815,3.5580353781991203,2.69951692300468,3.5067479961367156,0.22782166398290293,1.7816042586946859,24.228985806758885,40.314538591575015,33.05467981523988,16.08555278481613,3021.0,5.24532040443018,1.4,125,26,-0.01070094762711249,0,-0.007221684361789338
B0005,100,352,24.0,1.485868384561201,74.29341922806006,4.197528212001444,3.5619975525663654,2.698216006032282,3.5058813026542324,0.22798452244418208,1.7753188621341638,24.27409668200787,40.386661855917744,33.11570360624461,16.112565173909875,3021.75,5.226254316365284,1.4,125,25,-0.004976020478822729,0,-0.0062177834304863126
B0005,101,356,24.0,1.480413677976106,74.02068389880529,4.19743662221161,3.5617346249744624,2.6911707598773864,3.504168333530808,0.22887754440273086,1.774316365086602,24.263811999299513,40.43384612547835,33.12942148982364,16.170034126178834,3012.265,5.204421249927886,1.4,125,24,-0.00545470658509517,0,-0.006296783607632683
B0005,102,360,24.0,1.4752095869031632,73.76047934515816,4.197717228550219,3.5627431724748324,2.690162319231471,3.5030568931470634,0.22926505227297364,1.7739323101229758,24.253757559853845,40.44479269068758,33.130681310493344,16.191035130833733,3002.641,5.184214862199954,1.4,125,23,-0.005204091072942729,0,-0.00627086183298946
B0005,103,364,24.0,1.4859035988304024,74.29517994152012,4.192454851360723,3.544836812063795,2.6355034454892072,3.4982324882487936,0.23319573629206394,1.7809908306486102,24.344257833007873,40.58499656066617,33.20069210329718,16.240738727658297,3012.0,5.217622076722036,1.4,125,22,0.010694011927239178,1,-0.003128350767346788
B0005,104,367,24.0,1.4960918298136696,74.80459149068348,4.202845001527377,3.5358343175174807,2.6594753656507684,3.5065859365661325,0.2327793636251861,1.7879638259714314,25.05822714016358,40.99869158762305,33.78697527817091,15.940464447459469,3020.11,5.268265429268696,1.4,125,21,0.010188230983267266,1,0.001049484954729163
B0005,105,371,24.0,1.4808005946928984,74.04002973464492,4.197952808231904,3.544628258601667,2.644554999824577,3.501457140697961,0.2335250205477887,1.780299388544082,24.85067433400367,40.997807625227495,33.673365085761986,16.147133291223824,3002.172000000006,5.205237376265943,1.4,125,20,-0.01529123512077124,0,-0.0010135579736605393
B0005,106,375,24.0,1.4697543268466824,73.48771634233412,4.198017952345714,3.556359815036754,2.6719601666204564,3.501658387162809,0.23109365437747822,1.7731170790561723,24.688453043463287,40.84213757482493,33.535818118317145,16.153684531361645,2992.703,5.164275378558235,1.4,125,19,-0.011046267846215985,0,-0.002131870225884702
B0005,107,379,24.0,1.4539012274845928,72.69506137422964,4.192162800008929,3.5574151609154883,2.6598211033173382,3.4966186408455298,0.23123114842947284,1.7707046619097417,24.444236533813477,40.69012464267011,33.32269982188509,16.245888108856636,2964.468,5.10074321994847,1.4,125,18,-0.015853099362089562,0,-0.004261671883714069
B0005,108,383,24.0,1.4541462067235693,72.70731033617847,4.196993378341778,3.570394142327151,2.688360455508818,3.4991645719433246,0.22947771879895953,1.7601011563823776,24.382815275144992,40.69938049882204,33.346230327490304,16.316565223677046,2983.375,5.103266358770504,1.4,125,17,0.00024497923897648377,0,-0.006351478421366607
B0005,109,387,24.0,1.455023751906683,72.75118759533416,4.197603515102162,3.5576975634324772,2.6376728619288525,3.496080777360074,0.23426793601664392,1.7656363959382297,24.71534698579929,41.06026204078849,33.64948900485925,16.344915054989198,2975.297,5.104470685434933,1.4,125,16,0.0008775451831137815,0,-0.008213615581397304
B0005,110,391,24.0,1.449042163761236,72.4521081880618,4.196406678544622,3.5621145720736376,2.645120521151077,3.4959014526387993,0.23343364754226326,1.758865606625853,24.851431185422516,41.19696040482682,33.79269513542102,16.345529219404302,2974.9850000000006,5.082670664301841,1.4,125,15,-0.0059815881454470254,0,-0.006351686186332461
B0005,111,395,24.0,1.4386709371480566,71.93354685740283,4.197098662004674,3.576830514745812,2.698012437629632,3.49758697990267,0.229142139192038,1.7517161303689361,24.593120256300985,40.84446688602949,33.52446663707275,16.251346629728502,2966.25,5.04523279959342,1.4,125,14,-0.010371226613179463,0,-0.006216677939725157
B0005,112,399,24.0,1.433445432156979,71.67227160784894,4.196909312093871,3.5772132537111867,2.6928942772989077,3.4956989619989507,0.2296125408087406,1.751329545286535,24.385017614303333,40.764203830749366,33.39042251934235,16.379186216446033,2956.359,5.023804004912511,1.4,125,13,-0.005225504991077656,0,-0.004091159065522776
B0005,113,403,24.0,1.4333958900838095,71.66979450419048,4.197105220217278,3.569684885614067,2.6483923655058113,3.492875380810072,0.2334116463244922,1.7512146419396462,24.645152954522295,41.11212504270441,33.67370212742761,16.466972088182118,2956.344,5.02144565611644,1.4,125,12,-4.954207316942849e-05,0,-0.004150063327951958
B0005,114,407,24.0,1.42806487344776,71.403243672388,4.196244829545076,3.5763051299071056,2.6832134764261997,3.49551076423368,0.23026320374609258,1.7446714395475946,24.932873139487384,41.27256611507568,33.91080564765892,16.3396929755883,2956.406,5.005302837423021,1.4,125,11,-0.005331016636049624,0,-0.00539177569178464
B0005,115,411,24.0,1.4229203181741186,71.14601590870593,4.1968026018066595,3.5780032001762248,2.684960445221862,3.4942333590450834,0.23051595773401903,1.7436703980732875,24.804993137086292,41.15574924454392,33.7850680599871,16.350756107457627,2947.266,4.984921553651983,1.4,125,10,-0.005144555273641327,0,-0.005224369117423499
B0005,116,415,24.0,1.417429032731308,70.8714516365654,4.196227405416926,3.5782529159417336,2.669922120529456,3.491197414255986,0.23192515902293845,1.742586639640644,24.578577776974136,41.03237216951879,33.61126807392732,16.45379439254465,2937.984,4.960907056314797,1.4,125,9,-0.005491285442810634,0,-0.004248380883349734
B0005,117,419,24.0,1.412409228794446,70.6204614397223,4.196558172556389,3.57952648091485,2.664105530655056,3.4889094081576237,0.23255290311170276,1.7420413740670528,24.357810301716302,40.937269906716935,33.45598581472246,16.579459605000633,2929.125,4.9397663764946245,1.4,125,8,-0.005019803936861855,0,-0.004207240672506574
B0005,118,423,24.0,1.412578792940193,70.62893964700964,4.196870541112335,3.5733090987103386,2.634098605983684,3.487376295811431,0.23502132753203192,1.742181032221019,24.616751003686066,41.240704611971786,33.723267448788484,16.62395360828572,2928.454,4.939588757711991,1.4,125,7,0.00016956414574686995,0,-0.004163419428723314
B0005,119,427,24.0,1.4075983731469897,70.37991865734948,4.196795527524874,3.5808535254697578,2.68378702970616,3.491994243745711,0.23071791602007982,1.7358994681512463,25.029278052079956,41.43649987692296,34.050076369857344,16.407221824843003,2929.375,4.927526316326989,1.4,125,6,-0.0049804197932032945,0,-0.004093300060154048
B0005,120,431,24.0,1.4333920485221476,71.66960242610739,4.189287343772767,3.5558917253318874,2.660031949282934,3.491585878898649,0.2314340526179757,1.7568416780989415,25.159494190646395,41.16703904201915,33.889346908026745,16.007544851372753,2946.031,5.0220914614444885,1.4,125,5,0.025793675375157976,1,0.0020943460696058124
B0005,121,433,24.0,1.4382550176792908,71.91275088396453,4.201144545237731,3.551885409283692,2.650011641082063,3.495576227046425,0.23397367076765024,1.7573416780114148,25.21215090210571,41.36216559728765,34.067648550088656,16.15001469518194,2955.438,5.046349223778607,1.4,125,4,0.004862969157143127,0,0.004165196989596565
B0005,122,437,24.0,1.4173547174485526,70.86773587242763,4.196925753814179,3.5736151200402326,2.6936969083341418,3.4938988589692483,0.22954405726334065,1.7428335857439643,24.852009021918743,41.02198772703674,33.75168100943646,16.169978705117995,2937.625,4.965911562249644,1.4,125,3,-0.02090030023073819,0,0.0009890977308212978
B0005,123,441,24.0,1.406981663677643,70.34908318388216,4.196901090271507,3.582249809980573,2.697073130067154,3.49159162968384,0.22932881459420568,1.7353504197544476,24.475953784901723,40.78818812957494,33.46482299584788,16.312234344673218,2929.078,4.92402835807867,1.4,125,2,-0.010373053770909468,0,-0.0011194258525099698
B0005,124,445,24.0,1.4012037783587625,70.06018891793812,4.196688955833435,3.5821071034262646,2.6806995515145213,3.4885729299834787,0.23087953878001954,1.7344921598262548,24.345219404030782,40.81506138506309,33.40210697922146,16.469841981032307,2918.375,4.89926583541915,1.4,125,1,-0.005777885318880571,0,-0.0012789189576454252
B0005,125,449,24.0,1.3967008232726328,69.83504116363164,4.196339302740304,3.5845442528815368,2.6695398084864568,3.4869021151089825,0.23172009682163183,1.7281729028527344,24.326630542911904,40.858374219876424,33.410688917712235,16.53174367696452,2919.812,4.880795759144988,1.4,125,0,-0.004502955086129745,0,-0.007338245049902969
B0005,126,453,24.0,1.391284788852726,69.5642394426363,4.196181412764837,3.582997063524048,2.671695307817951,3.4855485210036417,0.2320368945792356,1.7327380581794602,24.280281649900346,40.839876773287166,33.38984948261314,16.55959512338682,2900.422,4.859842275843864,1.4,125,0,-0.00541603441990679,0,-0.009394045765312952
B0005,127,457,24.0,1.3862287677978349,69.31143838989175,4.195770804194879,3.585576080990165,2.661289185949965,3.4838912547260388,0.23259470683920805,1.7261256572869232,24.239023397259928,40.85376069244676,33.3700433438796,16.614737295186835,2901.375,4.839005937424471,1.4,125,0,-0.005056021054891113,0,-0.006225189930143538
B0005,128,461,24.0,1.3804366761974138,69.02183380987069,4.195456241846729,3.5910908384825198,2.667817533540102,3.483198941484065,0.2320093486771037,1.7195921297098775,24.12349712975845,40.74795214258888,33.27215987470977,16.624455012830428,2901.187,4.816395070393216,1.4,125,0,-0.005792091600421045,0,-0.005308997496045853
B0005,129,465,24.0,1.3752364150256224,68.76182075128112,4.19654355365607,3.594060583971402,2.684008069130594,3.4836274447098883,0.23099757689946665,1.7186729733031645,24.053006415445992,40.68794001196382,33.222444215660225,16.634933596517826,2891.64,4.797910909259677,1.4,125,0,-0.005200261171791398,0,-0.005193472666628019
B0005,130,469,24.0,1.3705128024895008,68.52564012447505,4.194357133255019,3.5911079597852744,2.6585256208771644,3.480172442538601,0.2328888860424913,1.7177612585976265,24.06286320276633,40.7810749453613,33.26207748383125,16.718211742594967,2882.906,4.777249741229466,1.4,125,0,-0.004723612536121635,0,-0.005237604156626397
B0005,131,473,24.0,1.3705085566270399,68.52542783135199,4.195863681881766,3.5888120102866528,2.6372250579822927,3.478452148610975,0.2349115652478485,1.7177329322613766,24.086387020526896,40.88159339768709,33.312029905516525,16.795206377160195,2883.265,4.775272397477444,1.4,125,0,-4.245862460949823e-06,0,-0.004155246445137229
B0005,132,477,24.0,1.3647355108681518,68.23677554340759,4.1955845546644195,3.5942147923006207,2.6514257735606432,3.4785782556105507,0.23371613114596132,1.7110353118434487,24.009281472194747,40.81191473576834,33.25287943255863,16.802633263573593,2882.969,4.753877212610102,1.4,125,0,-0.00577304575888804,0,-0.004298651385936614
B0005,133,481,24.0,1.375392016895762,68.7696008447881,4.186574613062876,3.5833415219285625,2.676384659108382,3.4825195584604582,0.22996700565473227,1.7185210755483786,24.719545529723796,41.11793533148924,33.745054045019884,16.398389801765447,2891.656,4.79961220207709,1.4,125,0,0.010656506027610257,1,-0.0010089318603303532
B0005,134,483,24.0,1.3861115151535393,69.30557575767696,4.200346502821317,3.5804307189370586,2.6949138502817815,3.4886823636752826,0.2305166507714859,1.726125961990839,24.843079939814473,41.248795355864885,33.88841975386692,16.405715416050413,2901.25,4.846826814816758,1.4,125,0,0.010719498257777182,1,0.002175020025583363
B0005,135,485,24.0,1.3698500035838939,68.49250017919469,4.1981749992980655,3.592441816132449,2.6973343716306273,3.4858502383832755,0.229689874761782,1.7120885729908761,24.581003847390768,41.16242984455477,33.7353756996425,16.581425997164004,2891.703,4.782827602953771,1.4,125,0,-0.016261511569645393,0,-0.00013255978112138855
B0005,136,489,24.0,1.3647827949260758,68.23913974630379,4.195715092938243,3.589331565362288,2.642540259937964,3.478794177297151,0.23415766646771544,1.71106364626804,24.340286688400784,41.16437554618679,33.59131052719714,16.824088857786005,2883.016,4.755795379810914,1.4,125,0,-0.0050672086578180675,0,-0.001145152340192812
B0005,137,493,24.0,1.3543220466259964,67.71610233129982,4.195755769877104,3.6022883230364853,2.699226257883075,3.4812826020756744,0.2296261723890385,1.7035375089466078,24.03013803682012,40.864216180205034,33.32366688599416,16.834078143384914,2873.453,4.719067232143142,1.4,125,0,-0.01046074830007937,0,-0.002082692848431078
B0005,138,497,24.0,1.3546417018378962,67.73208509189482,4.195911764444989,3.59702121364665,2.676480329780849,3.480352041587074,0.23135076723711012,1.7036071702962703,24.401718287950963,41.25434553511566,33.691961507697364,16.852627247164698,2874.031,4.720665458231768,1.4,125,0,0.0003196552118998053,0,-0.0041500630115731685
B0005,139,501,24.0,1.3547039213192407,67.73519606596203,4.195824004004723,3.592312208409236,2.642142168479886,3.4781127815565127,0.23421513644395944,1.7035685717882711,24.647812199908287,41.45023191903855,33.887639684793655,16.802419719130263,2874.234,4.719115955034918,1.4,125,0,6.221948134443878e-05,0,-0.006281518766859717
B0005,140,505,24.0,1.349314997503458,67.4657498751729,4.196258226051591,3.5955001194302834,2.644725254926797,3.4765867130506125,0.23433904836584496,1.702464907947373,24.40715882292003,41.27708509224051,33.67308060941856,16.86992626932048,2864.984,4.696913397382726,1.4,125,0,-0.005388923815782709,0,-0.00410700121608718
B0005,141,509,24.0,1.3441891937970554,67.20945968985276,4.196612664794988,3.5968234611620575,2.632270655366611,3.4733769291841643,0.23574646332423185,1.7015205789200152,24.071743981632668,41.064605154983276,33.411988203265814,16.992861173350608,2855.093,4.673992832132636,1.4,125,0,-0.005125803706402587,0,-0.004118720225804085
B0005,142,513,24.0,1.3389913790695755,66.94956895347877,4.195850781215982,3.6018356753071044,2.6391006118876117,3.4726366397371127,0.23483898171754727,1.6950971191972488,23.873389284419225,40.99284868101728,33.29926524979532,17.119459396598053,2855.625,4.65322664909048,1.4,125,0,-0.005197814727479821,0,-0.0030661335112841747
B0005,143,517,24.0,1.3389145230206971,66.94572615103486,4.1960023929619235,3.5993448137966926,2.637841830893275,3.473439372740961,0.23479831383576488,1.6951381657999567,24.1748787384492,41.29040553417739,33.59980731390034,17.11552679572819,2855.594,4.654886762982606,1.4,125,0,-7.685604887841535e-05,0,-0.003145435763439819
B0005,144,521,24.0,1.3340066759761655,66.70033379880827,4.196207586734141,3.6035790390364575,2.668286095904868,3.4754777099091454,0.23268564565922872,1.6938434166682605,24.28632352426044,41.22740227746052,33.61961195858585,16.94107875320008,2847.437,4.639183381608167,1.4,125,0,-0.004907847044531621,0,-0.004139449068615031
B0005,145,525,24.0,1.3286444309174914,66.43222154587457,4.195534582569042,3.605860961214576,2.6490198126838553,3.4722884821666766,0.23410417256729069,1.6870685008325677,24.01310273031714,41.04619550953222,33.3945201718652,17.033092779215078,2847.36,4.615293273324765,1.4,125,0,-0.005362245058674109,0,-0.004134113317193311
B0005,146,529,24.0,1.3231708992276219,66.1585449613811,4.1957439573980455,3.6105078495292338,2.664058512378051,3.471373665098864,0.23334669694409094,1.686176897624517,23.715060546682704,40.85874389007758,33.16734508187535,17.143683343394873,2837.328,4.593397922635683,1.4,125,0,-0.005473531689869526,0,-0.004203658913886699
B0005,147,533,24.0,1.3181691588445197,65.90845794222598,4.19586805747139,3.6162629075139603,2.6883611693898826,3.4726160162875095,0.2313300011614801,1.679631387412014,23.57702261502623,40.79196924883506,33.10962161613893,17.21494663380883,2837.281,4.575873731653439,1.4,125,0,-0.005001740383102193,0,-0.004164444045011173
B0005,148,537,24.0,1.3184664436640334,65.92332218320168,4.195347750909715,3.613479485589363,2.6869753836302124,3.4738146874457896,0.23107179563833466,1.6799130549815409,23.959878308016872,41.14127834456325,33.46501751186519,17.181400036546375,2838.515,4.5796484992476945,1.4,125,0,0.0002972848195137434,0,-0.004089615871332742
B0005,149,541,24.0,1.318293040102702,65.9146520051351,4.196065828878837,3.607069040532739,2.6507536817766586,3.4701426486639693,0.23433499047226858,1.6852915714728478,23.967802824849826,41.14429319149828,33.4426191014044,17.17649036664845,2828.328,4.575742383103893,1.4,125,0,-0.0001734035613314422,0,-0.0031427271746927053
B0005,150,545,24.0,1.323872422244268,66.19362111221339,4.184534803011309,3.602312680677842,2.6646322789106516,3.467523652225441,0.22993104314578544,1.6864392611782657,23.59435393515375,40.66184230912503,33.037928170775885,17.067488373971276,2838.265,4.591918126979543,1.4,125,0,0.005579382141565947,1,-0.0009544017346446943
B0005,151,548,24.0,1.3601216766554785,68.00608383277392,4.201240476440081,3.5779277610645233,2.6400211837268666,3.4767525840839255,0.23540364113204323,1.7159024738365054,24.237681569505874,41.046694544970684,33.4949493613756,16.80901297546481,2864.547,4.7386159499431155,1.4,125,0,0.03624925441121052,1,0.007390155485571315
B0005,152,552,24.0,1.3395306867947354,66.97653433973677,4.195703567262997,3.593974644865168,2.674198661305034,3.4758956827369127,0.23141450235644928,1.7008216421492013,24.167374158398008,41.0462053156659,33.491363029025784,16.878831157267893,2846.39,4.661445466006963,1.4,125,0,-0.020590989860743036,0,0.004272305590043146
B0005,153,556,24.0,1.3290286565120697,66.45143282560349,4.195744519551191,3.6042747402181803,2.696427051131168,3.475812179626641,0.22982866330880042,1.692959623824647,23.987394863111092,40.868302643225604,33.329808599922345,16.880907780114512,2837.969,4.621676220581529,1.4,125,0,-0.01050203028266572,0,0.0021124425696072537
B0005,154,560,24.0,1.3236741274998955,66.18370637499478,4.196363050482315,3.608769672096698,2.6928340297696836,3.4746554404904435,0.23034104902999514,1.6862374025220268,23.876504321833462,40.85283588259973,33.27302769298771,16.976331560766265,2838.156,4.60009947781392,1.4,125,0,-0.005354529012174147,0,0.0010762174794387124
B0005,155,564,24.0,1.318633896753293,65.93169483766465,4.1957929878569455,3.6093877067067006,2.681747855329962,3.472301781313945,0.23135728351469487,1.685131143949628,23.800482246729,40.85270645265791,33.229879126701434,17.052224205928912,2829.843,4.578908952211672,1.4,125,0,-0.0050402307466026475,0,-0.0010477050981950065
B0005,156,568,24.0,1.3134751321324272,65.67375660662135,4.195797286482793,3.614933900308572,2.696791414385091,3.4729305773503527,0.23009227143713637,1.678558960713055,23.75244046991811,40.8263251809212,33.20860833999321,17.073884711003092,2829.625,4.5601627455345985,1.4,125,0,-0.00515876462086573,0,-0.009329308904610256
B0005,157,572,24.0,1.3132020634442203,65.66010317221101,4.196349384378125,3.6090232254797843,2.664695973142795,3.4696192030612285,0.23314646442584394,1.6840474088907802,23.770683336009036,40.90308836809665,33.236115055926255,17.13240503208761,2819.437,4.556156460489332,1.4,125,0,-0.0002730686882068678,0,-0.005265724670103023
B0005,158,576,24.0,1.3077959946944353,65.38979973472176,4.195609431921248,3.6143313479608823,2.679191623358613,3.470018470757559,0.2319010543734744,1.677449503040883,23.69874029857621,40.84337405460518,33.18660088296571,17.144633756028966,2819.579,4.536387367994077,1.4,125,0,-0.005406068749784998,0,-0.004246532363526878
B0005,159,580,24.0,1.3030329186405918,65.1516459320296,4.195339917236225,3.61782445722146,2.699983457940659,3.470762691935287,0.23041567165870697,1.6764769465467926,23.681325932299053,40.81792110626284,33.174058099115534,17.136595173963784,2810.672,4.519646105396642,1.4,125,0,-0.004763076053843518,0,-0.004128241771860752
B0005,160,584,24.0,1.3033573559038205,65.16786779519103,4.1954020570061195,3.6130872104738954,2.666300786624286,3.468111467035994,0.232919708838876,1.6763557084011527,23.75348711820252,40.946993847659506,33.253984518546055,17.193506729456985,2811.485,4.518332917383193,1.4,125,0,0.00032443726322872735,0,-0.0030553081698944775
B0005,161,588,24.0,1.3034100438655642,65.17050219327821,4.195685302232799,3.6070395495118257,2.6308501373847837,3.4648625780221494,0.2358919511891503,1.681903812546276,23.791068115787706,41.074938058306316,33.3198093248819,17.28386994251861,2802.422,4.515710618127537,1.4,125,0,5.268796174373591e-05,0,-0.002013017653372584
B0005,162,592,24.0,1.2978870806495706,64.89435403247853,4.195561297751176,3.61490941179153,2.673348140468748,3.467864133752208,0.23263190858264068,1.6751538331374711,23.837597031961703,41.02476444658572,33.33765795318198,17.187167414624017,2801.625,4.498416000540264,1.4,125,0,-0.005522963215993659,0,-0.0030629965589299424
B0005,163,596,24.0,1.2980735056918902,64.90367528459451,4.196066962029683,3.6109037542764746,2.632763831012711,3.464021404592563,0.2358468286065869,1.6753870332687708,23.75127102411842,41.06214198725253,33.29076744042025,17.31087096313411,2802.031,4.495092195696156,1.4,125,0,0.00018642504231958235,0,-0.0019444978005090264
B0005,164,600,24.0,1.293463613844243,64.67318069221216,4.196640912532072,3.6155605018867534,2.6687371180046218,3.4664623858156745,0.23332688158658493,1.6745175551626736,23.741424141669572,40.98366325567302,33.27568841807217,17.24223911400345,2793.39,4.480587160854472,1.4,125,0,-0.004609891847647152,0,-0.0019138609592697531
B0005,165,604,24.0,1.288003392619118,64.4001696309559,4.1956235749123225,3.621191032853697,2.696396337945361,3.46850906693551,0.2310130188837717,1.6675147261111667,23.80397851847974,40.98234242711097,33.32067807371405,17.17836390863123,2793.39,4.462561539360953,1.4,125,0,-0.005460221225125128,0,-0.0030707926569405243
B0005,166,608,24.0,1.2874525221379407,64.37262610689703,4.195862008850563,3.6191851049064034,2.6794834862925194,3.466806213058136,0.2324429767597101,1.6675463612314736,23.849121770252687,41.06375085817118,33.37314972896719,17.214629087918496,2792.485,4.458954972949582,1.4,125,0,-0.0005508704811771903,0,-0.0031915043455247095
B0005,167,612,24.0,1.3090153642307354,65.45076821153677,4.18482689434833,3.5953649734437896,2.6787137407179737,3.471070722008039,0.2297938191642851,1.6889369086237116,24.93410482186201,41.047029587744966,33.71351889594897,16.112924765882955,2802.016,4.547121975075507,1.4,125,0,0.021562842092794687,1,0.00222565671623296
B0005,168,614,24.0,1.3250793286429356,66.25396643214678,4.201968615940368,3.5899373887616655,2.655378369801326,3.475472204020004,0.23559285682799622,1.6980469256755544,25.09329713312876,41.051007697556734,33.86531768239223,15.957710564427973,2820.39,4.6112125267366455,1.4,125,0,0.01606396441220026,1,0.005401164590209095
B0006,1,2,24.0,2.035337591005598,101.7668795502799,4.179799607333447,2.4757677568281857,2.4757677568281857,3.556946061827572,0.2260193210975841,1.9905377543149845,24.277567510331888,39.16298653238707,32.142777859921516,14.885419022055185,3690.234,7.259532673353608,1.4,109,108,0.0,0,-0.0042877030024866866
B0006,2,4,24.0,2.0251402460314116,101.25701230157058,4.177288238505559,2.35152551190002,2.35152551190002,3.56147580138708,0.23141504289722925,1.990277542145709,24.648610618159957,39.2462026826329,32.29307515705474,14.597592064472941,3672.344,7.233468610780376,1.4,109,107,-0.01019734497418634,0,-0.0042877030024866866
B0006,3,6,24.0,2.013326371345464,100.6663185672732,4.177795470598289,2.4404797151065436,2.4404797151065436,3.5667524696413215,0.22354896090021636,1.9899467848963859,24.704057719023776,38.999202460252846,32.24414709253608,14.29514474122907,3651.641,7.2024172506399236,1.4,109,106,-0.011813874685947745,0,-0.0042877030024866866
B0006,4,8,24.0,2.0132846655407413,100.66423327703706,4.178370492084649,2.4791558539003917,2.4791558539003917,3.5687953371516272,0.22097908742082084,1.9896029706719567,24.650503100456078,38.843627771866515,32.14711742429942,14.193124671410438,3631.563,7.165866619640587,1.4,109,105,-4.170580472262486e-05,0,-0.0042877030024866866
B0006,5,10,24.0,2.000528337624771,100.02641688123855,4.178015652407259,2.280187848173442,2.280187848173442,3.563970503289941,0.23503509475204634,1.9895483606575701,24.634206199911688,38.97798888258284,32.06687277315468,14.343782682671154,3629.172,7.151825619514958,1.4,109,104,-0.012756327915970367,0,-0.0042877030024866866
B0006,6,12,24.0,2.0138990759931645,100.69495379965822,4.193216523251186,2.4392842568466446,2.4392842568466446,3.5735512387791406,0.22547907676393128,1.9901040351037365,24.343399604359956,38.83989920742278,32.03447836207717,14.496499603062826,3652.281,7.217636568934659,1.4,109,103,0.013370738368393642,1,-0.0042877030024866866
B0006,7,14,24.0,2.013101105626967,100.65505528134835,4.193679289189224,2.2812068449406446,2.2812068449406446,3.5711391343785897,0.2359700655161548,1.9900886222380372,24.430946389444678,39.04610837498471,32.11157496697372,14.615161985540034,3650.828,7.210316640128026,1.4,109,102,-0.0007979703661975535,0,-0.0024078280808889295
B0006,8,16,24.0,1.9687898262728398,98.439491313642,4.176826628115461,2.366410527029613,2.366410527029613,3.5681507462163036,0.22690300607421549,1.9891170520197212,24.650435471431692,38.87507521022778,32.112576242471775,14.224639738796085,3572.453,7.047530492990164,1.4,109,101,-0.04431127935412715,0,-0.00890730901452481
B0006,9,18,24.0,1.9681661764334244,98.40830882167123,4.1761685240208415,2.436020049578708,2.436020049578708,3.5692834155812436,0.2225588245195615,1.9892116643905464,24.564976908542672,38.7260539826455,32.03566207329278,14.161077074102831,3550.594,7.006928974989669,1.4,109,100,-0.00062364983941543,0,-0.009023697821463372
B0006,10,20,24.0,1.9572307917560536,97.86153958780268,4.176897989902666,2.1864377487643725,2.1864377487643725,3.563388513484579,0.24025262256048352,1.9891927045376199,24.525434246680597,38.98629728904917,31.99527968872302,14.460863042368572,3551.25,6.997027828770137,1.4,109,99,-0.010935384677370763,0,-0.008659509173743451
B0006,11,22,24.0,1.9455991514129352,97.27995757064676,4.177579509962451,2.3406023605912454,2.3406023605912454,3.566658719765511,0.2287529216435241,1.9891317699701738,24.412047639109403,38.65978861919643,31.874127571841353,14.24774098008703,3530.25,6.962031846687854,1.4,109,98,-0.011631640343118477,0,-0.013659984916045875
B0006,12,25,24.0,1.9347505044841131,96.73752522420565,4.177870678295105,2.4263021374140443,2.4263021374140443,3.5687035970122842,0.2245021597962224,1.9887805507702212,24.666067568688486,38.84979195732924,32.120959708576166,14.183724388640751,3491.016,6.887138702095809,1.4,109,97,-0.010848646928822037,0,-0.015670120228570773
B0006,13,27,24.0,1.9232799539368028,96.16399769684014,4.176124493186459,2.4753697700007034,2.4753697700007034,3.569207084156356,0.22161053340015757,1.9887320866401275,24.83330258423449,38.75128344015104,32.11021168908644,13.91798085591655,3470.281,6.847354848477563,1.4,109,96,-0.011470550547310276,0,-0.009101974467207397
B0006,14,29,24.0,1.911889930948487,95.59449654742434,4.177784195345462,2.342364523655007,2.342364523655007,3.5659271296109383,0.22991046226842987,1.9887200290368634,24.630650095086025,38.76853764058789,31.989061278918154,14.137887545501862,3470.0,6.840713677434523,1.4,109,95,-0.011390022988315929,0,-0.011255249096987496
B0006,15,31,24.0,1.9010667141979305,95.05333570989653,4.1770625256786165,2.188400081882664,2.188400081882664,3.5612417270649486,0.24035876978340462,1.9887874042287874,24.46191563928022,38.84686112344348,31.878814448635442,14.38494548416326,3450.297,6.793793461606306,1.4,109,94,-0.01082321675055642,0,-0.011232815511624628
B0006,16,33,24.0,1.8891989948061458,94.4599497403073,4.175489274573356,2.1206980945954057,2.1206980945954057,3.557881987836072,0.24452370921534203,1.9885910895930397,24.268721113141215,38.865889781652804,31.767450711024402,14.59716866851159,3429.407,6.7456949265554975,1.4,109,93,-0.011867719391784659,0,-0.011280031321357863
B0006,17,35,24.0,1.878278372248849,93.91391861244244,4.177366324712495,2.369981457799298,2.369981457799298,3.56282437243777,0.22899254958827592,1.9884996811951434,24.35471815166853,38.647578733807656,31.78991634963658,14.292860582139127,3409.484,6.715428290172565,1.4,109,92,-0.010920622557296866,0,-0.01129442644705283
B0006,18,37,24.0,1.8675697161520206,93.37848580760102,4.176354539745044,2.247991649924625,2.247991649924625,3.5591953280168633,0.2362539061879907,1.9883511225658228,24.38425903160567,38.79218188173866,31.82883467218067,14.407922850132987,3390.422,6.671003147341871,1.4,109,91,-0.010708656096828362,0,-0.011142047556956447
B0006,19,39,24.0,1.8675892574453767,93.37946287226883,4.177126477703333,2.8844463698113665,2.4115317107898875,3.5580906165580983,0.23248821605250242,1.9774549866256104,24.4658726504316,38.77022223929529,31.890449470827843,14.304349588863694,3390.281,6.649157909557736,1.4,109,90,1.9541293356128975e-05,0,-0.008860134700622035
B0006,20,42,24.0,1.979626548250818,98.98132741254089,4.174584178175673,2.2033558468593775,2.2033558468593775,3.565899462157853,0.23666435566343638,1.9892449305971969,24.511611712923585,37.54320599748628,31.51177053595285,13.031594284562697,3591.734,7.081678004979797,1.4,109,89,0.11203729080544123,1,0.015711966810577495
B0006,21,46,24.0,1.9575499080884022,97.87749540442012,4.175224020262452,2.35887751155593,2.35887751155593,3.570814209348872,0.22578171830729027,1.9890474874073771,24.910587532936997,37.90362577530197,31.874488497680712,12.993038242364971,3552.297,7.012938248506369,1.4,109,88,-0.022076640162415728,0,0.01367018265645128
B0006,22,50,24.0,1.9458150170787551,97.29075085393775,4.177217300859919,2.218672914041916,2.218672914041916,3.5666817833633124,0.23460941833641036,1.988682950523383,24.570068054017018,37.6701605139887,31.53911453638972,13.10009245997168,3531.578,6.963524813088768,1.4,109,87,-0.011734891009647086,0,0.013507328965981235
B0006,23,54,24.0,1.9242461121680094,96.21230560840047,4.176514514202052,2.339723057947995,2.339723057947995,3.5668392745025836,0.2275721037589103,1.9885503931265138,24.22557390540734,37.34166959188387,31.220866832188786,13.11609568647653,3492.907,6.886787836432937,1.4,109,86,-0.0215689049107457,0,0.011335279203197768
B0006,24,58,24.0,1.9459811331421641,97.29905665710821,4.190007215931237,2.3997508208942735,2.3997508208942735,3.571051969392875,0.22747354651355792,1.9885639445355097,24.03914598854637,37.28979017254232,31.119005145018026,13.250644183995949,3511.594,6.931312025188277,1.4,109,85,0.021735020974154695,1,0.015678375139357482
B0006,25,62,24.0,1.901407930553079,95.07039652765395,4.176973413125379,2.491410879472442,2.491410879472442,3.5666308474029793,0.22068728350290212,1.9880563928902786,24.015743593007034,37.16794481484507,31.033244078156734,13.152201221838038,3431.9370000000054,6.764569545110991,1.4,109,84,-0.04457320258908504,0,-0.015643723539547773
B0006,26,66,24.0,1.878674213680085,93.93371068400424,4.1734521552365464,2.7669269890921613,2.1387303309558976,3.5527392240854914,0.24761140866112302,1.9772969675547487,23.903813428150546,37.51577848501052,31.001249222460967,13.611965056859976,3431.125,6.718419901668035,1.4,109,83,-0.022733716872994192,0,-0.015775138881663466
B0006,27,70,24.0,1.8683061328264219,93.4153066413211,4.176098578619343,2.8356128467177313,2.346064498302046,3.5560959755046615,0.23504747924467745,1.9771693646864965,23.81688709830912,37.24165964092258,30.921434744041356,13.424772542613457,3412.406,6.688005446379005,1.4,109,82,-0.010368080853663031,0,-0.015501776850466654
B0006,28,74,24.0,1.8560244070082998,92.801220350415,4.17626102066065,2.9283946351511094,2.327337743316428,3.5504500858303394,0.24060676598781225,1.9660409689641987,23.762584263292904,37.27233216178077,30.929360248207214,13.509747898487863,3410.688,6.640085200741396,1.4,109,81,-0.012281725818122036,0,-0.01364434103194192
B0006,29,78,24.0,1.8451997961855777,92.25998980927889,4.172854589872979,3.077114957598757,2.4863117233366316,3.546007083640312,0.23544926884929754,1.9446151093535715,23.77792764216909,37.207134503019795,31.00810965793079,13.429206860850705,3410.718,6.563769597032893,1.4,109,80,-0.010824610822722125,0,-0.020156267391317283
B0006,30,82,24.0,1.857228890885317,92.86144454426585,4.1881878017349035,2.819560586845831,2.2921663510920895,3.554257954720065,0.24271286255725477,1.9769353023702758,23.76566779571611,37.49607769896255,30.96779499306422,13.730409903246443,3392.719,6.645030700311289,1.4,109,79,0.012029094699739229,1,-0.008835807933552431
B0006,31,86,24.0,1.9247760889090635,96.23880444545317,4.189801024289883,2.4343006861812118,2.4343006861812118,3.555857469677978,0.22078536256948547,1.9997552547832569,23.745511474786845,37.250073961181094,31.10097217303459,13.50456248639425,3470.672,6.858742333318888,1.4,109,78,0.06754719802374654,1,0.009220375045795714
B0006,32,90,24.0,1.8822317526092551,94.11158763046275,4.186947861426474,2.9187757391682454,2.472619908000758,3.5537306734803207,0.22368965836687763,1.988435645814164,24.195720581098644,37.39699052067588,31.307368922041046,13.201269939577234,3414.109,6.717291283849604,1.4,109,77,-0.04254433629980836,0,0.0027851239565666484
B0006,33,94,24.0,1.855276687885587,92.76383439427936,4.186434538254801,2.973956908852585,2.403422072720937,3.5452650003621513,0.23215332099258618,1.9771310999966942,23.97347780130266,37.2852066420257,31.131339987164562,13.311728840723038,3395.219,6.631043625317636,1.4,109,76,-0.026955064723668043,0,-0.0001495438245425529
B0006,34,98,24.0,1.8392508917181876,91.96254458590938,4.1876767977261,3.0334333724088656,2.4006679782182205,3.538408778928339,0.23624667070508096,1.9657121749650674,23.520157783193987,37.080390421974414,30.828713779105055,13.560232638780427,3386.0,6.566620456818436,1.4,109,75,-0.01602579616739952,0,-0.0011897808934780319
B0006,35,102,24.0,1.8185396073994429,90.92698036997214,4.183948312348072,3.061692514035773,2.3194299432177345,3.5297688311332673,0.2439099480182485,1.954259908493909,23.52943289153009,36.98024266357476,30.761533072057244,13.450809772044668,3368.187,6.4829128009599115,1.4,109,74,-0.020711284318744694,0,-0.0077378566971748166
B0006,36,106,24.0,1.8134770059567056,90.67385029783527,4.186703871962386,3.0864214480405137,2.3401731734980076,3.5300676840423306,0.244307450843308,1.9490645317083881,23.947667716448013,37.598741245467004,31.30305692941581,13.65107352901899,3368.266,6.467987223304602,1.4,109,73,-0.005062601442737291,0,-0.022259816590471583
B0006,37,110,24.0,1.7971018450305436,89.85509225152718,4.186404820230849,3.137787321824542,2.3829603510808774,3.5248882875629555,0.24375960384087478,1.9373603063774296,23.724670891624807,37.33680914521836,31.06432144678013,13.612138253593553,3358.719,6.403849764167238,1.4,109,72,-0.01637516092616198,0,-0.017025981515742306
B0006,38,114,24.0,1.7810046294120476,89.05023147060238,4.184538174451997,3.1501156392374963,2.351855540704836,3.5190926887152725,0.24666463745510467,1.931265607613736,23.509674105704782,37.39499820465976,30.96654665282149,13.885324098954975,3339.5,6.338750790738973,1.4,109,71,-0.016097215618495975,0,-0.014854411694707892
B0006,39,118,24.0,1.7710130422682329,88.55065211341164,4.186047633014145,3.1738920422499453,2.3535104841115886,3.5151810230271,0.24783168845894557,1.9254165161128032,23.259588001525678,37.35233964342659,30.826455697992966,14.092751641900911,3331.265,6.29760583116398,1.4,109,70,-0.009991587143814762,0,-0.01364756988999094
B0006,40,122,24.0,1.7604712448170943,88.02356224085472,4.186011762299764,3.1972071497430035,2.3948058223938364,3.514029112834162,0.24620396352215285,1.9198513516096092,23.41190207365984,37.58677381866742,31.080769482413952,14.174871745007579,3321.188,6.258739634429371,1.4,109,69,-0.01054179745113859,0,-0.01161367251646972
B0006,41,126,24.0,1.7502913788006587,87.51456894003293,4.185653001522096,3.227568458837217,2.4418858444380294,3.514139684003936,0.24380262902937214,1.9087413975281489,23.993875243611917,38.207044569893476,31.694287817425337,14.213169326281559,3321.844,6.225215277391307,1.4,109,68,-0.010179866016435613,0,-0.012637125431209383
B0006,42,130,24.0,1.7394925037732578,86.97462518866288,4.1849954235358595,3.2308580821504327,2.391848815367812,3.509578354212467,0.24822681012659126,1.90276801874341,24.22543912747929,38.340431886092745,31.875581783696685,14.114992758613454,3311.828,6.181350631805279,1.4,109,67,-0.010798875027400845,0,-0.011521868251457157
B0006,43,134,24.0,1.7546766553637203,87.73383276818602,4.17548998383201,3.199633267433362,2.3166154227865463,3.5110708693292705,0.2572766067465748,1.9093310200805393,23.931600807664452,38.521539672721865,31.543288143901563,14.589938865057412,3327.391,6.229024305427443,1.4,109,66,0.015184151590462491,1,-0.005265594809665463
B0006,44,136,24.0,1.7659390941842175,88.29695470921088,4.191559316475808,3.1898103242112006,2.4110989960643794,3.5159179315855056,0.24598521855518196,1.9306457089007387,23.801856485719824,38.03707160241571,31.420983409991024,14.235215116695883,3312.078,6.277252504305007,1.4,109,65,0.011262438820497156,1,-0.00101478961680308
B0006,45,140,24.0,1.7337887419624838,86.68943709812419,4.185418639744681,3.2499622126804124,2.4510125175432287,3.50585340727078,0.24431167408297183,1.9071188100787417,23.325044766777037,37.934285687720596,31.15837149963786,14.60924092094356,3293.172,6.150198549282981,1.4,109,64,-0.03215035222173368,0,-0.005336500570922098
B0006,46,144,24.0,1.713325912040734,85.6662956020367,4.183921653715496,3.2761786217774986,2.471216186082459,3.5010379345914444,0.2435154606775506,1.895357624914609,23.22751550921504,37.88470784051604,31.15661421699882,14.657192331301005,3275.328,6.071234224049486,1.4,109,63,-0.020462829921749748,0,-0.0073930933519849255
B0006,47,148,24.0,1.7024077813673466,85.12038906836733,4.185518250318115,3.2892337937863383,2.470968641396993,3.497407662636496,0.24459591902905917,1.889289515930022,23.209671068204816,38.065368726791895,31.206611383963253,14.85569765858708,3265.016,6.02729323530815,1.4,109,62,-0.010918130673387427,0,-0.007416944481182242
B0006,48,150,24.0,1.82371946178183,91.1859730890915,4.1729165619005535,2.934951679828825,2.4288023941361625,3.5388872766749144,0.23098677589569044,1.9819436190557278,26.602945710082057,39.788440481350335,33.61169282822636,13.185494771268278,3328.937,6.504119410839673,1.4,109,61,0.12131168041448337,1,0.013808561283621934
B0006,49,154,24.0,1.8081284050314708,90.40642025157354,4.186882269459454,3.0133583509832325,2.3551430866643166,3.5327430295356828,0.24180188757564916,1.9653354524512165,25.61136673829009,39.212903178007906,32.85630077141311,13.601536439717815,3329.266,6.446804092766897,1.4,109,60,-0.015591056750359211,0,0.008437862169450661
B0006,50,158,24.0,1.7757610945034283,88.78805472517142,4.186537777937825,3.0981920097302105,2.365933525789291,3.521214759733266,0.2452054406792465,1.947074974419259,24.788511221807962,38.66937823121345,32.210981559158874,13.880867009405488,3301.579,6.31795328454014,1.4,109,59,-0.032367310528042426,0,0.008394470508188912
B0006,51,162,24.0,1.7447409841836798,87.237049209184,4.182242443277712,3.167346834112308,2.3481961394586457,3.5093111439506677,0.248638831497769,1.924171876472179,24.29903895658481,38.5170065164806,31.965090081650274,14.21796755989579,3283.563,6.1942812892745245,1.4,109,58,-0.031020110319748495,0,0.006283014428589162
B0006,52,166,24.0,1.729207034132373,86.46035170661865,4.185747996173869,3.228685511716086,2.46945948630322,3.50716091973708,0.24245866501899874,1.9124874175496662,23.990117528547287,38.292505299491516,31.744801840189538,14.302387770944229,3275.125,6.135757389855395,1.4,109,57,-0.015533950051306755,0,0.005359850553005296
B0006,53,170,24.0,1.7081086552553244,85.40543276276622,4.183575724123322,3.2595724548548413,2.4666715880697576,3.500928918686389,0.24306097840857094,1.895029520195036,23.99541497188152,38.52091685291118,31.876564068962466,14.525501881029658,3265.656,6.054235157069178,1.4,109,56,-0.021098378877048685,0,-0.023122161305301113
B0006,54,174,24.0,1.6975954237461768,84.87977118730883,4.184332281821813,3.2774199521442657,2.4482931262785135,3.4973019898820894,0.2453760679343642,1.8837083786913245,24.29775946583267,38.95436345473558,32.24289319481841,14.656603988902908,3266.093,6.013344143532257,1.4,109,55,-0.010513231509147625,0,-0.022106596257058797
B0006,55,178,24.0,1.6820634524029463,84.10317262014732,4.184698116905854,3.309541910489555,2.4745215382882586,3.4929038301187156,0.24387936455970977,1.8716858064147301,24.10547107270791,38.731363854696035,32.07305565938816,14.625892781988124,3257.594,5.951295826092729,1.4,109,54,-0.015531971343230477,0,-0.018739528420096407
B0006,56,182,24.0,1.6714768322295086,83.57384161147543,4.185835940524748,3.3229457962953464,2.469127855241356,3.488659224822318,0.24489747465620212,1.865490610984191,23.97620032331416,38.74827601131975,32.030140929891196,14.772075688005593,3248.593,5.906953289300361,1.4,109,53,-0.0105866201734377,0,-0.014652830390834249
B0006,57,186,24.0,1.6607591387047655,83.03795693523827,4.185426189138305,3.3268774953647884,2.4177173347922416,3.4822930804774015,0.24894941761288453,1.8592998515524075,23.824199676533382,38.84227056628921,31.984935871368258,15.018070889755826,3238.766,5.860045546935781,1.4,109,52,-0.010717693524743055,0,-0.013689579085521509
B0006,58,190,24.0,1.651121015038069,82.55605075190346,4.184463046346399,3.336400100467817,2.3775131079338427,3.477575664197982,0.25149169273248084,1.8481564914191075,23.942803578267206,39.221381996208315,32.23677365476226,15.278578417941109,3240.14,5.820727565447038,1.4,109,51,-0.009638123666696474,0,-0.011397528043451066
B0006,59,194,24.0,1.6401349256190927,82.00674628095463,4.18451874454039,3.3562313241233728,2.443723814618984,3.4787436506489255,0.24743822906353016,1.8415790819015416,24.457646201133684,39.466510899162515,32.56097148037261,15.00886469802883,3230.109,5.7824622216409205,1.4,109,50,-0.010986089418976386,0,-0.011492099625416818
B0006,60,198,24.0,1.6291999416165441,81.45999708082721,4.184454576919845,3.371466361383496,2.4324278256917147,3.4740152461288862,0.24781476646180828,1.8297907910631264,24.25292507931787,39.352653481724175,32.48984985901219,15.099728402406306,3229.7810000000027,5.736645120847621,1.4,109,49,-0.010934984002548553,0,-0.010572702157280433
B0006,61,202,24.0,1.6088496302961666,80.44248151480832,4.181070202610792,3.396018761698921,2.494085641889116,3.4718387718772696,0.24226020864399292,1.817104268059883,24.11448837545242,39.31890647034385,32.42612199208859,15.204418094891427,3212.469,5.660108913595565,1.4,109,48,-0.020350311320377568,0,-0.012525440386668408
B0006,62,206,24.0,1.6035244898969248,80.17622449484624,4.18244649645216,3.3938825218600814,2.382347172890769,3.463180130644551,0.25041818458745746,1.8111916679086209,23.928926832055478,39.47196886600465,32.29984271249387,15.543042033949174,3213.219,5.629170806755964,1.4,109,47,-0.005325140399241812,0,-0.011446929761568159
B0006,63,210,24.0,1.5989712144027983,79.94856072013991,4.1838203403042975,3.3978158698372107,2.406668297987779,3.463469391967206,0.24879153893443376,1.811311276437818,24.06285659837035,39.74009698783903,32.610757585145336,15.677240389468682,3203.578,5.613265378160054,1.4,109,46,-0.00455327549412643,0,-0.01042996012705415
B0006,64,214,24.0,1.5876273123575604,79.38136561787802,4.182425008087469,3.416423032732188,2.4204142690378765,3.46021805164007,0.24872123545615055,1.803806490743987,24.43764335025533,39.03600072360686,32.25699351958767,14.598357373351533,3195.125,5.565884051451248,1.4,109,45,-0.011343902045237941,0,-0.010501522652306462
B0006,65,216,24.0,1.5829719744686166,79.14859872343084,4.190985194174346,3.417549528683359,2.4507845245525193,3.462574876665621,0.24661339893460255,1.7982499291189593,24.30184761147359,39.16106395962828,32.47193402838835,14.859216348154689,3195.3129999999946,5.554078926631059,1.4,109,44,-0.004655337888943789,0,-0.009245593429585508
B0006,66,220,24.0,1.567137636713563,78.35688183567815,4.18162644626075,3.427505386148378,2.3930328819230717,3.4537077937586056,0.24848682009830836,1.78580087304261,24.11618953982896,39.20051799483514,32.40219271195366,15.08432845500618,3186.297,5.484852293943405,1.4,109,43,-0.015834337755053607,0,-0.008342398716520715
B0006,67,224,24.0,1.5613446139713882,78.06723069856942,4.183355970785126,3.4347508426334845,2.3938995980718403,3.4514035349888337,0.24884801817648583,1.7850805225230335,23.957906855391784,39.15878418316098,32.30987415652578,15.200877327769199,3176.438,5.459349243870988,1.4,109,42,-0.005793022742174747,0,-0.008435975185107303
B0006,68,228,24.0,1.5511711892790419,77.5585594639521,4.1824452483280945,3.448198019924908,2.4373294683003053,3.450781146333252,0.24531300054344063,1.7785916660457872,23.96185609552303,39.18225956809825,32.35440526839345,15.220403472575224,3167.593,5.4210010856609046,1.4,109,41,-0.010173424692346389,0,-0.009560005024751295
B0006,69,232,24.0,1.5406741606295171,77.03370803147585,4.182585245365358,3.447136358493749,2.3705330061374523,3.446105572450592,0.249252351248828,1.772817292817664,24.03193481551934,39.38159156766375,32.4731363791227,15.349656752144409,3167.719,5.396674282144139,1.4,109,40,-0.010497028649524731,0,-0.009390630345608653
B0006,70,236,24.0,1.5253138744624433,76.26569372312217,4.1774176000218946,3.455115440595922,2.351294851260762,3.4418152533277144,0.24876521050750453,1.760208614752248,24.054796737761627,39.44712875501599,32.52334649341759,15.392332017254361,3159.077999999994,5.336382318493199,1.4,109,39,-0.015360286167073856,0,-0.011531620001234666
B0006,71,240,24.0,1.5301570318067428,76.50785159033714,4.182951924778038,3.468023005179232,2.436845595522602,3.445008015985666,0.24479137176910862,1.7653145274643671,24.004853828853747,39.40950590627068,32.518264823491045,15.404652077416934,3148.829,5.335865243491626,1.4,109,38,0.00484315734429952,0,-0.00739612098136404
B0006,72,244,24.0,1.5246566834474087,76.23283417237043,4.183258304762118,3.4711335972831856,2.39030487147494,3.441164687975023,0.2475013732087286,1.75938690367356,23.988223436593007,39.48443326993031,32.5437072434024,15.4962098333373,3149.094,5.311039208920566,1.4,109,37,-0.005500348359334106,0,-0.0073375861047959125
B0006,73,248,24.0,1.5145492986655427,75.72746493327713,4.183170360974043,3.4883390886919767,2.4892160721496315,3.443620591429828,0.2406026011996967,1.7526794612983279,23.974725686801108,39.4416762582387,32.562223096007365,15.466950571437593,3140.547,5.2757208998800795,1.4,109,36,-0.010107384781866013,0,-0.007324378122699838
B0006,74,252,24.0,1.509391504602082,75.4695752301041,4.183359256700765,3.4882264404681207,2.450611393803655,3.439943269617906,0.24316998214821461,1.7517143152603387,23.972186965592904,39.53866201326228,32.58978020040808,15.566475047669378,3131.625,5.252067186141771,1.4,109,35,-0.005157794063460619,0,-0.006256531205487015
B0006,75,256,24.0,1.5039974333050705,75.19987166525353,4.182909564093396,3.4877002346746275,2.4111946043456745,3.43602719305159,0.24559891719465526,1.7510543427437684,23.89672125029287,39.5867547936938,32.57089563557426,15.69003354340093,3121.907,5.227603531545398,1.4,109,34,-0.005394071297011527,0,-0.004263288231474549
B0006,76,260,24.0,1.4935201918040188,74.67600959020095,4.181939688146648,3.5019144212894115,2.4609139768640715,3.436309312279291,0.2415711613630848,1.738897832675072,23.848871479014186,39.499752884420865,32.537854347094196,15.650881405406679,3122.125,5.188705680877489,1.4,109,33,-0.01047724150105167,0,-0.007327368000544787
B0006,77,264,24.0,1.4876323024497422,74.3816151224871,4.18215985406311,3.5064898836985074,2.378420264362521,3.430470227771154,0.24728531582711172,1.7386366169147272,23.87364854710166,39.9686395722832,32.65645090520509,16.094991025181542,3121.672,5.176852663340739,1.4,109,32,-0.005887889354276643,0,-0.007404876199533295
B0006,78,266,24.0,1.5302876214401704,76.51438107200852,4.189962701965466,3.4612712556588887,2.3844697219937414,3.4417311090871063,0.25068575483973593,1.7870824868725375,24.45450229908833,40.42668250871336,33.180785234653264,15.972180209625034,3120.86,5.347694207569808,1.4,109,31,0.04265531899042818,1,0.0031476645549255444
B0006,79,270,24.0,1.5040760088360112,75.20380044180057,4.181214475643097,3.49597974716647,2.448639661640692,3.4355429213552537,0.24384503322302606,1.7612939709674549,23.814180429243,40.02451449021777,32.71220835503141,16.21033406097477,3103.828,5.2236271551117675,1.4,109,30,-0.026211612604159162,0,-0.0010630991532141643
B0006,80,274,24.0,1.4887593608730894,74.43796804365446,4.181652803611802,3.495868232766142,2.362869757217078,3.4272336842373576,0.24872769369277464,1.7545734584319284,23.39341376051454,40.02167483360719,32.543943889007906,16.628261073092652,3095.094,5.176267519921574,1.4,109,29,-0.01531664796292187,0,-0.003047614486396233
B0006,81,278,24.0,1.4782779285546637,73.91389642773318,4.180127984409454,3.5168324777654205,2.479712742728869,3.4307536518687556,0.23981868986409427,1.7364714851989516,23.494929666684254,40.078211781584145,32.6655410721976,16.58328211489989,3095.781,5.122691134141608,1.4,109,28,-0.010481432318425687,0,-0.0030484526498710364
B0006,82,282,24.0,1.478459982215684,73.9229991107842,4.182435253361705,3.5140805590225344,2.4609902569842412,3.430880434209888,0.2412584602938845,1.7371701742903363,23.948764926788748,40.565789328351094,33.160922870564626,16.617024401562347,3094.328,5.124880814442826,1.4,109,27,0.00018205366102042042,0,-0.0018344640468116236
B0006,83,286,24.0,1.473214844899973,73.66074224499864,4.182970513713943,3.5179169265872945,2.4794507375590507,3.431984614031654,0.2403918787539756,1.735834373498019,24.305636072230342,40.75221353269305,33.414445545408455,16.446577460462706,3086.531,5.10775169767335,1.4,109,26,-0.00524513731571119,0,-0.011414555308039498
B0006,84,290,24.0,1.4675164935067897,73.37582467533949,4.182588389688278,3.51910167584515,2.421513989921717,3.426913589626702,0.24353313719762423,1.7297519223496336,24.16642252229391,40.71162611325717,33.3541679486525,16.545203590963258,3085.625,5.080220414114893,1.4,109,25,-0.005698351393183199,0,-0.0073119030658443055
B0006,85,294,24.0,1.4516292657521335,72.58146328760667,4.180283545890356,3.521493643197122,2.3927989623544175,3.4220422356705154,0.24505211094966728,1.7279074368071294,23.980795554734595,40.58721297402195,33.13634596100404,16.606417419287357,3067.203,5.035306011533541,1.4,109,24,-0.01588722775465623,0,-0.0074260190241911776
B0006,86,298,24.0,1.4519237720967177,72.59618860483589,4.182277548850675,3.531199617131715,2.410475236770924,3.4202687142856667,0.2445224118963859,1.726921154488644,23.64197366968708,40.37035790264624,32.92241762841388,16.72838423295916,3058.157,5.01283455939849,1.4,109,23,0.0002945063445842777,0,-0.005270831291589184
B0006,87,302,24.0,1.4471484694777745,72.35742347388873,4.182483687657018,3.540682828822266,2.4915333699239977,3.4248208106770663,0.23871895764328246,1.721203340058839,23.829441222036376,40.667923693760464,33.20338483123576,16.838482471724088,3058.812,5.00077374207361,1.4,109,22,-0.004775302618943211,0,-0.00626230254758191
B0006,88,306,24.0,1.4468538105659885,72.34269052829943,4.182606347806988,3.5356541187739614,2.444861994529003,3.4234990883192666,0.24156011251597115,1.7211548500579925,24.20984647694025,40.990356883952465,33.533950654066935,16.780510407012216,3058.578,4.999696593563816,1.4,109,21,-0.00029465891178603876,0,-0.005272206866796881
B0006,89,310,24.0,1.4416741930284678,72.08370965142339,4.182949890012143,3.5426480867538017,2.4840755398082255,3.4247420964314874,0.2394044963910197,1.7200574224369996,24.27322345224107,40.997744028174516,33.5767934055627,16.724520575933447,3049.328,4.981262705788425,1.4,109,20,-0.00517961753752072,0,-0.005168460095664384
B0006,90,313,24.0,1.5935866593100128,79.67933296550063,4.222353332039162,3.5029468518556204,2.479017302613424,3.450702139255875,0.24986811906504275,1.8210499414870156,24.058176844558602,40.77265883698999,33.224088400657315,16.714481992431388,3177.219,5.552979188490855,1.4,109,19,0.15191246628154498,1,0.02839147871157586
B0006,91,316,24.0,1.5463902376915637,77.31951188457819,4.190810496600126,3.459144575143091,2.4820670710190385,3.4480475429907522,0.24289182353294878,1.821446935406101,24.676724380143,40.522204934304625,33.37083344726966,15.845480554161625,3082.937,5.390978441072507,1.4,109,18,-0.04719642161844906,0,0.01889329311896919
B0006,92,320,24.0,1.51470559175661,75.73527958783049,4.1828124049147695,3.4885908514844224,2.452449045714353,3.4399481891896455,0.24242933169344988,1.7899526443788862,24.71374963671338,40.57746834859555,33.43366634309322,15.863718711882171,3074.266,5.266992055643804,1.4,109,17,-0.03168464593495379,0,0.013511424455767074
B0006,93,324,24.0,1.4989786083335404,74.94893041667702,4.1838942747302825,3.500662570823591,2.4198491932573414,3.434112914501242,0.24449013265629163,1.7769381660412278,24.467210746068808,40.516963879873735,33.28676739403043,16.049753133804927,3066.0,5.2021678298567675,1.4,109,16,-0.01572698342306955,0,0.01042495955351037
B0006,94,328,24.0,1.4831110745410492,74.15555372705246,4.183847567326402,3.5190985130636876,2.4706823501191706,3.4325600940363916,0.24110307279068668,1.7640108930619747,24.224651493389036,40.34325381638243,33.14347737377552,16.118602322993393,3056.437,5.14159828204076,1.4,109,15,-0.015867533792491173,0,0.00828737630251628
B0006,95,332,24.0,1.4729664825468278,73.6483241273414,4.183259734378229,3.5212860952811007,2.413759774558071,3.4270614887575657,0.24425389866866307,1.7571864995414006,24.113583430209243,40.39341126895154,33.11021541795579,16.279827838742296,3048.219,5.098312631397127,1.4,109,14,-0.010144591994221352,0,-0.024124035352636984
B0006,96,336,24.0,1.4627604396099307,73.13802198049653,4.183152598210248,3.5315851155806786,2.4562499847243027,3.427340316812041,0.24148071569208399,1.7502861853648675,24.152350848480747,40.46341487442664,33.18991802149879,16.311064025945893,3039.218,5.061266947086572,1.4,109,13,-0.010206042936897086,0,-0.016725959616326593
B0006,97,340,24.0,1.4518364681062514,72.59182340531257,4.1835297239964095,3.5329262878466716,2.401794655879554,3.423482197888437,0.24464245573487717,1.743973921153546,24.1926071662797,40.5818264138806,33.26265398635676,16.3892192476009,3039.047,5.035816042514257,1.4,109,12,-0.010923971503679297,0,-0.012573824730071691
B0006,98,344,24.0,1.4468670644030392,72.34335322015197,4.181677965200077,3.539045488750217,2.4087687236133313,3.4220957701069374,0.243681234330419,1.7368671582969701,24.238609855596458,40.61670777074496,33.299978841087025,16.3780979151485,3030.375,4.9972295049197095,1.4,109,11,-0.004969403703212194,0,-0.010422308786100221
B0006,99,348,24.0,1.441380399427779,72.06901997138895,4.183197246077639,3.545547133777292,2.4308118485818704,3.421883545422636,0.24249235318123782,1.7360229366477682,24.191028062692588,40.631647661681036,33.31663547841367,16.440619598988448,3021.0,4.975932506524653,1.4,109,10,-0.005486664975260291,0,-0.008346135022654045
B0006,100,352,24.0,1.431210744960774,71.5605372480387,4.182847747629186,3.5484565862450688,2.398886415333129,3.4195777411151886,0.24428631492877723,1.7297210104409786,24.226474805349635,40.74323383889164,33.39150630507064,16.516759033542005,3021.75,4.955042720020617,1.4,109,9,-0.010169654467004907,0,-0.008351147517210755
B0006,101,356,24.0,1.4260247179525716,71.30123589762857,4.1825932531603875,3.549925959367978,2.3814379490849835,3.4175281789596474,0.24533925383722666,1.7288007546336817,24.22178922960351,40.81715493531611,33.41522427488497,16.595365705712602,3012.265,4.933838616415427,1.4,109,8,-0.005186027008202476,0,-0.007347144331471833
B0006,102,360,24.0,1.420487649966195,71.02438249830975,4.181536580807847,3.5622369118183483,2.459885297095542,3.4197860540725715,0.24035187594624083,1.7216957440273102,24.21808498792451,40.72877617289365,33.39690850726103,16.510691184969144,3002.641,4.896686996165651,1.4,109,7,-0.005537067986376654,0,-0.006269763628011305
B0006,103,364,24.0,1.4207006230355006,71.03503115177503,4.172034399629829,3.5587698945654234,2.4007285025453995,3.4171369298988705,0.24069187953555218,1.7228352005659142,24.266994666970984,41.45494452672042,33.73731993653,17.187949859749434,3012.0,4.9122243951975815,1.4,109,6,0.0002129730693056775,0,-0.00523328827350773
B0006,104,367,24.0,1.452255804330839,72.61279021654194,4.188427549455566,3.5413834963307256,2.472830716079143,3.4305347141293625,0.23954452760941822,1.748786563991936,25.010523307428713,41.39678877103747,34.08965316576344,16.38626546360876,3020.11,5.0276616402312255,1.4,109,5,0.0315551812953383,1,0.0021750809806119877
B0006,105,371,24.0,1.431557632772571,71.57788163862855,4.181335856346829,3.557320348056594,2.467318928642863,3.4250844180972875,0.23920169814767764,1.7345182497801421,24.81984050052093,41.36669473718026,33.9987286593769,16.546854236659332,3002.172000000006,4.94452805577554,1.4,109,4,-0.02069817155826792,0,6.937756235938508e-05
B0006,106,375,24.0,1.415015751158943,70.75078755794715,4.179546243153898,3.5560021159887576,2.3692462667540997,3.4171339862792935,0.24475701426966365,1.7271808134437059,24.661768980219062,41.37787352037061,33.907397114007345,16.71610454015155,2992.703,4.894486735953604,1.4,109,3,-0.016541881613628018,0,-0.0022017933587257232
B0006,107,379,24.0,1.4097311506517451,70.48655753258726,4.18088822946083,3.565450927200841,2.4482618595124874,3.417521467040602,0.2408080362142482,1.730597159216869,24.43111831491746,41.140956091698214,33.70518417605219,16.709837776780756,2964.468,4.855992547052503,1.4,109,2,-0.005284600507197812,0,-0.002151299862889955
B0006,108,383,24.0,1.404917318129309,70.24586590646545,4.182667734360821,3.5778109276715733,2.4598632768748825,3.4181623236680356,0.23985452319305442,1.7141556201256136,24.34226965648951,41.2168813199875,33.7458832944166,16.87461166349799,2983.375,4.8369076517542595,1.4,109,1,-0.004813832522436057,0,-0.003156660981238302
B0006,109,387,24.0,1.395164296571563,69.75821482857815,4.179684890591493,3.5823842742694407,2.497869764845928,3.420331935905118,0.23666693145105858,1.7067863109671502,24.694622781030777,41.40391881889191,34.01657212624259,16.709296037861133,2975.297,4.8052696454978046,1.4,109,0,-0.009753021557746155,0,-0.011418301551855192
B0006,110,391,24.0,1.3945343832614077,69.72671916307038,4.18224535784739,3.5836702091707866,2.472236707252471,3.4192916311692465,0.2390286773610217,1.7063636381021512,24.83379380277289,41.586571331198584,34.175023374593785,16.752777528425693,2974.9850000000006,4.801526654785816,1.4,109,0,-0.0006299133101552723,0,-0.007404649902232663
B0006,111,395,24.0,1.3893171179312644,69.46585589656323,4.182453793427935,3.5856253738844623,2.4278749904763077,3.414352330355796,0.24221175414346538,1.7053149763509456,24.571034736315717,41.43504077863728,33.976109677640174,16.864006042321563,2966.25,4.775703115211149,1.4,109,0,-0.005217265330143217,0,-0.005139726645535703
B0006,112,399,24.0,1.3838379472327809,69.19189736163904,4.182382182381389,3.588984284723791,2.4275905200235055,3.412701167144591,0.24220504327165968,1.7046353656612552,24.3737881286227,41.37436880579148,33.84150372451663,17.000580677168777,2956.359,4.75356967215729,1.4,109,0,-0.005479170698483582,0,-0.0051786406837928565
B0006,113,403,24.0,1.3736814238195123,68.68407119097562,4.179533028548021,3.5864700210588274,2.37337869163978,3.410409522809144,0.24435718343921012,1.698575782177053,24.6289343728223,41.66477948989921,34.1008464215818,17.03584511707691,2956.344,4.7339209156334245,1.4,109,0,-0.010156523413268559,0,-0.006247178861959357
B0006,114,407,24.0,1.3786059891863676,68.93029945931838,4.182385088635815,3.5923515752514272,2.4248604132549767,3.414419320260644,0.24176595846391638,1.69824433155204,24.908657981582394,41.81816829502593,34.34663683304219,16.909510313443533,2956.406,4.737337553037889,1.4,109,0,0.00492456536685526,0,-0.003311661477039074
B0006,115,411,24.0,1.3737600299108574,68.68800149554288,4.182683463001238,3.5963124070242887,2.426962848243194,3.4131710032395315,0.24223055603174873,1.6971242328938314,24.786900319506767,41.686647000781186,34.216231530637586,16.89974668127442,2947.266,4.7173801003183184,1.4,109,0,-0.0048459592755101255,0,-0.0041548706701100445
B0006,116,415,24.0,1.3682580583942712,68.41290291971356,4.182413969607667,3.6002389127425705,2.417287750352038,3.4107019261975147,0.24315982041013035,1.6959707969888713,24.55493670403353,41.565382893773936,34.041617020161176,17.010446189740406,2937.984,4.693367988762856,1.4,109,0,-0.005501971516586268,0,-0.004211811907398655
B0006,117,419,24.0,1.3633024037317505,68.16512018658753,4.182411904002977,3.604261987061514,2.4185087281747166,3.4089059214760367,0.24335348175106358,1.69533939901694,24.326424207262512,41.46394809540406,33.890212870710734,17.137523888141544,2929.125,4.672791745349317,1.4,109,0,-0.004955654662520681,0,-0.0041071087002060745
B0006,118,423,24.0,1.3580966140172601,67.904830700863,4.181099186741353,3.610208784768209,2.480937393224248,3.4134080258317576,0.23910918351075655,1.689063706570807,24.575299028638764,41.6123634180086,34.116762412437,17.037064389369835,2928.454,4.659320521452227,1.4,109,0,-0.005205789714490372,0,-0.003116961960450437
B0006,119,427,24.0,1.353269090999531,67.66345454997655,4.180110659212056,3.604384847345642,2.4078214169511205,3.411221044859532,0.24277811004383898,1.689254941512802,24.993583337417636,42.0075404495327,34.490493589415046,17.01395711211506,2929.375,4.660109770220521,1.4,109,0,-0.004827523017729041,0,-0.005067379637367297
B0006,120,431,24.0,1.3841605738237488,69.20802869118744,4.163570261072192,3.5929395911706528,2.433234589649132,3.4155210852213678,0.23720200532883332,1.7102192011852473,25.16522071099258,41.61679232360952,34.23744800906639,16.451571612616945,2946.031,4.757037329543386,1.4,109,0,0.03089148282421772,1,0.0020801087825782715
B0006,121,433,24.0,1.4051467790651473,70.25733895325736,4.190012868765637,3.5862615333641465,2.440822893388958,3.4229838362549794,0.24143941002028121,1.7302612146468814,25.169349346251153,41.80245062827161,34.41428886050454,16.633101282020455,2955.438,4.843240753022356,1.4,109,0,0.020986205241398492,1,0.007377744134175223
B0006,122,437,24.0,1.378719022627353,68.93595113136764,4.182338112503195,3.5993733218450874,2.396078253891397,3.414757022019347,0.24413784898440827,1.7152722093432786,24.821438212878718,41.653004783464006,34.16445180476378,16.831566570585288,2937.625,4.754836079332782,1.4,109,0,-0.02642775643779438,0,0.0030833237791204836
B0006,123,441,24.0,1.3682657783199066,68.41328891599532,4.181981194182554,3.613313370916122,2.449306948268824,3.41435871627236,0.24152323402005177,1.701355119877482,24.459861049861928,41.36061809844917,33.877146811272176,16.900757048587245,2929.078,4.695459322494514,1.4,109,0,-0.010453244307446319,0,0.0020338328605292943
B0006,124,445,24.0,1.3573151296618016,67.86575648309008,4.18265262787567,3.6129164007807564,2.384185417166802,3.4091886698418046,0.2460496736273354,1.7004563863905504,24.316938949769007,41.42815616511055,33.839566254190565,17.111217215341544,2918.375,4.668777253561046,1.4,109,0,-0.010950648658105022,0,0.0008092077324540981
B0006,125,449,24.0,1.3524934638801596,67.62467319400798,4.182270325485355,3.62307676232919,2.4440756213040964,3.411930366643558,0.24258968522569255,1.6873607733405396,24.299358283075954,41.343265645039,33.818304796930946,17.043907361963043,2919.812,4.634374282929831,1.4,109,0,-0.004821665781642004,0,-0.006333421988717847
B0006,126,453,24.0,1.3474099151661236,67.37049575830618,4.182394535290608,3.6225410007004046,2.4296014294774673,3.4094417183837504,0.24390756219118898,1.691961200784779,24.264955681087194,41.38118673567723,33.812621135472135,17.11623105459004,2900.422,4.6136225280465055,1.4,109,0,-0.005083548714035935,0,-0.011547372779804731
B0006,127,457,24.0,1.3370075130842318,66.85037565421159,4.182061947471753,3.626275900079049,2.41022288115442,3.4081896097479882,0.24531767840677798,1.6853124510181006,24.234049261184705,41.378450473707446,33.79894614410012,17.14440121252274,2901.375,4.592488574905165,1.4,109,0,-0.010402402081891804,0,-0.008342301908624217
B0006,128,461,24.0,1.3312352966718526,66.56176483359263,4.182288987105723,3.630939582490314,2.4098927032454966,3.40737851449911,0.24580906151652474,1.6788023481230294,24.08401483096836,41.306600641009794,33.702723745621576,17.222585810041434,2901.187,4.569687454162207,1.4,109,0,-0.0057722164123792385,0,-0.0074060963296108005
B0006,129,465,24.0,1.3259303781727643,66.29651890863822,4.179633835322102,3.63665215167077,2.453938411405305,3.4085862639015,0.24308656517101032,1.6712234371153531,24.032744419693664,41.204081036719124,33.63562651984647,17.17133661702546,2891.64,4.532599533665247,1.4,109,0,-0.005304918499088318,0,-0.00627695029780746
B0006,130,469,24.0,1.321578743867529,66.07893719337645,4.181392635232333,3.633648674889144,2.3940396792395253,3.404843616147767,0.2473025976222259,1.676926820246207,24.035049734679703,41.32955629442644,33.690724061796516,17.294506559746736,2882.906,4.5318458597308435,1.4,109,0,-0.004351634305235219,0,-0.006182944002526103
B0006,131,473,24.0,1.321225074066109,66.06125370330544,4.181883861516496,3.6408526421786505,2.45134737470238,3.4081057374178703,0.24422108333220258,1.6701674907264448,24.06713329126122,41.300370296451625,33.71317033815572,17.233237005190404,2883.265,4.514360818770418,1.4,109,0,-0.00035366980142015336,0,-0.005236968220002946
B0006,132,477,24.0,1.3156485301862682,65.78242650931341,4.182054276922838,3.6463041446743727,2.475014603796582,3.4091728540380735,0.24340486418659887,1.6635304836146556,24.003951341882857,41.243646229563595,33.65376593260611,17.239694887680738,2882.969,4.494276286709874,1.4,109,0,-0.005576543879840745,0,-0.0042717965795927345
B0006,133,481,24.0,1.3209025697502388,66.04512848751195,4.168816046299314,3.643185525285694,2.4569179775419294,3.4110817622184233,0.24099639163604958,1.6646335896429372,24.665219663049655,41.36464929786556,33.983578066068176,16.699429634815907,2891.656,4.516334349346584,1.4,109,0,0.005254039563970636,1,-0.0020665453843227597
B0006,134,483,24.0,1.3474328767273906,67.37164383636953,4.1901092209827935,3.63009179178362,2.438240626221148,3.4167486246717154,0.2445794002146044,1.691847724352744,24.805357555777945,40.89285784811417,33.816348135475515,16.087500292336223,2901.25,4.622129800449759,1.4,109,0,0.026530306977151863,1,0.004300499710925276
B0006,135,485,24.0,1.3260128072353616,66.30064036176807,4.186977042307121,3.644383145306869,2.4946397780995584,3.4169689184247174,0.2418829111188869,1.671226012596274,24.56877700957708,40.652964511118334,33.60692030225909,16.084187501541255,2891.703,4.542384695182743,1.4,109,0,-0.021420069492029015,0,0.0008868126735665172
B0006,136,489,24.0,1.3101186784831063,65.50593392415531,4.1821030998183115,3.647724843088211,2.4367455144223555,3.4105763913818787,0.24570660921197612,1.663315386938566,24.315271046643172,40.58410707337388,33.47350597721994,16.268836026730707,2883.016,4.49501089864976,1.4,109,0,-0.015894128752255376,0,-0.0022212791166005275
B0006,137,493,24.0,1.30521620229393,65.2608101146965,4.1822412159486655,3.654758881299619,2.4858689968085326,3.4113335283009314,0.243669978984679,1.6559242579419076,24.003796003990193,40.322783635307104,33.209178727620106,16.31898763131691,2873.453,4.457843561793712,1.4,109,0,-0.004902476189176275,0,-0.002086465578467633
B0006,138,497,24.0,1.3004061951355774,65.02030975677887,4.1811092734638216,3.649848216700934,2.3957550201907916,3.4081283345557187,0.24822787297973212,1.656121338952165,24.36069951501419,40.78032921971219,33.58088963686094,16.419629704698004,2874.031,4.457417238465267,1.4,109,0,-0.004810007158352558,0,-0.004099274922932272
B0006,139,501,24.0,1.300235735841116,65.0117867920558,4.181892633123134,3.654795053390779,2.4504684570147006,3.4125732422699135,0.2452230312011813,1.6493562885018465,24.621773390889473,40.85731522464202,33.76400861956033,16.23554183375255,2874.234,4.442814595041541,1.4,109,0,-0.00017045929446135588,0,-0.009439428177254915
B0006,140,505,24.0,1.2895066722480755,64.47533361240377,4.1810790735747885,3.65519692144285,2.3942028718004007,3.407693686560286,0.24934296653021504,1.6481250828318856,24.362440700162463,40.74860220857894,33.57003564415372,16.386161508416475,2864.984,4.416977394029637,1.4,109,0,-0.0107290635930406,0,-0.007301226997457233
B0006,141,509,24.0,1.279253057384795,63.96265286923975,4.179849355700932,3.660920185251899,2.4303844034459368,3.4073499608041957,0.24821460129448178,1.6402735508297446,24.05828833813684,40.472276230208436,33.272050895552354,16.413987892071596,2855.093,4.378207599491924,1.4,109,0,-0.01025361486328058,0,-0.006173124219662274
B0006,142,513,24.0,1.2792078171714618,63.96039085857309,4.181641969595387,3.6665506464743816,2.4755630989048205,3.409292163767801,0.24659016011849222,1.6339269718637894,23.840036551906117,40.28187574900838,33.12740933210319,16.44183919710226,2855.625,4.3593085177713045,1.4,109,0,-4.5240213333075374e-05,0,-0.005201677024493634
B0006,143,517,24.0,1.274036760902923,63.701838045146154,4.18154819879745,3.6648304200950594,2.446712151873903,3.4095492354804775,0.24758339650785938,1.6340523871461572,24.11614509838886,40.637565231244686,33.439116773449626,16.521420132855827,2855.594,4.3608552455467775,1.4,109,0,-0.005171056268538754,0,-0.005273886846530873
B0006,144,521,24.0,1.2741273923001468,63.70636961500734,4.181631106163372,3.6670708418070905,2.4607112018206894,3.410318915287339,0.24739801801109818,1.6325488263539847,24.248375431600596,40.64243349478575,33.482874768414376,16.394058063185152,2847.437,4.3434928809598965,1.4,109,0,9.063139722376157e-05,0,-0.0052216687081938495
B0006,145,525,24.0,1.2637639426440779,63.188197132203896,4.178712498488009,3.671063896554771,2.4619788522973796,3.409269478846637,0.24810226825514498,1.6192776155716366,23.97276387413658,40.38713367022122,33.22136307064441,16.41436979608464,2847.36,4.302865540244398,1.4,109,0,-0.010363449656068946,0,-0.005148545920799519
B0006,146,529,24.0,1.2581373688955233,62.906868444776165,4.181148894438262,3.675527990548978,2.4999079970509284,3.4094374435069095,0.24744012771914206,1.6178697167430758,23.679989442038227,40.15316398972329,32.98562738901426,16.473174547685062,2837.328,4.281560070563412,1.4,109,0,-0.005626573748554575,0,-0.004223137697854318
B0006,147,533,24.0,1.253259864055301,62.66299320276505,4.181246648937272,3.67291170661734,2.4061574188511727,3.403885091976961,0.2532123266842987,1.6181306110813383,23.532532487364804,40.26211669866818,32.970182781539556,16.729584211303376,2837.281,4.276712120648879,1.4,109,0,-0.004877504840222313,0,-0.0051895906232321655
B0006,148,537,24.0,1.2532313315493426,62.661566577467134,4.182083806710052,3.6729426082793797,2.40921365026611,3.4065929107527846,0.25263202324107764,1.6181696583650664,23.900390232503312,40.65437976632703,33.31018716138479,16.75398953382372,2838.515,4.280532341284352,1.4,109,0,-2.8532505958356325e-05,0,-0.004161085870716086
B0006,149,541,24.0,1.2480874960313577,62.40437480156788,4.179465656635683,3.676426871927093,2.4705399687343235,3.4095930016592684,0.24908472229042342,1.6103994653878324,23.927161901061876,40.41021687551566,33.23406652671602,16.483054974453783,2828.328,4.246668968709857,1.4,109,0,-0.005143835517984918,0,-0.005207979253757822
B0006,150,545,24.0,1.2534354284944844,62.67177142472422,4.164241788212258,3.6787483492176243,2.4996841687041944,3.409409922814414,0.24501536673331065,1.6116489596960517,23.563221777928874,40.49521984011741,33.117656712920734,16.931998062188534,2838.265,4.26246034658643,1.4,109,0,0.005347932463126703,1,-0.002065702829918692
B0006,151,548,24.0,1.2898048773266901,64.49024386633451,4.189238693156103,3.6660243812714266,2.4839695531514434,3.4195489282896943,0.2466700164316275,1.6420474102120959,24.182986071194534,41.357879741754175,33.78417036686004,17.17489367055964,2864.547,4.411007355344468,1.4,109,0,0.03636944883220572,1,0.006333501686233367
B0006,152,552,24.0,1.2635402021758835,63.17701010879417,4.180662617196329,3.673517843188949,2.4675402264113453,3.4151799904187996,0.24807422285760142,1.619485147897518,24.13790128994837,41.37902988743146,33.806439563441614,17.241128597483087,2846.39,4.309332868487828,1.4,109,0,-0.02626467515080666,0,0.0020560676241164976
B0006,153,556,24.0,1.2479761706842853,62.39880853421427,4.181032942784607,3.679265325617699,2.4946438160388325,3.4154594925159083,0.2480617016753451,1.6049332611605434,23.963097388160715,41.20920760771975,33.63735785291911,17.246110219559032,2837.969,4.252178442129103,1.4,109,0,-0.01556403149159813,0,-0.0010510321730114569
B0006,154,560,24.0,1.2321202877943334,61.60601438971667,4.17964376586292,3.6810005302067896,2.4577382116375843,3.4130336456755868,0.2513379562071556,1.591662023140669,23.85280750491738,41.20630554355683,33.58195933847606,17.35349803863945,2838.156,4.20951164003174,1.4,109,0,-0.01585588288995199,0,-0.003193441647404871
B0006,155,564,24.0,1.2271137666213534,61.35568833106767,4.180653486967336,3.6816210659707824,2.40986495422137,3.4094524356574096,0.25541755590484166,1.590121112674739,23.75303412345965,41.28239317323536,33.56245583951572,17.529359049775714,2829.843,4.186771428806759,1.4,109,0,-0.00500652117297995,0,-0.005264332374626202
B0006,156,568,24.0,1.2217397581377356,61.08698790688678,4.181365190126037,3.6870580470143386,2.479418189447868,3.4138496008165014,0.2521876111582164,1.576784104156222,23.721333683268334,41.1595683576961,33.5111267532655,17.43823467442777,2829.625,4.15248785209495,1.4,109,0,-0.005374008483617798,0,-0.013613023837790904
B0006,157,572,24.0,1.211102678915174,60.5551339457587,4.180359359066286,3.686609623032529,2.434585389303289,3.410900672125043,0.2554146162892581,1.5752875074450006,23.759822145332574,41.230427315370186,33.53675907012135,17.47060517003761,2819.437,4.129969055488359,1.4,109,0,-0.01063707922256163,0,-0.0104875046521419
B0006,158,576,24.0,1.2056159765131735,60.28079882565868,4.181277236211712,3.6886642285753455,2.425682710641569,3.4105744140130074,0.25698194109584227,1.5684956746000391,23.662315778660414,41.21487873613708,33.49803069556778,17.552562957476667,2819.579,4.109058176498991,1.4,109,0,-0.005486702402000443,0,-0.008472038834222363
B0006,159,580,24.0,1.2008936262717274,60.044681313586366,4.181921994951423,3.689427929747468,2.417924401749313,3.4096514247359915,0.25819731705646964,1.5671931448019898,23.66168794896562,41.27439823262361,33.516977262709986,17.61271028365799,2810.672,4.090847852187607,1.4,109,0,-0.004722350241446183,0,-0.006245332304521201
B0006,160,584,24.0,1.1905903985558335,59.529519927791675,4.179431633541701,3.691557712403205,2.4541577949851603,3.4128578373442537,0.2562295547306426,1.5538432233552129,23.724606326603794,41.237668013317766,33.531923269271225,17.51306168671397,2811.485,4.056685436022797,1.4,109,0,-0.01030322771589387,0,-0.0073046736131039845
B0006,161,588,24.0,1.185179251041941,59.25896255209705,4.180438271754948,3.692494602830583,2.463616101176541,3.413450901705652,0.25633972565262325,1.5522138654028754,23.762062996041248,41.24068073261839,33.567636169584304,17.47861773657714,2802.422,4.038363952838126,1.4,109,0,-0.005411147513892489,0,-0.0073121014191589225
B0006,162,592,24.0,1.1796706818144624,58.983534090723126,4.181414159913002,3.693907128232746,2.470375229475307,3.414388187503409,0.2568441721022827,1.545285047994101,23.806067140125037,41.28133907077437,33.60493096509702,17.475271930649335,2801.625,4.018604577083815,1.4,109,0,-0.005508569227478555,0,-0.006286399420142308
B0006,163,596,24.0,1.1745952836753915,58.729764183769575,4.180815073540562,3.6946262144743858,2.4357634426689945,3.412419038813061,0.25993777730028017,1.5387187116139815,23.71352691261309,41.28338645880181,33.54281440778599,17.569859546188717,2802.031,3.9972106649852583,1.4,109,0,-0.005075398139070986,0,-0.0062041385675564165
B0006,164,600,24.0,1.15381833159625,57.6909165798125,4.1697037841892834,3.6963269652374176,2.481190011798763,3.4148103057455175,0.25676219132624173,1.5170395993741237,23.707339766856947,41.149193043289586,33.472459360982775,17.44185327643264,2793.39,3.924465245555991,1.4,109,0,-0.02077695207914143,0,-0.009415058935095467
B0006,165,604,24.0,1.1644009557372264,58.220047786861315,4.180283727512206,3.697169686162496,2.491537251958465,3.4166177332601,0.25786885910619006,1.5238666038924866,23.791460085164704,41.26268252018065,33.58210389885497,17.471222435015942,2793.39,3.9460798888358575,1.4,109,0,0.010582624140976327,1,-0.005237888563721427
B0006,166,608,24.0,1.1587974947916069,57.93987473958035,4.181157702694518,3.6966744870459154,2.40904100737121,3.4121341541171764,0.26372718676135337,1.5237985973545418,23.802896883148367,41.45791806300034,33.6634605108384,17.655021179851975,2792.485,3.9393071901105365,1.4,109,0,-0.005603460945619476,0,-0.005276351250066824
B0006,167,612,24.0,1.1749748834769171,58.74874417384586,4.157544974448367,3.69305943579077,2.475767645530351,3.419700177568569,0.2529109631298057,1.5391310859398721,24.698597962486065,41.11666214070682,33.730546074122294,16.418064178220757,2802.016,4.008595035958819,1.4,109,0,0.016177388685310268,1,-0.0009391596675090597
B0006,168,614,24.0,1.1856752327929356,59.283761639646784,4.188511527828155,3.691808982914086,2.4160441724133666,3.4234687742187893,0.2619158664193414,1.5427100462165395,24.907725860706154,41.36263766174168,33.8912822372509,16.454911801035525,2820.39,4.053102764878838,1.4,109,0,0.010700349316018487,1,0.0022159898235088347
B0007,1,2,24.0,1.89105229539079,94.5526147695395,4.199359521791473,3.062112709085676,2.145975766935391,3.522006703394617,0.2874452516516924,1.869128126500791,23.93704394613529,40.59042914535701,32.62485875142121,16.653385199221717,3690.234,6.789434464560018,1.5,126,125,0.0,0,-0.0020703887358099137
B0007,2,4,24.0,1.880637027686859,94.03185138434294,4.198257409594461,3.0792262382335167,2.1110166987852117,3.5319490434317116,0.2797089856913086,1.868091214569674,24.267087815290243,40.26023408628707,32.738209593287145,15.993146270996828,3672.344,6.7719351932569545,1.5,126,124,-0.010415267703931086,0,-0.0020703887358099137
B0007,3,6,24.0,1.8806626717011388,94.03313358505694,4.198280074112568,3.0632655470968633,2.0251085128182655,3.5344025220217845,0.28372654574505013,1.877784734502072,24.328571506102985,40.27558633997852,32.68511456550919,15.947014833875532,3651.641,6.772981740189951,1.5,126,123,2.5644014279846417e-05,0,-0.0020703887358099137
B0007,4,8,24.0,1.8807709009833444,94.03854504916723,4.197941750771344,3.0394209081813037,1.922542180649595,3.53492504932652,0.29008702878464626,1.8875256535871228,24.22884709213011,40.29314715799111,32.554748499572646,16.064300065860998,3631.563,6.770718740979214,1.5,126,122,0.00010822928220566297,0,-0.0020703887358099137
B0007,5,10,24.0,1.8794508728285058,93.97254364142529,4.198464224146956,3.0431671777523723,1.8711590450649882,3.534536640068787,0.29220641599968367,1.8871621432453276,24.13830760704513,40.268872630219796,32.46787845303298,16.130565023174665,3629.172,6.764758586702278,1.5,126,121,-0.0013200281548386705,0,-0.0020703887358099137
B0007,6,12,24.0,1.8807003517117404,94.03501758558703,4.197902988175172,3.1233879823287563,2.1756867065903434,3.5411626672196816,0.26674308476358344,1.8675154082122565,24.147964324051078,39.67620802332074,32.48624734055599,15.528243699269662,3652.281,6.747854749148299,1.5,126,120,0.0012494788832346782,0,-0.0020703887358099137
B0007,7,14,24.0,1.8799352523566075,93.99676261783037,4.197891547056767,3.1185821288267825,2.1117887156019437,3.541165612176161,0.27118633921124835,1.8673359462519084,24.255515986671373,39.803817662926164,32.55779966353037,15.548301676254791,3650.828,6.745923115825768,1.5,126,119,-0.0007650993551329144,0,-0.00014035506605027947
B0007,8,16,24.0,1.8815088124038797,94.07544062019399,4.19920088820775,3.0484292097717485,2.026250619894166,3.5494581176357975,0.27297824294152273,1.9063154499484403,24.302952144966042,39.88810476942348,32.45374435641106,15.585152624457436,3572.453,6.750169011081445,1.5,126,118,0.00157356004727216,0,0.00016922814054818325
B0007,9,18,24.0,1.8696907870385844,93.48453935192921,4.198273632768149,3.0162462022532277,1.9505894332906037,3.5502805464079743,0.2771296154486181,1.9164348198845678,24.257530932186896,39.95162250671474,32.373246444985035,15.694091574527846,3550.594,6.743937188969025,1.5,126,117,-0.011818025365295304,0,-0.0022160227889520103
B0007,10,20,24.0,1.870052380139199,93.50261900695995,4.198830761298339,3.005452831952688,1.8688247067658061,3.5481347674910286,0.283812978267983,1.9165385597747795,24.189583713016194,40.052021854718284,32.30534276235138,15.86243814170209,3551.25,6.741800535657847,1.5,126,116,0.00036159310061467664,0,-0.0018796985378613407
B0007,11,22,24.0,1.8700442394188577,93.50221197094288,4.198720291823363,2.966533480141811,1.7896213776724978,3.5484272148956437,0.28889633724718083,1.926771167846017,24.062655752137022,40.1213838436794,32.183319483399806,16.05872809154238,3530.25,6.7368460545816395,1.5,126,115,-8.140720341387464e-06,0,-0.002131222458576554
B0007,12,25,24.0,1.8596518987766364,92.98259493883182,4.198945227315025,2.9583476203190093,1.910336108594535,3.5560433603714667,0.27604177175304995,1.936979366983281,24.334878490739897,40.174657039770814,32.378853181816005,15.839778549030918,3491.016,6.708004507865959,1.5,126,114,-0.010392340642221276,0,-0.004056670715994226
B0007,13,27,24.0,1.8590746560862206,92.95373280431103,4.1990513028067955,2.896976191688246,1.9086884059809102,3.5604849642800684,0.2717170193494012,1.9470891822561436,24.352069874766624,40.016434730174936,32.2913249500013,15.664364855408312,3470.281,6.708691704147774,1.5,126,113,-0.0005772426904158134,0,-0.004486831263531821
B0007,14,29,24.0,1.8590084577709232,92.95042288854616,4.197967675754507,2.8760046514911854,1.7868782934275431,3.5562872542469752,0.2826191895837473,1.946961601670498,24.13317390074807,40.16569230743226,32.14782797344657,16.03251840668419,3470.0,6.699986179131589,1.5,126,112,-6.61983152974166e-05,0,-0.0021364658535322433
B0007,15,31,24.0,1.8593622586957048,92.96811293478524,4.19925638222589,2.9490333218639506,2.1361343961784502,3.5647746218187324,0.2549992595793087,1.946851050742258,24.072501109913752,39.46139677634257,32.01380948237792,15.388895666428816,3450.297,6.677306716245749,1.5,126,111,0.00035380092478165537,0,-0.0021380242886988475
B0007,16,33,24.0,1.8587355450601035,92.93677725300518,4.198809496382092,2.8175785425628526,2.0133501283179167,3.565438928797127,0.2598113371383103,1.957412809315224,23.938131916668528,39.5636595172155,31.881310103471357,15.62552760054697,3429.407,6.670158805806246,1.5,126,110,-0.0006267136356012948,0,-0.002261738871750829
B0007,17,35,24.0,1.847817291322145,92.39086456610724,4.19879257501117,1.8575547668336483,1.8575547668336483,3.565961679108638,0.26669381029351313,1.9680136940585706,23.932016714666645,39.628948319501816,31.854304304240515,15.696931604835171,3409.484,6.653374361102632,1.5,126,109,-0.010918253737958628,0,-0.0023669214908982996
B0007,18,37,24.0,1.8485252916137047,92.42626458068524,4.1985172274243965,2.1657556124208934,2.1657556124208934,3.572496559005355,0.2443446202400194,1.9680547468944674,23.985654738703733,39.225347214914876,31.856555404576753,15.239692476211143,3390.422,6.6277732024911185,1.5,126,108,0.0007080002915598183,0,-0.002109872894503173
B0007,19,39,24.0,1.848378951850034,92.4189475925017,4.198141640180731,2.0270686341513207,2.0270686341513207,3.5699492020415136,0.25329366708168694,1.9680218912213907,23.98814734636334,39.4126321606434,31.867182607083926,15.424484814280056,3390.281,6.622933769749249,1.5,126,107,-0.0001463397636707331,0,-0.0021259011841778365
B0007,20,42,24.0,1.8807805437609766,94.03902718804883,4.196060627765756,2.990508602000316,1.905311669649934,3.5464338449590023,0.2870418502164071,1.9066656790606797,24.35868522365832,39.95874037686836,32.35216872128999,15.600055153210043,3591.734,6.784229478347449,1.5,126,106,0.032401591910942606,1,0.004283657013054354
B0007,21,46,24.0,1.8814721597443598,94.07360798721798,4.196697192985168,2.9244436686756003,1.7951975189442124,3.5531968089006387,0.28839720112764217,1.9267198323744987,24.654859838095476,40.31302300333008,32.60219299451182,15.658163165234605,3552.297,6.788565185044576,1.5,126,105,0.000691615983383187,0,0.0045473229368512506
B0007,22,50,24.0,1.8810954313244785,94.05477156622393,4.196951235755862,2.985701673091382,2.1058524852518143,3.5599340214678805,0.262396085205122,1.9261058568907057,24.314302419669428,39.359447242364645,32.19571819720114,15.045144822695217,3531.578,6.759032566671403,1.5,126,104,-0.00037672841988123373,0,0.006655628000466729
B0007,23,54,24.0,1.8710089649779995,93.55044824889998,4.196666467438727,2.8624482917296183,1.846021007590992,3.5595604968237993,0.2755055664428783,1.9468405917249594,23.946713982155597,39.454159451189874,31.805988160181123,15.507445469034277,3492.907,6.749769979363801,1.5,126,103,-0.010086466346479028,0,0.00449673467285896
B0007,24,58,24.0,1.8701995151941375,93.50997575970688,4.1966416719103465,2.9139323032496045,1.7370300333706354,3.552385161941813,0.28817671720490146,1.9364196896718646,23.7951049382806,39.641748274009444,31.737001978644926,15.846643335728846,3511.594,6.739468507067623,1.5,126,102,-0.000809449783861993,0,0.004364112668820708
B0007,25,62,24.0,1.8706715362800985,93.53357681400493,4.1971302559922,2.0506492642329937,2.0506492642329937,3.5707670304281067,0.2505087558173121,1.9675984733558025,23.737266454884896,38.86906912217273,31.51707667966367,15.131802667287836,3431.9370000000054,6.70387372964967,1.5,126,101,0.0004720210859610052,0,-0.0020218014961756125
B0007,26,66,24.0,1.8596124644020169,92.98062322010084,4.196450282799754,1.8254369744762284,1.8254369744762284,3.5657224847439295,0.26724293226716145,1.9680130544442065,23.652272583938505,39.11839966443177,31.442860781038384,15.466127080493266,3431.125,6.694608974354447,1.5,126,100,-0.011059071878081639,0,-0.004371939068468578
B0007,27,70,24.0,1.860033909718346,93.0016954859173,4.196790308710931,2.134879000684994,2.134879000684994,3.5712835067487094,0.24546299726358747,1.9675631762844843,23.526608715948186,38.68010761281634,31.32326275303232,15.153498896868157,3412.406,6.666595714140784,1.5,126,99,0.00042144531632914983,0,-0.004212304321226501
B0007,28,74,24.0,1.8591653109160768,92.95826554580384,4.196693048697735,1.970455493406623,1.970455493406623,3.5679716274891398,0.256383090128758,1.967618505240168,23.487149781417028,38.863045678198645,31.28571570579735,15.375895896781618,3410.688,6.657658351293735,1.5,126,98,-0.0008685988022691937,0,-0.002368730812384534
B0007,29,78,24.0,1.8481398178778288,92.40699089389143,4.197078923354,1.8132694309760007,1.8132694309760007,3.5646314038791784,0.2688392479727567,1.9678214300979182,23.50330268668737,39.14531169811219,31.331850868998004,15.642009011424818,3410.718,6.6523732824954225,1.5,126,97,-0.011025493038248069,0,-0.004411939463261749
B0007,30,82,24.0,1.849201702126164,92.4600851063082,4.196062203382386,2.0483657324095637,2.0483657324095637,3.568983888921194,0.2510097241436422,1.9675056354779956,23.520585860135146,38.8380564174779,31.32285733932258,15.317470557342755,3392.719,6.624137179951853,1.5,126,96,0.0010618842483351987,0,-0.00429396683078691
B0007,31,86,24.0,1.8834677437950846,94.17338718975424,4.206370624421659,2.8828887698944623,2.181560983985832,3.564620688944316,0.24235648397605905,1.9683447778186904,23.539477112342677,38.95965174080089,31.608436452122476,15.420174628458216,3470.672,6.780118866357346,1.5,126,95,0.034266041668920666,1,0.004771055878613551
B0007,32,90,24.0,1.8628211117905844,93.14105558952922,4.203187727641822,2.1177799354077496,2.1177799354077496,3.5694388142217837,0.23904274000018072,1.9788210991401491,23.9542942093336,39.053875772291974,31.782101501165204,15.099581562958374,3414.109,6.702715077597238,1.5,126,94,-0.02064663200450023,0,0.0005574404144476741
B0007,33,94,24.0,1.852085039652352,92.6042519826176,4.202855529853741,2.1637448793153697,2.1637448793153697,3.568742147335628,0.2361226467707183,1.9785908218423578,23.7356722226572,38.699551697978606,31.515041989202878,14.963879475321406,3395.219,6.6632871098367605,1.5,126,93,-0.010736072138232355,0,-0.0014160542527449581
B0007,34,98,24.0,1.8469504648208708,92.34752324104353,4.2027504558714135,2.0456561472058055,2.0456561472058055,3.5642424070467817,0.2435637592164921,1.9784335668087778,23.309807963383705,38.6052414906155,31.13866351339678,15.295433527231793,3386.0,6.636505189849408,1.5,126,92,-0.005134574831481276,0,-0.0002378706113915996
B0007,35,102,24.0,1.836828431169018,91.8414215584509,4.202497792748939,2.1356202266992863,2.1356202266992863,3.5653038098527605,0.2380524119042055,1.9781613462371574,23.305948209951065,38.42604747702835,31.068710515588776,15.120099267077283,3368.187,6.602468444353949,1.5,126,91,-0.010122033651852824,0,-0.0024746541914292043
B0007,36,106,24.0,1.8371619619672275,91.85809809836137,4.20243913428064,2.042987153745025,2.042987153745025,3.565432167703823,0.24360198231062685,1.9783860225738241,23.739006255698545,39.0468968949422,31.618244836823447,15.307890639243656,3368.266,6.603771377505247,1.5,126,90,0.0003335307982095248,0,-0.009261156365571432
B0007,37,110,24.0,1.8316722583718854,91.58361291859427,4.2027151718379345,1.9786162394118947,1.9786162394118947,3.5622303163451425,0.24837093630083507,1.9780805998719366,23.487622777066665,38.836764958613884,31.331528063668397,15.349142181547219,3358.719,6.578203848493088,1.5,126,89,-0.005489703595342066,0,-0.006229770683739799
B0007,38,114,24.0,1.8211470951317783,91.05735475658892,4.203023971708643,2.15845357648832,2.15845357648832,3.564481026852489,0.23693822731644562,1.9780988820364462,23.2595984254445,38.49981470604549,31.132569191182142,15.24021628060099,3339.5,6.54458780150221,1.5,126,88,-0.010525163240107105,0,-0.006187588904114749
B0007,39,118,24.0,1.816506091511515,90.82530457557574,4.202697887601401,2.092603698932653,2.092603698932653,3.561614556780574,0.24121089374904708,1.9779784075733657,23.02752211633403,38.582340147970775,30.972969676157927,15.554818031636746,3331.265,6.522834742251909,1.5,126,87,-0.004641003620263318,0,-0.006088874661871158
B0007,40,122,24.0,1.8113815601504555,90.56907800752278,4.202582706720855,2.1528886431678034,2.1528886431678034,3.5630587459190144,0.2377592209805917,1.9784370488525895,23.19557262400947,38.787499833494046,31.1990648511682,15.591927209484577,3321.188,6.50707815642793,1.5,126,86,-0.005124531361059503,0,-0.005089374203712494
B0007,41,126,24.0,1.8116056333939583,90.58028166969791,4.203035094861703,2.0537418826405966,2.0537418826405966,3.5629534367704405,0.24427062964618607,1.9782902099305797,23.759419652346843,39.31221126031847,31.722267598269813,15.552791607971628,3321.844,6.507683177848434,1.5,126,85,0.00022407324350282032,0,-0.005111265714653835
B0007,42,130,24.0,1.8060548955557403,90.30274477778701,4.202608242479543,2.0793300586339956,2.0793300586339956,3.563446012076242,0.24292877825753523,1.978204592155878,23.9923227657072,39.40567993360536,31.900827580605675,15.413357167898162,3311.828,6.48886720492721,1.5,126,84,-0.005550737838218023,0,-0.0051234725632290255
B0007,43,134,24.0,1.8132041826994056,90.66020913497029,4.19612459601344,2.0759793304520757,2.0759793304520757,3.563998342345823,0.25327029403423074,1.9671070815271066,23.71738806870469,39.32802757827611,31.5372402498617,15.610639509571417,3327.391,6.486171873839956,1.5,126,83,0.0071492871436653616,1,-0.0015885824864745324
B0007,44,136,24.0,1.8062641938283535,90.31320969141767,4.2042954628954305,2.0674349483094465,2.0674349483094465,3.5604902283110547,0.24529230432510515,1.9781214643703728,23.529894259806802,38.6112528181758,31.24662583059252,15.081358558368997,3312.078,6.483966529554647,1.5,126,82,-0.006939988871052183,0,-0.0020483795366323053
B0007,45,140,24.0,1.7958310249900458,89.79155124950229,4.201835131331625,2.037264031192436,2.037264031192436,3.5567002097886946,0.24718150200077496,1.9780364457328714,23.08807388106935,38.569726951286874,30.939399361884792,15.481653070217526,3293.172,6.439677700794888,1.5,126,81,-0.010433168838307694,0,-0.0031101070320819434
B0007,46,144,24.0,1.7858852600390451,89.29426300195226,4.202901194454151,2.1632674190148338,2.1632674190148338,3.5584127263446006,0.23972404685296034,1.97793896698507,22.99093247491259,38.34572083526661,30.884857004354572,15.354788360354021,3275.328,6.407012477669587,1.5,126,80,-0.009945764951000635,0,-0.005144074670982634
B0007,47,148,24.0,1.7803268604502753,89.01634302251377,4.201756108371374,2.106631526845483,2.106631526845483,3.556136820956992,0.24353239714133773,1.9780170042003,22.975283987903012,38.482540634946716,30.920682316695828,15.507256647043704,3265.016,6.383292596096491,1.5,126,79,-0.005558399588769802,0,-0.00514560702109299
B0007,48,150,24.0,1.8150756899575577,90.75378449787789,4.191916354433964,2.1809272860788376,2.1809272860788376,3.568999942180493,0.23779858875750914,1.9779140108313502,26.469089975309167,41.0499421893331,33.880577817079796,14.580852214023935,3328.937,6.531870934297347,1.5,126,78,0.03474882950728242,1,0.00037430145163042106
B0007,49,154,24.0,1.8157025154845838,90.78512577422919,4.203330153285592,2.1773498094527195,2.1773498094527195,3.571059290544873,0.23785906798506715,1.978162017642311,25.3863555458825,40.361944885615415,33.038339318294426,14.975589339732917,3329.266,6.537088661397099,1.5,126,77,0.000626825527026087,0,0.0018876643312460751
B0007,50,158,24.0,1.8002432178056673,90.01216089028337,4.20248271441994,2.180136101967249,2.180136101967249,3.5666921284622095,0.23760527129618003,1.9779553399945098,24.527292175910674,39.6676965288026,32.27329169539202,15.140404352891927,3301.579,6.474009221241965,1.5,126,76,-0.015459297678916517,0,0.0008824385631243103
B0007,51,162,24.0,1.7904476205609308,89.52238102804654,4.203276539809248,2.1286295199076855,2.1286295199076855,3.563327431073248,0.24105488010739884,1.9779914337720734,24.049002964015955,39.481181404811096,31.937919783481355,15.432178440795141,3283.563,6.432644438382921,1.5,126,75,-0.009795597244736554,0,0.0009124721043771266
B0007,52,166,24.0,1.780343032300132,89.0171516150066,4.202580870413733,2.8191493135378414,2.155901281560187,3.5590146214829015,0.24277115965808288,1.972192989054421,23.724772219746917,39.419051143069204,31.688686599521045,15.694278923322287,3275.125,6.398430607115167,1.5,126,74,-0.010104588260798852,0,3.234369971316653e-06
B0007,53,170,24.0,1.775328769596812,88.7664384798406,4.203244171517053,2.7914986722149657,2.067103728219671,3.5566945836342914,0.24879599446153314,1.9723263193206682,23.743245769668285,39.72196117128354,31.779120691032947,15.978715401615254,3265.656,6.376184332185841,1.5,126,73,-0.005014262703319838,0,-0.007949384072149134
B0007,54,174,24.0,1.7702629734732853,88.51314867366426,4.202697222668131,2.912699551286945,2.0619831864543094,3.555013984911923,0.2513247440204203,1.9668382736785281,24.07167963443903,40.041366724781085,32.133873372089305,15.969687090342056,3266.093,6.358403193718278,1.5,126,72,-0.005065796123526756,0,-0.009087908402259703
B0007,55,178,24.0,1.760081061854204,88.0040530927102,4.202581421564202,2.99598771253577,2.143037413381466,3.5526373754067415,0.24843977298975742,1.9609304428642138,23.857377552308677,39.66314441864834,31.889431533099835,15.805766866339667,3257.594,6.320704857288989,1.5,126,71,-0.01018191161908133,0,-0.008032431190292667
B0007,56,182,24.0,1.749647593537689,87.48237967688445,4.201127463298259,2.97267687251875,1.9929057988209282,3.547186025484395,0.2591347484640653,1.9607588424014128,23.74276611720144,39.84751541049116,31.81736328028127,16.10474929328972,3248.593,6.293165969925084,1.5,126,70,-0.010433468316515038,0,-0.008160005404648363
B0007,57,186,24.0,1.749650075059311,87.48250375296554,4.202508747096239,2.981408978015783,2.0335961968180234,3.546814755244375,0.2566708502475146,1.9607502568135042,23.587639063990324,39.743357771631004,31.72316205746117,16.15571870764068,3238.766,6.2734553874156385,1.5,126,69,2.481521621966465e-06,0,-0.006138591448164199
B0007,58,190,24.0,1.745028739214683,87.25143696073415,4.202197348597037,3.0307473063064005,2.0213017345171265,3.5447850172972655,0.2590391092431144,1.955106689333301,23.715392068439094,40.07246786936068,31.957150654392294,16.357075800921585,3240.14,6.256226412886117,1.5,126,68,-0.004621335844627872,0,-0.0060600060764258055
B0007,59,194,24.0,1.7396457455286727,86.98228727643364,4.202490707154508,3.0390623366854363,2.0789964919635966,3.5465215420964156,0.25599663439330134,1.9550631626775967,24.226269945943525,40.247716114003914,32.29917704213345,16.02144616806039,3230.109,6.239813068938487,1.5,126,67,-0.005382993686010362,0,-0.006123445588922527
B0007,60,198,24.0,1.7285642277717963,86.42821138858982,4.20211186646044,3.073271766798443,1.9925354808829658,3.540832547654255,0.2637981986834192,1.9491545130405272,24.018613045430662,40.27220819224188,32.128842946565555,16.253595146811215,3229.7810000000027,6.212101547614824,1.5,126,66,-0.01108151775687638,0,-0.006303366816481537
B0007,61,202,24.0,1.723900324588418,86.1950162294209,4.202924241129693,3.0987788360066437,2.14041602578448,3.542992511358393,0.25433595231008316,1.9485245668379871,23.868157730931408,39.89848456781458,32.021134355757404,16.03032683688317,3212.469,6.179917969286194,1.5,126,65,-0.004663903183378393,0,-0.005149453789854208
B0007,62,206,24.0,1.7139788776485192,85.69894388242597,4.202395835117333,3.1213682588066063,2.006753861515003,3.5360811169860216,0.2648942463001822,1.9431245838111422,23.679272417109907,40.0571305311587,31.859048861486652,16.37785811404879,3213.219,6.153814617791076,1.5,126,64,-0.009921446939898715,0,-0.007134239482158344
B0007,63,210,24.0,1.7139701997004613,85.69850998502307,4.2025695620076915,3.134628907491469,2.121868132176415,3.5392436935272635,0.25696742774933107,1.9430105437169318,23.841899649981112,40.240711749549135,32.16100333536097,16.398812099568023,3203.578,6.140230112759753,1.5,126,63,-8.677948057922436e-06,0,-0.006211707902844354
B0007,64,214,24.0,1.7036521173638766,85.18260586819383,4.201287153879833,3.121005705744245,2.0119648758828452,3.5348237062932575,0.2662038409344857,1.9425236436352382,24.239122695185117,40.12941739090177,32.10276048728767,15.890294695716655,3195.125,6.1152195100522375,1.5,126,62,-0.01031808233658471,0,-0.0071987256329592245
B0007,65,216,24.0,1.7040137474382486,85.20068737191244,4.203984334358096,3.1645013695815067,2.0744390946376323,3.5366477402090606,0.2616558182168718,1.9370251789871722,24.100749099673767,40.3959693732437,32.33880662180898,16.295220273569935,3195.3129999999946,6.102542460406299,1.5,126,61,0.00036163007437206574,0,-0.004910096066709535
B0007,66,220,24.0,1.6935716157343033,84.67858078671516,4.20220228055958,3.210026375746328,2.188793384556236,3.5352062840980913,0.25544791069144723,1.9310353224698769,23.897590280042657,40.18751058333668,32.21373014824893,16.289920303294025,3186.297,6.064240838548212,1.5,126,60,-0.010442131703945368,0,-0.00606574177082293
B0007,67,224,24.0,1.6876577363877656,84.38288681938828,4.201755934400281,3.2105896114065064,2.1739523632140685,3.5329852237553396,0.25706788640824413,1.9304738354803441,23.755130209547474,40.14605167557969,32.09949526722965,16.390921466032218,3176.438,6.039232563009916,1.5,126,59,-0.005913879346537643,0,-0.005264228252150715
B0007,68,228,24.0,1.6830744356583152,84.15372178291575,4.202600613133091,3.211652712511208,2.1783847786257136,3.532158560934324,0.25743321846075945,1.9305724132185291,23.736969701170437,40.18846095484838,32.11305439113157,16.451491253677943,3167.593,6.021644367339642,1.5,126,58,-0.004583300729450457,0,-0.006179152808429222
B0007,69,232,24.0,1.6779270142025482,83.89635071012741,4.202295008453833,3.2367890789594935,2.191481814157953,3.5308376380023527,0.25735132818647616,1.9247227974831074,23.791281395349262,40.2789498830108,32.20371989479744,16.48766848766154,3167.719,6.002398054178905,1.5,126,57,-0.005147421455766965,0,-0.005145020632265673
B0007,70,236,24.0,1.6732060275966172,83.66030137983086,4.202842977920607,3.236252355469797,2.1753473356526807,3.5296958440720005,0.25903317835716594,1.9246004507121866,23.8371835445039,40.310727434969614,32.23340825772458,16.473543890465713,3159.077999999994,5.983917976480589,1.5,126,56,-0.00472098660593101,0,-0.006161543968326288
B0007,71,240,24.0,1.6674367208253988,83.37183604126994,4.202031500801591,3.2381402568717146,2.1832922624558813,3.5281819372126093,0.2590267647030847,1.9243788765495635,23.780373043169558,40.31733812871393,32.212169716369466,16.53696508554437,3148.829,5.9608146040524375,1.5,126,55,-0.005769306771218341,0,-0.005226978981780883
B0007,72,244,24.0,1.6622662630667526,83.11331315333763,4.202335745153063,3.2607912474890384,2.192864020990023,3.5265730179666974,0.25895117983184,1.9184028799161776,23.770282871894263,40.332563430145015,32.21746401954225,16.56228055825075,3149.094,5.940860787210121,1.5,126,54,-0.005170457758646219,0,-0.005078294664202598
B0007,73,248,24.0,1.6574243065763063,82.87121532881531,4.201773071145273,3.2576377743116076,2.1560972126643922,3.5245022548553444,0.26179245053019967,1.9181664471622712,23.76194654931583,40.431258866851486,32.23410177209762,16.669312317535656,3140.547,5.9206212707581605,1.5,126,53,-0.004841956490446275,0,-0.005130025816401762
B0007,74,252,24.0,1.652538684928734,82.6269342464367,4.201486505584843,3.2561979569093245,2.138540138129487,3.5228548406546385,0.26334902608175864,1.9180994998619483,23.75415567195125,40.46247985933005,32.228343983674435,16.708324187378803,3131.625,5.9007349025021005,1.5,126,52,-0.004885621647572336,0,-0.005077665854762836
B0007,75,256,24.0,1.6472174627573322,82.3608731378666,4.2019492746220735,3.2612376667863723,2.1646493163558524,3.5222829121237855,0.2622165090473685,1.9179587244853675,23.692389087728426,40.40103455658551,32.1833106060944,16.708645468857082,3121.907,5.88059965048413,1.5,126,51,-0.0053212221714018515,0,-0.005197712967857005
B0007,76,260,24.0,1.6364136810898071,81.82068405449036,4.202045571197949,3.2767912255627567,2.1187211383693167,3.5189923820688493,0.26579878809823443,1.9116787215527213,23.65119377825813,40.4426971996319,32.17200142078129,16.791503421373772,3122.125,5.857228806793807,1.5,126,50,-0.010803781667525048,0,-0.0062046079471183456
B0007,77,264,24.0,1.6362554312048496,81.81277156024248,4.204697039833386,3.280204681321995,2.1377868706438155,3.5177844279570794,0.26600215117219994,1.9116021818524709,23.617774403005388,40.26214977673693,32.03316223587618,16.644375373731545,3121.672,5.854045152219231,1.5,126,49,-0.00015824988495749537,0,-0.0052021663723806014
B0007,78,266,24.0,1.641119179218384,82.0559589609192,4.203789569367976,3.246330916016724,2.103155697792567,3.5212226057273495,0.267463244027458,1.917648718820213,24.17781961485231,40.645668361956844,32.506671891788216,16.467848747104533,3120.86,5.87708991176168,1.5,126,48,0.004863748013534286,0,-0.0032610254715844888
B0007,79,270,24.0,1.6315700789656966,81.57850394828483,4.201897793299824,3.2847935310270984,2.186737546753024,3.5172227884430147,0.26251805234594217,1.9111402386391976,23.553024490779926,39.95209030011925,31.961039485620926,16.399065809339326,3103.828,5.817751586988509,1.5,126,47,-0.009549100252687293,0,-0.00419372119260748
B0007,80,274,24.0,1.621213282987236,81.0606641493618,4.20178017149305,3.278208354451213,2.1007747911593695,3.5125010864221813,0.26841940308331047,1.9108682624772713,23.15836420422582,40.165034583244065,31.798082670491866,17.006670379018246,3095.094,5.792748313295921,1.5,126,46,-0.010356795978460509,0,-0.005200835954019212
B0007,81,278,24.0,1.6164273214762122,80.82136607381061,4.202220537976551,3.2985123960309424,2.1417010068719846,3.5129614635074673,0.26549914451346457,1.9049809251600105,23.26175935743409,40.36674175781141,31.95802833708937,17.10498240037732,3095.781,5.777434052781424,1.5,126,45,-0.004785961511023951,0,-0.0039972719227189925
B0007,82,282,24.0,1.615823510161921,80.79117550809605,4.2013887453306085,3.2892126252156215,2.0912297625621297,3.5125204100391962,0.26924432437899815,1.9051115160683214,23.705879583857502,40.88269125311642,32.41813169746276,17.176811669258917,3094.328,5.775091282241099,1.5,126,44,-0.0006038113142912138,0,-0.004086384208585736
B0007,83,286,24.0,1.61672418029789,80.83620901489451,4.2015967090294115,3.296160957280199,2.1663009505205935,3.5151454557578807,0.264592914024469,1.9049221617708285,24.06482534257176,40.856332202254556,32.64044972789331,16.791506859682798,3086.531,5.763553948391042,1.5,126,43,0.0009006701359690616,0,-0.004878999784098781
B0007,84,290,24.0,1.6108655863730026,80.54327931865014,4.201668680267049,3.3160994964500823,2.1843637809529235,3.513443179473182,0.26388369352167246,1.8987673918259145,23.95500402082536,40.778024611598504,32.56399373078006,16.823020590773144,3085.625,5.740753354217775,1.5,126,42,-0.005858593924887412,0,-0.004140898518538804
B0007,85,294,24.0,1.6006603374309376,80.03301687154688,4.202512585523171,3.2993497050936234,2.113995772639173,3.5097089402574535,0.26957573994134193,1.904361661364581,23.712966469853818,40.5829305350897,32.28305350922276,16.869964065235884,3067.203,5.716456662638244,1.5,126,41,-0.010205248942064982,0,-0.004110589111259699
B0007,86,298,24.0,1.5959174487005663,79.79587243502831,4.201472345711643,3.2941059341780656,2.0287779476202195,3.5042771471756997,0.27593869419229977,1.9042167406508488,23.380469376342713,40.6345689985191,32.06065237439007,17.254099622176387,3058.157,5.6912426228244595,1.5,126,40,-0.00474288873037132,0,-0.004101974555129173
B0007,87,302,24.0,1.5962179519462243,79.81089759731121,4.20121682733489,3.321071654405696,2.1948906641943635,3.509207943122176,0.26403401116573244,1.8982712229514884,23.590060757882835,40.75070125010339,32.365261126964526,17.160640492220555,3058.812,5.682079807585006,1.5,126,39,0.00030050324565800146,0,-0.00392111164313933
B0007,88,306,24.0,1.5958065114633972,79.79032557316987,4.201188425441681,3.3148956836726917,2.1621122251410005,3.5095064920492853,0.26651020354295685,1.8978120665431735,23.982069185971252,41.0672419235651,32.68851871366292,17.085172737593847,3058.578,5.681366066603345,1.5,126,38,-0.00041144048282704127,0,-0.0041835337668985504
B0007,89,310,24.0,1.5906507821480704,79.53253910740352,4.201316437036837,3.285250365344493,2.0092802451741245,3.505203266169396,0.27780037236330035,1.9036894961898951,24.058890842833772,41.40590880756584,32.747733642524246,17.347017964732064,3049.328,5.674946153706331,1.5,126,37,-0.005155729315326818,0,-0.0040429608449864315
B0007,90,313,24.0,1.6888211161855506,84.44105580927753,4.2331462538907605,3.167885572406937,2.144268362237989,3.5281182345919753,0.27416305799250557,1.9369986986497965,23.850620264439623,41.01558674901627,32.50500516961017,17.16496648457665,3177.219,6.052063994967586,1.5,126,36,0.09817033403748021,1,0.017632155750922605
B0007,91,316,24.0,1.6259938279733204,81.29969139866601,4.203917718634026,3.2155768977103443,2.0962813773920193,3.519590928396835,0.27054736304342386,1.9233419037458164,24.436141729208707,41.31851435911838,32.91993878980996,16.882372629909675,3082.937,5.8200950508713785,1.5,126,35,-0.06282728821223027,0,0.006015275854550817
B0007,92,320,24.0,1.6157433862812898,80.78716931406449,4.201783140660278,3.237322371764735,2.0376560852489356,3.5146260368096875,0.27485823359870815,1.9169003551303383,24.491627843389136,41.4002950560853,32.948305858317944,16.908667212696162,3074.266,5.777020974284328,1.5,126,34,-0.010250441692030599,0,0.0039050868670130966
B0007,93,324,24.0,1.6056626764846538,80.28313382423269,4.201329890079568,3.265128362055365,2.050265845971926,3.5115494818370454,0.2738568804220646,1.9104739991515625,24.22889157546796,41.2508092329952,32.76906651915661,17.021917657527244,3066.0,5.73704566709158,1.5,126,33,-0.010080709796636,0,0.001971233004251305
B0007,94,328,24.0,1.5949746921524348,79.74873460762174,4.200849613571161,3.296447022937046,2.1421639870693685,3.510769869032659,0.26772380868625756,1.904277326283454,24.003142454503458,40.95362783962595,32.59734424608833,16.950485385122494,3056.437,5.698533580976982,1.5,126,32,-0.010687984332218958,0,0.0008647820008728768
B0007,95,332,24.0,1.5904102438871945,79.52051219435972,4.2014637977405025,3.2937623817098896,2.093098662464846,3.50804494279531,0.2714351723858833,1.9040060475398195,23.887316172679235,40.989022190981714,32.52349894408369,17.10170601830248,3048.219,5.678186762251141,1.5,126,31,-0.004564448265240273,0,-0.01968217445967122
B0007,96,336,24.0,1.5853517062988178,79.26758531494089,4.201750207865124,3.295607974447043,2.109503853325003,3.507748080950393,0.27050869918323595,1.903682025344975,23.935993772910926,41.02622774121347,32.578228834731775,17.09023396830254,3039.218,5.659917861268947,1.5,126,30,-0.00505853758837671,0,-0.008128424334900509
B0007,97,340,24.0,1.5799737147242376,78.99868573621188,4.201226117420626,3.31453089957125,2.1295447836320704,3.5066673521067266,0.2692433210994772,1.8977184161709566,23.983462090671043,41.01371342582121,32.62728298499839,17.030251335150165,3039.047,5.639981128155463,1.5,126,29,-0.005377991574580188,0,-0.007153934311410426
B0007,98,344,24.0,1.5752185465278068,78.76092732639034,4.20172950022185,3.316265649872767,2.138556110583413,3.5061843921745397,0.2691227468747876,1.89734180804451,24.001863345360867,41.04923314430273,32.652115712561326,17.047369798941865,3030.375,5.622384724607772,1.5,126,28,-0.004755168196430848,0,-0.006088825991369395
B0007,99,348,24.0,1.569798484648868,78.4899242324434,4.201200470517945,3.3180552739333047,2.1437793669909317,3.5051004339266254,0.26893892592128943,1.8970244466316413,23.973654052530293,41.05277512550887,32.64767456395258,17.07912107297858,3021.0,5.601397050692208,1.5,126,27,-0.005420061878938842,0,-0.005035241500713372
B0007,100,352,24.0,1.5702565375950357,78.51282687975178,4.201289094579205,3.337661100143437,2.199196544880164,3.5054479186890566,0.26547378393904136,1.890944242298161,24.01135599553165,41.02092182377061,32.6993879231031,17.00956582823896,3021.75,5.585607978791153,1.5,126,26,0.00045805294616774184,0,-0.004030741258431769
B0007,101,356,24.0,1.565249873909438,78.2624936954719,4.200987543108535,3.3084712639892704,2.0252901014990434,3.500074246846,0.2780974884933766,1.8968789299198896,24.014328583157496,41.34840278359994,32.724576765133094,17.33407420044244,3012.265,5.577995627249515,1.5,126,25,-0.0050066636855976565,0,-0.0040203664778759585
B0007,102,360,24.0,1.559633933561147,77.98169667805736,4.201468313659235,3.31616190352511,2.0874226328484515,3.5011647157526498,0.2734435466054509,1.8964776036151527,23.997152815820534,41.23753665797544,32.70434030242972,17.240383842154905,3002.641,5.559790708920634,1.5,126,24,-0.005615940348290938,0,-0.004067956232618108
B0007,103,364,24.0,1.5649820533392105,78.24910266696052,4.1961027546611325,3.3086447213643893,2.0863200514042264,3.500407285435189,0.2727539732933852,1.8967990962803922,24.075220529885144,41.21700308433066,32.74051962267582,17.14178255444552,3012.0,5.577554960236856,1.5,126,23,0.005348119778063376,1,-0.0020472986377192636
B0007,104,367,24.0,1.57497949984227,78.7489749921135,4.205246397279064,3.2797614304472664,2.0588247910323827,3.507816455272743,0.2757283357353109,1.903150343237685,24.773284683784794,41.89753189273277,33.38712825139849,17.124247208947978,3020.11,5.62469817500744,1.5,126,22,0.009997446503059448,1,0.0010362030386803945
B0007,105,371,24.0,1.5652811168780458,78.2640558439023,4.201413874880438,3.2816898392310923,2.007722684403967,3.5025243992110107,0.27939830506505453,1.9028709165135844,24.611723655521537,41.90270996402953,33.270627344923426,17.290986308507996,3002.172000000006,5.5818236403890635,1.5,126,21,-0.009698382964224095,0,-0.000995084143397973
B0007,106,375,24.0,1.559755497470126,77.9877748735063,4.201648832380503,3.3192912535815724,2.190682586389996,3.505155823274424,0.26716096018418656,1.896329660235778,24.423639542020226,41.48233804274523,33.115074143665915,17.058698500725008,2992.703,5.5472371537483385,1.5,126,20,-0.005525619407919846,0,-0.0010988752878624108
B0007,107,379,24.0,1.549897685670499,77.49488428352494,4.199365579406469,3.271441637834264,2.008435320437976,3.4983646475135717,0.2800179112567817,1.9084409166580933,24.19968791502018,41.641162265997195,32.90572814040102,17.441474350977014,2964.468,5.519553305083662,1.5,126,19,-0.009857811799627081,0,-0.0019472495781296395
B0007,108,383,24.0,1.5438771531345021,77.1938576567251,4.2008597336564515,3.3355119582476673,2.1646360641399958,3.500140843862167,0.26887813430357094,1.8897565548946964,24.119745588729376,41.433877603827945,32.953112654161664,17.31413201509857,2983.375,5.503043443273644,1.5,126,18,-0.00602053253599677,0,-0.0042209800409416685
B0007,109,387,24.0,1.5450187488690073,77.25093744345037,4.20162098338246,3.3092626414326762,2.0647427536919833,3.49909547013937,0.2760027250501692,1.8959167588975119,24.459092848668906,41.8543569979417,33.2282109237263,17.395264149272794,2975.297,5.5054777795976095,1.5,126,17,0.0011415957345051186,0,-0.0059921501946525344
B0007,110,391,24.0,1.5445940154102908,77.22970077051454,4.201112398367318,3.3329781009294663,2.170172617792397,3.5010357611640615,0.26906391858600187,1.8894086402500336,24.609806274773607,41.78271326384125,33.361342590516294,17.172906989067645,2974.9850000000006,5.488386587295718,1.5,126,16,-0.00042473345871640866,0,-0.004137420293550997
B0007,111,395,24.0,1.5343086721758876,76.71543360879438,4.200810741834928,3.333293705571698,2.120750718982474,3.497212315865497,0.2725395525815381,1.8889319524937909,24.347810363862536,41.62744766181303,33.12431679486816,17.279637297950494,2966.25,5.4648853812431595,1.5,126,15,-0.010285343234403221,0,-0.005089365058847673
B0007,112,399,24.0,1.5287603942958483,76.43801971479242,4.200351170622191,3.335626153934355,2.13627215665258,3.496089957852059,0.271483182584801,1.8885129340185374,24.143346223120343,41.552128441464966,32.991553593266204,17.408782218344623,2956.359,5.443512988157579,1.5,126,14,-0.0055482778800393096,0,-0.0042274582749301185
B0007,113,403,24.0,1.5289260249179843,76.44630124589922,4.201791474587699,3.330409249627142,2.0938572364769055,3.495877119417779,0.27453166041980637,1.8888280889155629,24.39231898986203,41.839167194182565,33.2318318845246,17.446848204320535,2956.344,5.444307341097111,1.5,126,13,0.00016563062213603708,0,-0.0029902256433035567
B0007,114,407,24.0,1.529091650133123,76.45458250665615,4.20049747493448,3.3206227363539624,1.9959465760122976,3.493116071455022,0.2817618222544089,1.8888109089947782,24.672067025619615,42.23998716092915,33.5098123920945,17.56792013530953,2956.406,5.441182379748626,1.5,126,12,0.00016562521513874273,0,-0.003185419747176832
B0007,115,411,24.0,1.5239059324661248,76.19529662330623,4.2002005229611115,3.325515911717548,2.0305769860653866,3.492655946458748,0.279043030854902,1.888168080257056,24.56852628281145,42.040902384977116,33.382402850667845,17.472376102165665,2947.266,5.421918988770977,1.5,126,11,-0.0051857176669982685,0,-0.004137616588833204
B0007,116,415,24.0,1.5186675419100615,75.93337709550308,4.200674971032527,3.333109444153607,2.0758803797636745,3.49208824531703,0.2761335994927761,1.8879294129270705,24.34305560390618,41.803429062834496,33.17829959346276,17.460373458928316,2937.984,5.402074304203918,1.5,126,10,-0.005238390556063344,0,-0.0031282260531652283
B0007,117,419,24.0,1.5136482266426952,75.68241133213476,4.200371214024706,3.3357107086010784,2.0793549048242492,3.490216477408044,0.2758276886812699,1.8877500770150009,24.102975818508014,41.6886924602386,33.01591345323486,17.585716641730585,2929.125,5.38163506298379,1.5,126,9,-0.00501931526736632,0,-0.0030224335306306303
B0007,118,423,24.0,1.5136050185229033,75.68025092614516,4.200965645223048,3.3309398112357202,2.0585109366080414,3.4905931958620466,0.277468540309286,1.8878121701005246,24.36377918362768,41.988171601182124,33.271000362987586,17.624392417554443,2928.454,5.382167848540123,1.5,126,8,-4.32081197918599e-05,0,-0.0030642012790162098
B0007,119,427,24.0,1.5139470614867965,75.69735307433983,4.20138339090339,3.325286281364161,2.0253107306977376,3.4911419366203664,0.2798972380490623,1.8876928991276465,24.75194443636669,42.33252236723314,33.61966967517867,17.58057793086645,2929.375,5.384801675737266,1.5,126,7,0.00034204296389317435,0,-0.0030289177292653234
B0007,120,431,24.0,1.5339599193158786,76.69799596579394,4.192472918500566,3.275520043283547,2.0069579017420067,3.49283645226053,0.280648377364394,1.9010239453576763,24.961870263662043,41.63553796804361,33.29697162630193,16.673667704381565,2946.031,5.456855397343847,1.5,126,6,0.02001285782908213,1,0.0020107973699507566
B0007,121,433,24.0,1.5391372798653098,76.95686399326549,4.204602036514753,3.308772267470376,2.19792648712031,3.5025157522808223,0.26895843585075985,1.8951387117061618,24.95211336056763,41.470498076928735,33.393130865360554,16.518384716361105,2955.438,5.471447192534329,1.5,126,5,0.005177360549431187,1,0.004093947591049663
B0007,122,437,24.0,1.5236247972838737,76.18123986419369,4.2008675427725715,3.301562663091317,2.0299415196572554,3.492953565598811,0.2795996279931968,1.8941605693797292,24.596043710176414,41.54038193238441,33.13820710362847,16.944338222208,2937.625,5.421260505402817,1.5,126,4,-0.015512482581436116,0,0.0019953141282357035
B0007,123,441,24.0,1.5135813035589147,75.67906517794573,4.201036137691208,3.32941289444089,2.1171503915767786,3.4917462636517236,0.27350870981613745,1.8875176184156874,24.21295183077047,41.13947017697289,32.84069778843796,16.92651834620242,2929.078,5.383917083795636,1.5,126,3,-0.01004349372495894,0,-4.742992797712731e-06
B0007,124,445,24.0,1.5077850749847914,75.38925374923957,4.200512464044564,3.3330073089590666,2.1309899052747716,3.490432264232956,0.2729068935891816,1.8871483333452153,24.083470327760516,41.09041922644824,32.75739655594484,17.006948898687725,2918.375,5.3610987462604935,1.5,126,2,-0.005796228574123319,0,-0.0012323973004010115
B0007,125,449,24.0,1.5031960676037333,75.15980338018666,4.20075828356334,3.3472440649292157,2.1294318317485654,3.488861416967918,0.2728699120961805,1.8807767614744106,24.06336388722212,41.10034021580957,32.77234087259374,17.036976328587446,2919.812,5.343310353999166,1.5,126,1,-0.004589007381058163,0,-0.0061527703424290705
B0007,126,453,24.0,1.4978220596995881,74.89110298497941,4.200439147859412,3.3383192077980985,2.164511453629433,3.4891932104785104,0.27114343726176793,1.8864406837331464,24.014672446811392,41.03075447325996,32.720417557744895,17.01608202644857,2900.422,5.324161013608342,1.5,126,0,-0.005374007904145106,0,-0.008263044033144328
B0007,127,457,24.0,1.492848534633516,74.6424267316758,4.200175952944827,3.3540043455800244,2.1743012710834013,3.4878785713375917,0.27036963128436114,1.8800416304859324,23.993235339666544,40.99688397371006,32.710022803073514,17.00364863404352,2901.375,5.305115004388002,1.5,126,0,-0.004973525066072071,0,-0.00615525253007152
B0007,128,461,24.0,1.492414389867026,74.62071949335129,4.1998304414305805,3.3701802702751755,2.1928976284966537,3.486430546073901,0.2689857507962565,1.873350316923088,23.86413247301575,40.88481342461614,32.62076759783716,17.02068095160039,2901.187,5.282982492286843,1.5,126,0,-0.0004341447664901743,0,-0.004233382738377767
B0007,129,465,24.0,1.487482776538081,74.37413882690404,4.200431276110757,3.34604333393751,2.0298495899147295,3.4812572775226682,0.2805884049743061,1.8797045920181357,23.796556329674626,41.09400879501426,32.57651826255201,17.297452465339635,2891.64,5.2768323677167315,1.5,126,0,-0.004931613328944984,0,-0.0040604596893421
B0007,130,469,24.0,1.482535148640411,74.12675743202055,4.200267835972742,3.351868703717653,2.0959492247836815,3.4823550791204023,0.2757345575864043,1.8790771964585375,23.788802856443375,41.01377835587309,32.58396494906228,17.224975499429718,2882.906,5.260753321907949,1.5,126,0,-0.004947627897669893,0,-0.004132183792664446
B0007,131,473,24.0,1.4827874322228984,74.13937161114492,4.199800510212378,3.37126103928545,2.177723491219515,3.4835074286280525,0.2702230568822358,1.8728827201349676,23.82871891762843,40.90635248178393,32.623742674615976,17.077633564155498,2883.265,5.2446010409404655,1.5,126,0,0.00025228358248741145,0,-0.0030069254953379422
B0007,132,477,24.0,1.476971179775059,73.84855898875296,4.200436806124781,3.363638143826266,2.056251340337525,3.478976541530706,0.2785599820113761,1.8726821517266898,23.749697025149906,41.06596192416311,32.58599202496769,17.316264899013206,2882.969,5.236702371876375,1.5,126,0,-0.005816252447839343,0,-0.0031754709716913963
B0007,133,481,24.0,1.4819015554137276,74.09507777068637,4.192977250583526,3.358875203139184,2.1512510632923165,3.483501191305966,0.2710187642003124,1.872769806970048,24.458054583078173,40.84520330629611,32.864544723781215,16.38714872321794,2891.656,5.2615001542053506,1.5,126,0,0.004930375638668494,0,-0.002102566890659663
B0007,134,483,24.0,1.4981366198874824,74.90683099437412,4.203006821509607,3.3421591187111686,2.1693699073642034,3.4899701994096612,0.27165150373790076,1.8800526095621806,24.575871874910508,41.12807910254104,33.079651096902374,16.55220722763053,2901.25,5.309128082147545,1.5,126,0,0.01623506447375478,1,0.0021307686698802896
B0007,135,485,24.0,1.4820775214392872,74.10387607196436,4.2020493515195,3.3565594399139247,2.116759239247948,3.484801138956006,0.2744248030587602,1.8730803637891618,24.33765923587198,41.094988453128494,32.932141650182686,16.757329217256515,2891.703,5.264024064665989,1.5,126,0,-0.016059098448195197,0,-9.152544022477116e-05
B0007,136,489,24.0,1.4771155312812152,73.85577656406076,4.200086642861885,3.3536423529046835,2.009424225590032,3.47835437960934,0.28185158475661226,1.872593579883026,24.089617250967716,41.11877573165318,32.755748003791545,17.029158480685464,2883.016,5.237249791138279,1.5,126,0,-0.004961990158071972,0,-0.0011343801883366479
B0007,137,493,24.0,1.4720772783056488,73.60386391528245,4.199613315582274,3.3568006007742333,2.0034792344341588,3.475694933923807,0.2821225408880852,1.8724797349992206,23.77234297368613,40.980034990626955,32.52965474617847,17.207692016940825,2873.453,5.215196688731701,1.5,126,0,-0.005038252975566371,0,-0.0009787802938820533
B0007,138,497,24.0,1.472248013656454,73.6124006828227,4.199843161074874,3.377870432421932,2.172988732474185,3.481431873453954,0.27031845545040223,1.865968723158606,24.132273951765335,41.017509953482886,32.848065199041,16.88523600171755,2874.031,5.2056982980811926,1.5,126,0,0.00017073535080514013,0,-0.001930708351454724
B0007,139,501,24.0,1.4670106672274665,73.35053336137332,4.199963386133198,3.3707190923138297,2.087464676179042,3.4796060336232353,0.2760443341294343,1.8658199135269655,24.398489581288885,41.299420742573055,33.072327061961936,16.90093116128417,2874.234,5.2042396475068236,1.5,126,0,-0.005237346428987433,0,-0.006225190532003167
B0007,140,505,24.0,1.4617672495335379,73.08836247667689,4.200169604165679,3.3763359727220545,2.110564313669325,3.4782258967329596,0.27467455818201325,1.8654929805746867,24.15787591865575,41.105738037939375,32.85096451719535,16.947862119283624,2864.984,5.183086991629311,1.5,126,0,-0.005243417693928665,0,-0.00406205438114986
B0007,141,509,24.0,1.4566952670489708,72.83476335244853,4.199818547927513,3.3771082923856097,2.0724687293779813,3.4743233868367187,0.2773685437531875,1.8651572711615223,23.833084099928946,40.87704013237699,32.572302329954546,17.043956032448044,2855.093,5.159398601553586,1.5,126,0,-0.0050719824845670836,0,-0.004084052846448883
B0007,142,513,24.0,1.451354972758956,72.5677486379478,4.199503884475213,3.394007023604369,2.1253826973270513,3.4737305453330443,0.27350409030007017,1.8585270477249944,23.613836363374315,40.730219862268235,32.450684441760906,17.11638349889392,2855.625,5.139631324826036,1.5,126,0,-0.005340294290014702,0,-0.004144461109338549
B0007,143,517,24.0,1.451615926257375,72.58079631286874,4.199909919375289,3.3898074174795547,2.1147331324879475,3.47481272321405,0.27411896588082374,1.8589284752853454,23.88537512458738,41.03226257370644,32.7394359440147,17.14688744911906,2855.594,5.142634517149567,1.5,126,0,0.00026095349841881443,0,-0.004126417479815814
B0007,144,521,24.0,1.4468161332173683,72.34080666086842,4.199494444978369,3.3952983014087663,2.1738445330859366,3.476096426841386,0.2707101067699333,1.8582313740431637,24.02645788368703,40.89527781087817,32.775898242252914,16.86881992719114,2847.437,5.127232456586971,1.5,126,0,-0.00479979304000655,0,-0.004038906802019637
B0007,145,525,24.0,1.4467570607768785,72.33785303884392,4.200374694478377,3.3858376143595152,1.9947266977360072,3.4686822529487804,0.2832693778438166,1.8581243414426252,23.75894434400727,41.02491521192672,32.5817324044051,17.26597086791945,2847.36,5.1170683794272405,1.5,126,0,-5.9072440489860156e-05,0,-0.0030020377513318764
B0007,146,529,24.0,1.4413797481446793,72.06898740723396,4.199552965128597,3.3898811613377484,2.0033802121225017,3.4661964701943586,0.2821947324675514,1.8577436806402121,23.458006651239486,40.815968345794715,32.35021153014993,17.35796169455523,2837.328,5.093883026809433,1.5,126,0,-0.005377312632199205,0,-0.0030631037808583005
B0007,147,533,24.0,1.4362456252208178,71.8122812610409,4.1995329856924615,3.4073421752557596,2.116470909151213,3.468183423895935,0.27403294432013725,1.851279547247487,23.320483522668614,40.65138669632271,32.28754240914786,17.330903173654097,2837.281,5.078538544844806,1.5,126,0,-0.005134122923861506,0,-0.003021869507627661
B0007,148,537,24.0,1.4368154153924828,71.84077076962414,4.199300346769649,3.4005242640322146,2.051877342511651,3.4678606629897453,0.27831710554100686,1.8514568747110707,23.67192071435474,40.965385542419945,32.603239183227075,17.293464828065204,2838.515,5.080807500363934,1.5,126,0,0.00056979017166503,0,-0.002960102172978418
B0007,149,541,24.0,1.4362945145860047,71.81472572930024,4.200084247735837,3.387847710477503,2.003221375307111,3.4662499547181245,0.28238524242891305,1.857456774483957,23.703251528067923,41.11319128215138,32.61208344144242,17.409939754083453,2828.328,5.076716334479656,1.5,126,0,-0.0005209008064781528,0,-0.002104323726272739
B0007,150,545,24.0,1.4418575315878015,72.09287657939008,4.18985671710645,3.3798450546195107,1.9865974995249178,3.462469269360201,0.28188198416963234,1.8578494984920149,23.32719332912165,40.78738321989129,32.26742656599958,17.46018989076964,2838.265,5.090821984413498,1.5,126,0,0.005563017001796844,1,-0.0009799058378153979
B0007,151,548,24.0,1.4672063484781797,73.36031742390898,4.202364184888896,3.3659558392373436,2.1908121182442706,3.480518309485383,0.270428573348554,1.8658667712731958,23.980156385315755,40.73001188190229,32.637733704417855,16.749855496586537,2864.547,5.187700169643942,1.5,126,0,0.025348816890378156,1,0.0051653200667000744
B0007,152,552,24.0,1.4518640367848885,72.59320183924443,4.199161217470434,3.3610293799331203,2.033261415031626,3.4723137993738336,0.2802109931464832,1.864786682052692,23.91927093515108,40.990354594470126,32.665258715232376,17.071083659319047,2846.39,5.140778806030942,1.5,126,0,-0.015342311693291144,0,0.0031236823128141466
B0007,153,556,24.0,1.4471379752748499,72.35689876374249,4.199571972228311,3.388753259523979,2.19135439601875,3.474362108592906,0.2695426070546689,1.857949982623541,23.750323116940578,40.62521315513875,32.502652632323915,16.874890038198174,2837.969,5.10765999483182,1.5,126,0,-0.004726061510038626,0,0.0020645119764734154
B0007,154,560,24.0,1.441790586562399,72.08952932811995,4.199909046615677,3.4010627300929737,2.1840705012733683,3.4722823212388754,0.2699344065566691,1.8512445938350375,23.632274191626728,40.58944296824891,32.446842086875606,16.957168776622183,2838.156,5.085841638676288,1.5,126,0,-0.0053473887124508845,0,0.0010992143952788691
B0007,155,564,24.0,1.431630947911111,71.58154739555555,4.1991089309985306,3.403129377479551,2.1664368343684446,3.4701761898320465,0.2710858021641952,1.8509121480960298,23.53981212995311,40.584393586876246,32.39361892904713,17.044581456923137,2829.843,5.065575565241512,1.5,126,0,-0.010159638651288105,0,-0.002045316735338121
B0007,156,568,24.0,1.4318084249673686,71.59042124836843,4.199049111453085,3.3918482072725205,1.987193667465448,3.4635011119445216,0.2832898045943784,1.850858274670624,23.50487454690601,40.884444140401214,32.417221778010834,17.379569593495205,2829.625,5.057915257246365,1.5,126,0,0.00017747705625770216,0,-0.007079584702162212
B0007,157,572,24.0,1.4262562585106868,71.31281292553435,4.199648027535327,3.402983452982521,2.1314172797434523,3.467453100453348,0.2734041808329979,1.850448167143934,23.543186896190676,40.65159637790841,32.40094040453025,17.108409481717736,2819.437,5.042934270979153,1.5,126,0,-0.005552166456681773,0,-0.005121555654840337
B0007,158,576,24.0,1.4260877528924913,71.30438764462457,4.1991931757384515,3.4181159643802896,2.188995882590831,3.4675864728547845,0.2695141803952856,1.8436986954785053,23.46586744951261,40.53138082339522,32.36314241861482,17.065513373882606,2819.579,5.02354258517458,1.5,126,0,-0.00016850561819548027,0,-0.004210044476471708
B0007,159,580,24.0,1.4212633510031694,71.06316755015847,4.199053572226856,3.3989491882730096,2.0322464946417114,3.462182535852444,0.2801600866578969,1.8499114068945497,23.442353018738803,40.821433488540606,32.382600705235255,17.379080469801803,2810.672,5.018374205329639,1.5,126,0,-0.004824401889321983,0,-0.004105447111845928
B0007,160,584,24.0,1.4163272748795108,70.81636374397554,4.199752520423331,3.417481499281654,2.1695130053947387,3.465962999117946,0.2708827931569411,1.8433052525030065,23.504429518319206,40.643362943412974,32.4323818014572,17.138933425093768,2811.485,5.00602025669079,1.5,126,0,-0.004936076123658539,0,-0.003060734606320015
B0007,161,588,24.0,1.4165781829175994,70.82890914587998,4.198626890887624,3.3973259676404037,1.9917978280585305,3.4601727514874407,0.28320564015052707,1.8494704084408726,23.538505739106153,40.97063567014205,32.48861829940489,17.4321299310359,2802.422,4.999351185861967,1.5,126,0,0.000250908038088582,0,-0.0030460484099538387
B0007,162,592,24.0,1.4108401729425177,70.54200864712588,4.199235005181635,3.417693830341496,2.1534486462617073,3.464226115253961,0.2718094069576828,1.8426518730090404,23.597652622095254,40.74888323397497,32.524062377970175,17.15123061187972,2801.625,4.984342512615656,1.5,126,0,-0.00573800997508167,0,-0.003083217113633818
B0007,163,596,24.0,1.4109949628347804,70.54974814173902,4.198721860377262,3.409762325973159,2.0101572712330453,3.458799193390812,0.28154248712251484,1.8427340446711198,23.51036215187022,40.93461596721165,32.482615965621896,17.42425381534143,2802.031,4.977882562770953,1.5,126,0,0.00015478989226269668,0,-0.0030185580115421828
B0007,164,600,24.0,1.4061714290398801,70.30857145199401,4.199365090380556,3.4184683760945394,2.132718741006573,3.4620805499710854,0.27338203683256124,1.8422546341563226,23.504698357399782,40.74175890345818,32.46389583182878,17.237060546058395,2793.39,4.964795253299911,1.5,126,0,-0.004823533794900303,0,-0.003018384392657847
B0007,165,604,24.0,1.4063358479692922,70.31679239846461,4.198808934372819,3.410207417331352,2.0114763339798887,3.4578782949034514,0.2814693412732219,1.8422801054282008,23.555518771498985,41.00964443691023,32.55681404542561,17.454125665411244,2793.39,4.96017483505558,1.5,126,0,0.00016441892941210234,0,-0.0019982853820437185
B0007,166,608,24.0,1.4004552399066514,70.02276199533257,4.198421699164089,3.4288993052838492,2.1610456063312298,3.461590937144894,0.2711287554522599,1.8356178787001052,23.595817643467868,40.80558697887537,32.576296430484255,17.2097693354075,2792.485,4.944160349782614,1.5,126,0,-0.005880608062640791,0,-0.003224588602189593
B0007,167,612,24.0,1.4217865046055154,71.08932523027576,4.188842911449222,3.372148496187205,2.0143553387267827,3.462906230864041,0.28163618896619136,1.856105838135471,24.491389299731516,40.92586026351328,32.81804879809979,16.434470963781763,2802.016,5.022533721006542,1.5,126,0,0.021331264698863928,1,0.0021892663325995265
B0007,168,614,24.0,1.4324552720625434,71.62276360312717,4.205067189469255,3.383856648869605,2.1732119934933296,3.4753580425264796,0.27473843821115856,1.8574525637904344,24.737923198971707,40.57390100608222,32.92941193334214,15.83597780711051,2820.39,5.076871747570432,1.5,126,0,0.01066876745702805,1,0.004292061845552597
B0018,1,3,24.0,1.8550045207910817,92.75022603955408,4.188108651124536,3.0532303394443336,2.4721608434600437,3.5275462263272543,0.2356155544529411,1.9542109199809996,23.8195202516044,38.10180309676608,31.773285281389256,14.282282845161685,3434.891,6.605962018502889,1.4,97,96,0.0,0,-0.005295127237288577
B0018,2,7,24.0,1.8431955317089987,92.15977658544993,4.18651605270106,3.0882001701258264,2.4114381994148304,3.534835576186522,0.23789656784178786,1.9474911909917818,24.314787074430125,38.14987995994155,31.924891594728642,13.835092885511425,3425.485,6.580582365559429,1.4,97,95,-0.011808989082082944,0,-0.005295127237288577
B0018,3,11,24.0,1.8396018424355423,91.98009212177712,4.188811210133346,3.0768576543441712,2.394395968141027,3.538246596159443,0.23728971261206758,1.9520851377838422,23.743894249188806,37.5266914843442,31.31691283374216,13.782797235155392,3410.375,6.572161523569824,1.4,97,94,-0.0035936892734564907,0,-0.005295127237288577
B0018,4,15,24.0,1.8306736044962053,91.53368022481027,4.188875360300162,3.102423910252407,2.3999481734774424,3.537697945111872,0.23668744588744997,1.946124428336899,23.227856809949373,37.06279237079503,30.821190751176527,13.834935560845658,3404.719,6.542093183191507,1.4,97,93,-0.008928237939336947,0,-0.005295127237288577
B0018,5,18,24.0,1.8327002069419656,91.63501034709827,4.189872293159027,3.117644174420054,2.3851461229395867,3.542667604586918,0.2394353252581165,1.941296553298507,24.42206822884841,38.2110354381278,31.95346971511436,13.788967209279392,3417.641,6.561620264861134,1.4,97,92,0.0020266024457602505,0,-0.005295127237288577
B0018,6,20,24.0,1.8285288846046388,91.42644423023194,4.190288371391284,3.114007318732072,2.3716770708389117,3.5451037330477333,0.24110752752449982,1.940081322071115,24.695286535085184,38.17496505957075,32.02311236185272,13.479678524485568,3411.766,6.552347173139051,1.4,97,91,-0.004171322337326755,0,-0.005295127237288577
B0018,7,22,24.0,1.8212011895697924,91.06005947848962,4.190037536076311,3.1692830921950352,2.4964491577040793,3.5475142438631493,0.2318511800008401,1.9336087087327076,24.31366014142129,37.64038685475582,31.634533158077694,13.326726713334526,3399.516,6.510935282119033,1.4,97,90,-0.0073276950348464265,0,-0.004398868427841274
B0018,8,24,24.0,1.8151700106433282,90.75850053216641,4.190297406725935,3.1646802675456325,2.4374506721131883,3.544812433691423,0.2359561532347725,1.933297862328721,23.917267950078497,37.37602884738843,31.288194921595714,13.458760897309936,3388.75,6.485516195788007,1.4,97,89,-0.006031178926464209,0,-0.004886366358442818
B0018,9,27,24.0,1.8042980520967649,90.21490260483824,4.188312445698188,3.1668909591239487,2.4152206992194847,3.5434780274164095,0.23682620647693875,1.9326277820604822,23.654641102277676,37.28928029078695,31.11122470608501,13.634639188509272,3380.406,6.46432844294817,1.4,97,88,-0.01087195854656331,0,-0.00527511047988809
B0018,10,30,24.0,1.8231002302844226,91.15501151422113,4.191467835993785,3.1441755314766398,2.377432309524995,3.543133206790044,0.2397794991641069,1.9387908075093485,23.598003231352457,37.52377766578506,31.13166983979621,13.925774434432604,3404.141,6.529319464894373,1.4,97,87,0.018802178187657725,1,-0.001919995331508595
B0018,11,32,24.0,1.8121253520255494,90.60626760127747,4.190699409462101,3.163511863010266,2.3887487262583647,3.545155146280937,0.2394912052033424,1.9319664603010853,24.128289583549112,37.72420412562674,31.51305775907457,13.59591454207763,3396.141,6.496434356527787,1.4,97,86,-0.010974878258873222,0,-0.0032807065158178884
B0018,12,34,24.0,1.8046916382117766,90.23458191058883,4.19016920493495,3.1974525364121273,2.432289857016922,3.545032366549762,0.23636543687105385,1.925061300186587,24.010997010837933,37.41366095304306,31.31102568785445,13.40266394220513,3384.094,6.450869402096179,1.4,97,85,-0.00743371381377278,0,-0.003301910271603159
B0018,13,36,24.0,1.790844349786295,89.54221748931475,4.189633938587357,3.234382458426959,2.497495633221204,3.5440892170496827,0.23152309725169407,1.9180531611923362,23.554546705686526,36.94724908852665,30.893964711700164,13.39270238284012,3370.656,6.400083103443723,1.4,97,84,-0.013847288425481663,0,-0.00486513217140665
B0018,14,39,24.0,1.783470722841926,89.1735361420963,4.188143316830064,3.241810891419118,2.478768686108376,3.541317108618481,0.23215997251902853,1.9174273940216064,23.09050168217513,36.707091312059944,30.540598970902945,13.616589629884814,3357.797,6.368777476901511,1.4,97,83,-0.007373626944368938,0,-0.0041654658509677756
B0018,15,42,24.0,1.7809386125310702,89.04693062655352,4.193543208571066,3.227333797828033,2.3858494078680206,3.541197979542517,0.23984848741538095,1.918118110064441,23.303545495488407,37.13061214416645,30.82566018736547,13.827066648678041,3363.015,6.381690886205913,1.4,97,82,-0.002532110310855762,0,-0.008432323550670473
B0018,16,44,24.0,1.771209039672698,88.5604519836349,4.190238041929225,3.238447609004798,2.372854084449551,3.541255460524434,0.24107515468634144,1.910662175289524,24.000119916961825,37.686600065941576,31.451400678644536,13.68648014897975,3357.734,6.350066328397916,1.4,97,81,-0.00972957285837217,0,-0.008183262470570263
B0018,17,46,24.0,1.7686303996707076,88.43151998353538,4.19075698083662,3.252365295673925,2.4086912736769084,3.5427478949705886,0.23851613291467513,1.909473949995673,24.23041646524131,37.633580732302406,31.518847747922937,13.403164267061097,3344.187,6.322285557135763,1.4,97,80,-0.0025786400019904843,0,-0.007212247708213803
B0018,18,48,24.0,1.7536304801917124,87.68152400958562,4.189715378549557,3.2983555817913413,2.496331992137246,3.541251093602656,0.23208831014050751,1.8961919320059226,23.79566158754756,37.15252578645951,31.11237289077096,13.356864198911953,3339.969,6.2667112073785995,1.4,97,79,-0.01499991947899515,0,-0.007442773918916501
B0018,19,51,24.0,1.7462197416415093,87.31098708207547,4.187635645163932,3.2990994533827798,2.4199896352919668,3.5350260562177453,0.23636791212783306,1.8949909147363193,23.127324953354822,36.78829001793698,30.586452588663985,13.660965064582157,3327.641,6.22985512656435,1.4,97,78,-0.007410738550203133,0,-0.00745019624008334
B0018,20,54,24.0,1.7376647337053737,86.88323668526868,4.191004692440202,3.28291220363392,2.3587321881999297,3.5326627624319777,0.24166851701811512,1.900306537433319,22.780967262070938,36.541146197392216,30.242913021104116,13.760178935321278,3312.844,6.215980766885244,1.4,97,77,-0.008555007936135617,0,-0.008654775765139311
B0018,21,56,24.0,1.7315166735475835,86.57583367737918,4.1906972904216495,3.3143599232411147,2.4458096660548825,3.5333109441755526,0.2353392099181246,1.8937532529571761,22.582383910882058,36.372087786130464,30.10270376338569,13.789703875248406,3302.031,6.1737717556676035,1.4,97,76,-0.006148060157790125,0,-0.007938473225022901
B0018,22,58,24.0,1.7085949894470602,85.42974947235301,4.185877977731026,3.3370959869036043,2.3808537751929744,3.52738705832889,0.23900387966523803,1.874059169656162,22.714077867822585,36.52608510498833,30.251184852221932,13.812007237165748,3305.547,6.107633814569133,1.4,97,75,-0.02292168410052331,0,-0.012007082044729467
B0018,23,60,24.0,1.711469957068211,85.57349785341056,4.1877866486247814,3.3453964577303217,2.436955746154759,3.5296025965720452,0.23587487275103497,1.8792679725699228,22.661790233729448,36.476252762052624,30.212407704391104,13.814462528323176,3289.562,6.097844923269956,1.4,97,74,0.0028749676211508035,0,-0.008432104624700277
B0018,24,63,24.0,1.7075021373272627,85.37510686636314,4.188166619589718,3.3565387762510492,2.4671365731790713,3.5289707694229833,0.23400423826258288,1.8781179185820256,22.508167425430855,36.377208902376694,30.125011009636175,13.869041476945839,3283.797,6.0821130116730355,1.4,97,73,-0.003967819740948286,0,-0.007743520862849307
B0018,25,66,24.0,1.7492382064360228,87.46191032180114,4.18962510592865,3.2912719461365696,2.4129371999368505,3.5322741848919814,0.23858471665050535,1.8994255210827664,22.617913881565325,36.64000948247426,30.22428629982563,14.022095600908937,3325.235,6.235171287589187,1.4,97,72,0.04173606910876004,1,0.0023146945461298253
B0018,26,68,24.0,1.7327697147429955,86.63848573714978,4.190150750158746,3.2997248344053327,2.3497771039810256,3.532438322521663,0.2435419818393612,1.8927442392596563,23.430543376853603,37.38165499248184,30.976376254737342,13.951111615628239,3317.547,6.20145895173365,1.4,97,71,-0.016468491693027332,0,0.0002506082390823838
B0018,27,70,24.0,1.7222313328292376,86.11156664146188,4.188938785525361,3.3437876281823518,2.4904700018477026,3.5363211310943603,0.2339338166813496,1.8784657143180254,23.96694651085336,37.59824760372582,31.41570291330098,13.631301092872455,3311.766,6.1492329208437795,1.4,97,70,-0.010538381913757888,0,0.002727268676435468
B0018,28,72,24.0,1.711846298984729,85.59231494923645,4.189390534407286,3.3582081904036225,2.4650908929255406,3.533535274219931,0.2359904036028267,1.8709273444688055,23.964353015629015,37.560555155163414,31.383299841535273,13.596202139534398,3305.218,6.108755155903539,1.4,97,69,-0.010385033844508618,0,7.526838330358387e-05
B0018,29,75,24.0,1.699267835126687,84.96339175633435,4.187469981494586,3.355478058526174,2.363133281953362,3.527012841842043,0.242952334807339,1.869833775048847,23.633918796992802,37.52114200586718,31.167937826253635,13.887223208874381,3295.453,6.075430039165749,1.4,97,68,-0.012578463858041955,0,-0.0016468604401151498
B0018,30,78,24.0,1.6940366439243106,84.70183219621553,4.189526036667409,3.380671602671067,2.4790616361836206,3.52925730014011,0.23562596170592504,1.8624408195732676,23.484878569481495,37.21887096740918,30.994690437264207,13.733992397927686,3287.0,6.037509837885094,1.4,97,67,-0.005231191202376362,0,-0.011040312502342432
B0018,31,80,24.0,1.6819027078768087,84.09513539384044,4.189776104976122,3.395570490004556,2.491905723274248,3.527821497534469,0.2348918872075118,1.854867790404577,23.470322857025764,37.33441415744885,31.055317978554886,13.864091300423084,3276.922,5.992479210089513,1.4,97,66,-0.012133936047501903,0,-0.010173401373237346
B0018,32,82,24.0,1.6769770618433686,83.84885309216843,4.18957367163095,3.3912998226028717,2.4337177596826547,3.525692957415014,0.23964142570667826,1.8539547618996213,23.77351349306479,37.7331798444306,31.373945543706103,13.959666351365811,3268.687,5.972643333649454,1.4,97,65,-0.004925646033440145,0,-0.009050854197173797
B0018,33,84,24.0,1.6655229306478936,83.27614653239468,4.187796162769597,3.4040468205473506,2.4424506461535755,3.5243962482347273,0.23906730756801445,1.8458129961867051,24.001463155521233,37.84649344841882,31.56128410753226,13.845030292897587,3260.594,5.93026050641018,1.4,97,64,-0.011454131195475004,0,-0.009264673667367074
B0018,34,87,24.0,1.6571924575832084,82.85962287916043,4.186323146159568,3.4188294015011356,2.4383419399858552,3.520797576383474,0.23898022240623704,1.8383647798398939,23.697189900442215,37.670164941661795,31.318474723902874,13.97297504121958,3258.812,5.894184369491583,1.4,97,63,-0.008330473064685151,0,-0.008415075508695713
B0018,35,90,24.0,1.6482241555294048,82.41120777647023,4.190101801118757,3.4148501288729167,2.4157245398944123,3.519457281260753,0.2424910982322856,1.8436169601332795,23.491799761957882,37.53185198546868,31.104012325043946,14.040052223510795,3243.422,5.882001220236545,1.4,97,62,-0.008968302053803612,0,-0.009162497678981163
B0018,36,92,24.0,1.6387701497987262,81.93850748993631,4.1897711138434275,3.4160219995907752,2.323395712524894,3.513165600287965,0.2501534875196626,1.8371621051457112,23.32300480299531,37.593333753421376,30.989730398009076,14.270328950426066,3236.515,5.841060655204536,1.4,97,61,-0.009454005730678672,0,-0.008626511615616516
B0018,37,94,24.0,1.6276486907262062,81.38243453631031,4.188259618341401,3.455015988846071,2.4985039496028567,3.517217159454334,0.2360542563715132,1.8212842869006978,23.252438684811104,37.361410110678264,30.967851972472324,14.10897142586716,3230.734,5.781689327753662,1.4,97,60,-0.011121459072519935,0,-0.009865674223432475
B0018,38,96,24.0,1.62215370227252,81.107685113626,4.1897400575765795,3.4362811914108287,2.350237238739749,3.5120091114107965,0.24801564173667426,1.8271648718054267,23.493485879613434,37.899803246715464,31.285342046153826,14.40631736710203,3222.093,5.778619557206315,1.4,97,59,-0.005494988453686123,0,-0.008673845675074699
B0018,39,99,24.0,1.6140066510467586,80.70033255233793,4.185842588877271,3.4449973202642243,2.3337740352348813,3.50911052654104,0.24872755259651547,1.8191728083237904,23.654430208683582,38.03149707759718,31.41096207271253,14.377066868913598,3220.344,5.74533972233902,1.4,97,58,-0.008147051225761537,0,-0.008637161307289976
B0018,40,102,24.0,1.6760516154424623,83.80258077212311,4.188990469498749,3.3362824494788916,2.317647291087635,3.516106699716392,0.2523387804840423,1.8694837461066787,23.01653902765608,37.42220155418978,30.755137125871208,14.405662526533703,3250.75,5.977868330426037,1.4,97,57,0.06204496439570373,1,0.005565491982611493
B0018,41,104,24.0,1.649300642552199,82.46503212760994,4.186586244011676,3.4069101290337938,2.492394514304757,3.519010068254593,0.23801950601597288,1.8398837087631794,23.382703180887166,37.32511174435206,30.977446633931525,13.942408563464891,3239.344,5.864258554154769,1.4,97,56,-0.02675097289026329,0,0.0021060985506945683
B0018,42,106,24.0,1.63238299185809,81.6191495929045,4.18930134713925,3.4085356287490414,2.372828310153791,3.5124212742229295,0.24764027911477246,1.8381164059202344,23.15402261256221,37.31088262198154,30.800512192698992,14.156860009419333,3222.25,5.816938623399513,1.4,97,55,-0.016917650694108888,0,0.0009468602263767778
B0018,43,108,24.0,1.6164159719025777,80.82079859512888,4.188312148100683,3.4246186294517535,2.3560703177076867,3.50815215295169,0.24868814670433595,1.8297880104809248,22.885285764059166,37.232346556887364,30.616192795676138,14.347060792828199,3206.157,5.753148435846384,1.4,97,54,-0.015967019955512418,0,-0.0011475460739884813
B0018,44,111,24.0,1.6109028378249377,80.54514189124689,4.188643751129736,3.4510403338526534,2.4644431530094417,3.508648568515266,0.24124748892293107,1.8212266980386598,22.56634750757244,36.94850857727268,30.399839302766903,14.382161069700242,3197.969,5.7088449721131855,1.4,97,53,-0.005513134077639981,0,-0.0006207626443641701
B0018,45,114,24.0,1.5954638693695657,79.77319346847828,4.188511398241968,3.4471277889322587,2.4195167274486726,3.5051993439595477,0.2454833870794045,1.820051163815339,22.55263487241605,37.002663545357386,30.38386825126278,14.450028672941336,3181.625,5.672315619450728,1.4,97,52,-0.01543896845537196,0,-0.016117549214579308
B0018,46,117,24.0,1.726707440085764,86.3353720042882,4.18838458205872,3.153251691766954,2.3422406504312434,3.523165280193865,0.2527663680637224,1.8952650812503178,23.125008977470344,36.71025442949399,30.576239500422748,13.58524545202365,3302.36,6.173320133237786,1.4,97,51,0.1312435707161983,1,0.01548135950671301
B0018,47,119,24.0,1.7165673917429753,85.82836958714877,4.189410028494153,3.22099960221937,2.3755467142668496,3.527269876472835,0.24691761491563502,1.8868537565375962,23.408964388688208,36.72807623650589,30.705906284556665,13.319111847817684,3285.812,6.121258388039251,1.4,97,50,-0.010140048342788699,0,0.016836879976977047
B0018,48,121,24.0,1.6958235570934848,84.79117785467423,4.189584987657955,3.2795343095128255,2.4146291375325917,3.526762654741574,0.24197228881643837,1.8788753959478912,23.28024615984991,36.72959308355185,30.62583594950684,13.449346923701938,3260.016,6.044040750026432,1.4,97,49,-0.02074383464949059,0,0.015881517038181414
B0018,49,123,24.0,1.6777783190792557,83.88891595396278,4.189231124368519,3.312914061922747,2.3844645496129964,3.523020179476104,0.24328040938365159,1.8706037936587119,23.204613887257448,36.787462351640364,30.597357068657974,13.582848464382916,3240.031,5.973690029167934,1.4,97,48,-0.01804523801422908,0,0.013375096250863593
B0018,50,125,24.0,1.6606586897774192,83.03293448887096,4.187220872463777,3.3472010348392622,2.398646371281655,3.519792345798265,0.24184899896763243,1.8563433115641514,23.123962296896927,36.75689163314213,30.528493896066262,13.632929336245205,3232.265,5.908261501768427,1.4,97,47,-0.017119629301836525,0,0.013038964081570681
B0018,51,128,24.0,1.6664109274827466,83.32054637413732,4.188749835624864,3.341784146218493,2.4557130111721626,3.5251014582287223,0.23939833635840463,1.862585561392643,23.773481587876258,37.350157630970955,31.203754246103966,13.576676043094697,3232.031,5.9365158337472534,1.4,97,46,0.005752237705327401,1,-0.012059302520603499
B0018,52,130,24.0,1.6468336174407805,82.34168087203902,4.1885837620106905,3.3409538026606818,2.323665882820083,3.518519199837846,0.24895502990812382,1.8608275999435941,23.734039908264887,37.48126030855565,31.172639449335037,13.747220400290761,3209.5149999999994,5.880005908742284,1.4,97,45,-0.019577310041966056,0,-0.01394675486043897
B0018,53,132,24.0,1.6257639928779952,81.28819964389976,4.185795508701974,3.39385721106257,2.488054079510012,3.5190801794284594,0.2364897838479307,1.8386717524299487,23.55967484545823,37.125443897626305,30.96825922704022,13.565769052168076,3196.125,5.783159680294192,1.4,97,44,-0.021069624562785272,0,-0.014011912843097907
B0018,54,134,24.0,1.6121577411874595,80.60788705937297,4.186349697160328,3.379431086342454,2.3306937114568003,3.5114167272902406,0.248742640175246,1.8439502592032078,23.309630707025253,37.19112571388883,30.821704306343133,13.881495006863577,3172.562,5.7457653853866315,1.4,97,43,-0.013606251690535753,0,-0.013124115578359241
B0018,55,136,24.0,1.6057366823755344,80.28683411877672,4.188974252739847,3.4005755999684046,2.389399831578687,3.5108038681605738,0.2451594140795012,1.8363611899628556,23.143976887539054,37.17642722353301,30.765219721637393,14.032450335993957,3172.735,5.720893468745205,1.4,97,42,-0.006421058811925118,0,-0.01098440148037696
B0018,56,141,24.0,1.673645314879889,83.68226574399445,4.191009849984344,3.3138636321820396,2.4864200723178747,3.51432611790755,0.2423708210517989,1.8647983585269596,23.09477432289916,37.11936678632194,30.809988428281613,14.024592463422781,3238.109,5.949175248640903,1.4,97,41,0.06790863250435475,1,0.00144687747942851
B0018,57,143,24.0,1.6404348572349936,82.02174286174969,4.190360332340617,3.3517763797483044,2.4673631110639858,3.5196664048265607,0.24183473310310893,1.8573844598978848,23.56722203053731,37.2702464066457,31.039033590700278,13.703024376108388,3191.063,5.835627280250447,1.4,97,40,-0.0332104576448955,0,-0.0012797520411573782
B0018,58,145,24.0,1.6132653317422077,80.66326658711039,4.188957308830069,3.3676008246193447,2.375173080957567,3.512403849382274,0.24831044327729748,1.8484570483918756,23.541307964731843,37.39550861947664,31.04176453157222,13.854200654744794,3165.828,5.751919252855697,1.4,97,39,-0.02716952549278595,0,-0.002499732227157514
B0018,59,147,24.0,1.5920964324686278,79.60482162343139,4.185868202467219,3.3877431597098138,2.371626022111289,3.5077862234460104,0.24798510872806295,1.8393054301836187,23.388309543266857,37.378956702246384,30.959784195511766,13.990647158979527,3140.407,5.669096434525153,1.4,97,38,-0.0211688992735799,0,-0.004012261743766343
B0018,60,150,24.0,1.5866011820698824,79.33005910349412,4.186767544001663,3.4160493489165225,2.463955873060647,3.5076596102713244,0.24176513200558977,1.8305065982985735,23.16774870033671,37.245718322158105,30.843513277103145,14.077969621821396,3131.922,5.624144533946231,1.4,97,37,-0.005495250398745322,0,-0.003827100061130384
B0018,61,153,24.0,1.5800766490336253,79.00383245168126,4.189516120969907,3.42147245050033,2.475545296633258,3.5074833565874615,0.24237941979502164,1.8293412804363796,23.120310509686572,37.21755583353321,30.797157400797865,14.09724532384664,3121.109,5.600307583796687,1.4,97,36,-0.0065245330362571075,0,-0.018713733169252754
B0018,62,155,24.0,1.5641732953289167,78.20866476644584,4.189677075178088,3.4158832488116646,2.3791563087604626,3.5023865933440717,0.25006126825340175,1.8279512192885508,23.286391255189265,37.56150979821064,30.984434580754094,14.275118543021378,3105.265,5.560732362380677,1.4,97,35,-0.015903353704708634,0,-0.015252312381215383
B0018,63,157,24.0,1.555618272193922,77.7809136096961,4.188889298039903,3.4412663031911563,2.4776158338943337,3.503693493885047,0.24293051873935917,1.8189271458622258,23.284228600400166,37.4174791317661,30.967899275139946,14.133250531365935,3091.25,5.507197042856149,1.4,97,34,-0.008555023134994677,0,-0.011529411909657127
B0018,64,159,24.0,1.5402045278637397,77.01022639318698,4.187751736524715,3.440421318342616,2.4205549690097223,3.4989948462048113,0.24757542528094925,1.8173207359406967,23.22385871065304,37.55101533655474,30.976616345195186,14.3271566259017,3076.703,5.469315485213863,1.4,97,33,-0.015413744330182277,0,-0.010378380920977603
B0018,65,162,24.0,1.5321613015959863,76.60806507979932,4.186225024003278,3.445662321409105,2.415388497112405,3.495405576723954,0.24806656368733818,1.815903873114457,23.027207477057086,37.59895044072871,30.89768961926806,14.571742963671621,3062.328,5.434324950251752,1.4,97,32,-0.008043226267753445,0,-0.010887976094779228
B0018,66,165,24.0,1.5316232403693415,76.58116201846707,4.189453014691957,3.4388742210783456,2.3974205597873093,3.494528300232307,0.25131607085775737,1.8221864963215513,23.03161950591349,37.489239782169804,30.81568822237933,14.457620276256314,3050.563,5.4309238764549566,1.4,97,31,-0.0005380612266447926,0,-0.009690681732856764
B0018,67,167,24.0,1.5222595950771978,76.11297975385989,4.1892977641056035,3.4638457585402174,2.497752653580319,3.4962554827793926,0.24403995501441178,1.8131228210611743,22.903021044448273,37.37911114363861,30.726188079151118,14.476090099190337,3034.672,5.37471767512795,1.4,97,30,-0.00936364529214373,0,-0.008382740050343784
B0018,68,169,24.0,1.5065267126851283,75.32633563425641,4.186554797123547,3.4607953148814765,2.3726090777895896,3.48769646191346,0.25261083356899555,1.8045932244909424,22.833484092130533,37.559604168615785,30.76818712651005,14.726120076485252,3031.25,5.331895052975833,1.4,97,29,-0.01573288239206949,0,-0.009818311901758747
B0018,69,171,24.0,1.5014219556532926,75.07109778266464,4.188205300947291,3.4579399600497065,2.36844257542991,3.486547580844067,0.25421974568816713,1.8101191845563853,22.8678122181415,37.61805450748922,30.775415173787835,14.750242289347721,3011.343,5.312014823640776,1.4,97,28,-0.0051047570318356605,0,-0.007756514442089424
B0018,70,174,24.0,1.4963534117486457,74.81767058743229,4.186295492358637,3.458624303365877,2.331968556073514,3.482298183882304,0.2567453685120387,1.8091687217485317,22.744197560931312,37.71101994346608,30.761821976538275,14.966822382534765,3003.0,5.287374234922091,1.4,97,27,-0.005068543904646949,0,-0.007161577969468124
B0018,71,177,24.0,1.5334262000312422,76.6713100015621,4.187384370589753,3.4143206767355756,2.4057755306304176,3.491819481711868,0.2523757254841878,1.8277268538779212,23.009880638439665,37.767989299214086,30.913721930762733,14.758108660774422,3045.187,5.436208714403808,1.4,97,26,0.037072788282596525,1,0.00036059193238013876
B0018,72,179,24.0,1.523845267514426,76.1922633757213,4.188734692927025,3.4412892879850094,2.4720838848798987,3.493995853241935,0.24787661625868782,1.8181357480526956,23.372670827555122,37.91919394450186,31.228215653165606,14.54652311694674,3028.469,5.379713882520426,1.4,97,25,-0.009580932516816132,0,0.00031713448744565833
B0018,73,181,24.0,1.5011920994261239,75.05960497130619,4.185052457107169,3.4434979435076563,2.342731326096539,3.484377015629623,0.2563184923366143,1.8087318986371326,23.441726151732446,37.99328509003338,31.261679783387308,14.551558938300936,3012.937,5.310773441809406,1.4,97,24,-0.0226531680883022,0,-0.0010669226518008833
B0018,74,183,24.0,1.492417671450291,74.62088357251456,4.187641016952416,3.4599209387521817,2.4198650452188226,3.4859116793558376,0.25178046921877606,1.8068838629047144,23.297733780609985,37.984838024989045,31.18408593575448,14.68710424437906,2998.875,5.279709579156692,1.4,97,23,-0.008774427975832833,0,-0.0018008568406003179
B0018,75,185,24.0,1.483323851940123,74.16619259700616,4.187899339921793,3.468314102545152,2.438879997223475,3.4842787539766786,0.2508652563260822,1.8051301104523692,23.09943065879068,37.8288851383529,31.001432353085377,14.729454479562222,2983.547,5.243858090928581,1.4,97,22,-0.009093819510167966,0,-0.0026059119617045214
B0018,76,188,24.0,1.4807376792294196,74.03688396147098,4.187928324239254,3.461167189335011,2.430465824271706,3.482988652120672,0.2527666120037829,1.8119470315792268,23.046923257528587,37.844837975501,30.981374033120872,14.797914717972414,2966.86,5.233204327309775,1.4,97,21,-0.0025861727107034937,0,-0.010537704160364526
B0018,77,190,24.0,1.4735077809902477,73.67538904951239,4.18724908182,3.478026972161799,2.4907267597860656,3.483799876979844,0.24802832713581485,1.8022960362005227,23.115560307220743,37.8984610468502,31.088687926688607,14.782900739629458,2954.797,5.183890927326332,1.4,97,20,-0.007229898239171861,0,-0.01006749730483567
B0018,78,192,24.0,1.46801928526661,73.40096426333051,4.188269941964259,3.460131373135017,2.3678328028644775,3.4787540756450497,0.25814755065726835,1.8094290000039503,23.4240998983518,38.27784043980244,31.336420133762665,14.853740541450641,2945.735,5.183278072880585,1.4,97,19,-0.005488495723637632,0,-0.006634562831902757
B0018,79,194,24.0,1.4580923557119019,72.9046177855951,4.188013057271598,3.4705286783940292,2.3532703553328904,3.4752194351784507,0.2587418006364251,1.8001710585950088,23.211014993257855,38.24434303919528,31.22599987103565,15.033328045937424,2941.375,5.142423018080772,1.4,97,18,-0.009926929554708197,0,-0.00686506314767783
B0018,80,197,24.0,1.4478660988891399,72.39330494445699,4.184406092157091,3.476629441262813,2.362897904778893,3.470739535801023,0.25772371294595886,1.7982783434087146,22.939223654274222,38.06956259266949,31.037323488688802,15.130338938395269,2923.953,5.0993276087973936,1.4,97,17,-0.010226256822762014,0,-0.00709155061019664
B0018,81,200,24.0,1.4527808777541982,72.6390438877099,4.1927676322495895,3.475822076913363,2.420200016704328,3.474600910003521,0.2561984574820731,1.8059082478297526,22.715597927537367,37.81744565252647,30.811349225731828,15.101847724989106,2921.031,5.120899324365471,1.4,97,16,0.004914778865058311,0,-0.005591360295044279
B0018,82,202,24.0,1.4425356364492432,72.12678182246216,4.1877899337285145,3.490006746602984,2.472605886588914,3.4740521567700093,0.2512971706951936,1.7960421274876461,22.816866662883296,37.902567770354786,30.932223179746046,15.08570110747149,2902.75,5.058976002881874,1.4,97,15,-0.010245241304954966,0,-0.0061944289082009
B0018,83,204,24.0,1.4392712877203313,71.96356438601657,4.187757134600847,3.4917871235676046,2.483165462226557,3.475075728648004,0.2509904827066951,1.7951360727402537,23.155357372377185,38.16628336469349,31.215527070380897,15.010925992316306,2897.875,5.049124108611203,1.4,97,14,-0.0032643487289119033,0,-0.005749599509255754
B0018,84,206,24.0,1.4286475681888218,71.43237840944109,4.1878615032964905,3.487044876202592,2.4341986830086237,3.472424307596416,0.25484104285559894,1.7941739344584164,23.37238995985613,38.36789486715962,31.400797084337558,14.995504907303491,2892.094,5.033496738816558,1.4,97,13,-0.010623719531509535,0,-0.005888957504616021
B0018,85,209,24.0,1.4249026750004896,71.24513375002448,4.1858288716388214,3.504583247086097,2.497859027600416,3.471751102262539,0.24949789396086638,1.7843016718137399,23.112009069064406,38.19823604401131,31.259213269721236,15.086226974946904,2886.921,4.992633949457752,1.4,97,12,-0.0037448931883321546,0,-0.004592684777730049
B0018,86,212,24.0,1.4698115324524124,73.49057662262062,4.187068171962331,3.4303014607858104,2.3747408457948316,3.4745407296058963,0.25954019804112044,1.813788499367627,23.11579516339377,38.099982807571635,31.134701292957466,14.984187644177865,2942.531,5.1868300247498516,1.4,97,11,0.044908857451922746,1,0.0034061309396428373
B0018,87,214,24.0,1.4525819651050202,72.62909825525101,4.187577343783777,3.4405762245177645,2.3589340839760866,3.471720060423485,0.260516253498242,1.8110727721248212,23.265062951271574,38.214523782841354,31.246879695988095,14.94946083156978,2912.469,5.121465701979156,1.4,97,10,-0.017229567347392116,0,0.0020092657311554076
B0018,88,216,24.0,1.442834198908794,72.1417099454397,4.187354359976366,3.4678309729542223,2.4413266342198545,3.471398409828823,0.2544263229056697,1.800843536656487,23.027044613835702,37.939696536164234,31.027558674438325,14.912651922328532,2895.594,5.059347416368817,1.4,97,9,-0.009747766196226193,0,0.0007125822376925495
B0018,89,218,24.0,1.428376058807949,71.41880294039746,4.1870004112881345,3.46373200309395,2.311419659807122,3.4626491088970703,0.26385932209588037,1.7987451761291422,22.789023525262486,38.06666733482501,30.931917385258963,15.277643809562527,2884.406,5.021651981795046,1.4,97,8,-0.014458140100845007,0,-5.4301876174545074e-05
B0018,90,220,24.0,1.4154547844370715,70.77273922185357,4.183339938829854,3.501682834204815,2.4953159238201255,3.466072725920186,0.24944379745426662,1.7805436810978414,22.47935333131366,37.63260475617888,30.667082236656018,15.153251424865218,2873.766,4.951975257661115,1.4,97,7,-0.012921274370877533,0,-0.001889578112683621
B0018,91,223,24.0,1.454576670077708,72.7288335038854,4.1920532879108094,3.4458804859914856,2.4398479869382084,3.4730670533412877,0.256998603773989,1.8167789860440038,23.1537965557498,38.18223603956323,31.226789107710772,15.028439483813429,2893.375,5.104231977944415,1.4,97,6,0.03912188564063657,1,-0.003046972474940857
B0018,92,225,24.0,1.4283179548274056,71.41589774137029,4.186468489789535,3.4602213459092295,2.376538319699514,3.4668548162926327,0.25940577128111114,1.7982196580886103,23.299987417730907,38.3907466519188,31.387733116648285,15.090759234187896,2884.9839999999967,5.028683895643796,1.4,97,5,-0.026258715250302433,0,-0.00485280205552292
B0018,93,227,24.0,1.4197026883204058,70.98513441602029,4.18673673325988,3.4653800729248636,2.3722299202290382,3.46527367520258,0.26004857673152804,1.7965749976228835,23.439817897520786,38.51622654624205,31.505666838292886,15.076408648721266,2870.234,4.996033442247438,1.4,97,4,-0.008615266506999841,0,-0.004626302117677649
B0018,94,229,24.0,1.4155606630306516,70.77803315153258,4.187094944339141,3.4695766912945536,2.361475505115684,3.4638878223448684,0.2614012721012322,1.7954761404060116,23.52414825084503,38.56612180540248,31.5462258449116,15.041973554557451,2864.11,4.979366123500388,1.4,97,3,-0.004142025289754159,0,-0.00256307915545948
B0018,95,232,24.0,1.405680035419228,70.2840017709614,4.1842071071870395,3.4708976588878513,2.317937855025735,3.457807923440064,0.2637843275246904,1.793869219146701,23.175156739612486,38.5606541602861,31.389977882297476,15.385497420673612,2846.64,4.935547920870072,1.4,97,2,-0.009880627611423609,0,-0.001954949803568695
B0018,96,235,24.0,1.4084461071166137,70.42230535583069,4.186203003591801,3.463695994913882,2.3372859753156225,3.459813554486507,0.26401849793435667,1.8014995411383479,23.290068110806875,38.53842073636507,31.385433749863733,15.248352625558194,2839.532,4.948010182921011,1.4,97,1,0.0027660716973856303,0,-0.009226112592218883
B0018,97,237,24.0,1.3968547782872414,69.84273891436207,4.187034228023883,3.476025252893392,2.3528810264952194,3.458027727779737,0.26240215486440727,1.7916225516906055,23.25714487401681,38.548873480234754,31.423707199142058,15.291728606217944,2832.703,4.904426586080182,1.4,97,0,-0.011591328829372305,0,-0.006292635308032857
B0018,98,239,24.0,1.3935670371440676,69.67835185720338,4.186702452011757,3.4959869797550738,2.4646122144537173,3.4613996718507845,0.25436348272958975,1.7818723066157318,23.25643130784119,38.45838357496903,31.435368910968148,15.201952267127837,2827.077999999994,4.870612836303778,1.4,97,0,-0.0032877411431737613,0,-0.00522713023526764
B0018,99,241,24.0,1.3893644292809475,69.46822146404737,4.187149487048271,3.4984865251121677,2.4684655225527004,3.4611285476693214,0.25451400427608056,1.7798215335831953,23.41798464988467,38.54382874673793,31.542375291159843,15.12584409685326,2821.531,4.855412859991152,1.4,97,0,-0.0042026078631201,0,-0.005239246749940829
B0018,100,244,24.0,1.3785651415666713,68.92825707833356,4.1851927389272,3.4901229858478673,2.4092923539400735,3.455556822823358,0.2589834605607093,1.7857845674580486,23.254719064839176,38.650883957434026,31.52669677306915,15.39616489259485,2805.156,4.836060447040051,1.4,97,0,-0.010799287714276185,0,-0.005422978770511344
B0018,101,247,24.0,1.384901110085747,69.24505550428735,4.186507115127164,3.5002914337238367,2.477625480372779,3.459598362944341,0.2543532391096489,1.7784697702070318,23.27530353843936,38.45654834997334,31.435921914290372,15.181244811533979,2814.906,4.836883056629451,1.4,97,0,0.0063359685190755854,1,-0.004708999406173353
B0018,102,249,24.0,1.3703251814242443,68.51625907121222,4.184557643390084,3.488365679744425,2.335608852853518,3.4506569891269216,0.263423300497629,1.7779631110390546,23.181832500776718,38.6564130442344,31.475238112886494,15.47458054345768,2801.156,4.801300092956453,1.4,97,0,-0.01457592866150259,0,-0.005305919372599411
B0018,103,251,24.0,1.3733464385229082,68.6673219261454,4.187087122858351,3.4996632718023593,2.441999086782534,3.455515243082573,0.2569366308625665,1.776571638758199,23.347201662807525,38.655587491253975,31.5817445550721,15.30838582844645,2794.187,4.791357303593649,1.4,97,0,0.0030212570986638543,0,-0.004044119724231887
B0018,104,253,24.0,1.3679487285504814,68.39743642752407,4.186108406696249,3.503533537088468,2.4651687831472158,3.455840338587253,0.25545113736601277,1.7754506013455535,23.445667417509203,38.6997087046862,31.647958536134297,15.254041287177,2785.391,4.77237238688276,1.4,97,0,-0.005397709972426723,0,-0.004283140146093212
B0018,105,256,24.0,1.3567141087089647,67.83570543544823,4.183460397462309,3.49645464004892,2.370892032033162,3.448678293668265,0.2612930004988529,1.774390955906574,23.29823740308412,38.87481687744787,31.662032275252905,15.57657947436375,2779.5,4.750287091291276,1.4,97,0,-0.011234619841516746,0,-0.004370206571541324
B0018,106,259,24.0,1.4604310209194575,73.02155104597287,4.18705065732399,3.4124077925269103,2.461879783248223,3.474503178644755,0.2556944497754274,1.819794772496375,22.45542569835154,37.363974526077364,30.434500875864142,14.908548827725824,2899.234,5.130569952949195,1.4,97,0,0.10371691221049284,1,0.015105982166742127
B0018,107,261,24.0,1.4500998937104097,72.50499468552049,4.187331785251929,3.4184683336986885,2.4247066368907255,3.474031881945217,0.25755756066824986,1.8099274121091273,23.070594179801194,37.88258787662229,31.017997058077018,14.811993696821094,2894.922,5.09571277437216,1.4,97,0,-0.01033112720904783,0,0.015954942457233078
B0018,108,263,24.0,1.4381406901824496,71.90703450912248,4.187126543921124,3.4350590212610372,2.4447222974031386,3.474404210386772,0.2554759257484419,1.7994716802739485,23.484408331349734,38.158980736604235,31.39483761465523,14.674572405254501,2888.25,5.053907214982187,1.4,97,0,-0.011959203527960094,0,0.01295885033190829
B0018,109,265,24.0,1.4283681980964316,71.41840990482157,4.18729395521499,3.4447128708336927,2.443569395327192,3.471767043833224,0.2569035121433625,1.7960312665730238,23.34442647811961,38.05243159675446,31.24511885640641,14.708005118634851,2873.906,5.01661670459532,1.4,97,0,-0.009772492086018048,0,0.012083893909190024
B0018,110,267,24.0,1.4147874517552432,70.73937258776216,4.185839399154204,3.4584291739002913,2.4666000274194886,3.4685305272975935,0.25388594966506284,1.7958067536887055,23.066425919270934,37.89096376444466,31.05306925187263,14.82453784517373,2847.406,4.960182645241674,1.4,97,0,-0.013580746341188332,0,0.011614668609255707
B0018,111,270,24.0,1.413889163393182,70.6944581696591,4.186876031959964,3.45760615956929,2.4272514813701016,3.4651213646662598,0.25859194493549637,1.793095983967619,22.881894923564886,37.81203585126145,30.88589263299331,14.930140927696563,2849.281,4.95450839609751,1.4,97,0,-0.0008982883620611837,0,-0.009308371505255097
B0018,112,272,24.0,1.3989331662177225,69.94665831088612,4.185068078358122,3.473799879244527,2.4762628371779,3.4652879859475885,0.25283242586660987,1.784522220258497,22.93740597833329,37.9591954678784,31.053992379018933,15.02178948954511,2833.688,4.898966860386709,1.4,97,0,-0.01495599717545959,0,-0.010233345498537449
B0018,113,274,24.0,1.3953322584033976,69.76661292016988,4.185773158707972,3.4534645231734142,2.3607989727330003,3.461799526154992,0.26236963956853215,1.793634938624377,23.438805891313166,38.521043498835155,31.492840068071885,15.08223760752199,2826.453,4.910648420338565,1.4,97,0,-0.003600907814324872,0,-0.008561686355810404
B0018,114,276,24.0,1.390046129540245,69.50230647701225,4.187057458531915,3.455168986263728,2.377011586588198,3.463260140320492,0.2613577584434526,1.7921712656095332,23.902899970371234,38.878687997701746,31.93832684630049,14.975788027330513,2818.312,4.89429324777055,1.4,97,0,-0.005286128863152495,0,-0.007664413711237295
B0018,115,279,24.0,1.3860271454209647,69.30135727104823,4.185266758520927,3.479281571059917,2.4567563196678455,3.462839429201602,0.25503797910208703,1.7810627455284795,23.638036923350842,38.65118899876309,31.74562722135923,15.013152075412247,2812.7189999999973,4.850460044147389,1.4,97,0,-0.004018984119280367,0,-0.005752061266855702
B0018,116,282,24.0,1.388215260193751,69.41076300968754,4.192828647480177,3.4551052288508886,2.3277314025979847,3.4569152237960306,0.26697340100884936,1.7990905233497705,23.138786015479944,38.434235278537344,31.31018499405759,15.2954492630574,2803.5,4.8774531447306355,1.4,97,0,0.0021881147727862427,0,-0.005134780639886216
B0018,117,284,24.0,1.3761826562394497,68.80913281197249,4.18585690434635,3.4809779073862686,2.4537913827403948,3.4574690175816127,0.2568228137679184,1.7874289422857004,23.035621647805606,38.103875724329995,31.127360345471814,15.06825407652439,2783.25,4.807100559079243,1.4,97,0,-0.01203260395430128,0,-0.0045501019956545544
B0018,118,286,24.0,1.3647168898640165,68.23584449320083,4.1853378476861,3.4745531508156033,2.3475608877759067,3.4502191781217797,0.2643003813390103,1.7863907389611124,22.835247200322357,38.12742842632319,30.985550813719595,15.292181226000835,2776.391,4.78429569679298,1.4,97,0,-0.011465766375433173,0,-0.006123073707876214
B0018,119,288,24.0,1.3589854739373584,67.94927369686792,4.186191692551651,3.4784896194564516,2.3558347560196564,3.4486728051793962,0.26393140331671344,1.7850675674566443,22.683066756941987,38.03962943213698,30.899653280757406,15.35656267519499,2766.516,4.7615180493756135,1.4,97,0,-0.005731415926658157,0,-0.006212131120577347
B0018,120,291,24.0,1.3462308764008801,67.31154382004401,4.183103192995574,3.487993649197899,2.3791102362944754,3.444632719716698,0.26169754461682443,1.7785410209464845,22.352538907436106,37.85657903247749,30.706123644966482,15.504040125041385,2751.516,4.711662676316345,1.4,97,0,-0.01275459753647823,0,-0.007959253804016918
B0018,121,294,24.0,1.4268427818454643,71.34213909227321,4.191804162788413,3.4279894299167255,2.444740635238248,3.467272639213176,0.2590954604625469,1.8098578920322332,22.36773519931064,37.43017193410286,30.47122187456595,15.062436734792218,2848.859,5.002790595605179,1.4,97,0,0.08061190544458419,1,0.007725504330342669
B0018,122,296,24.0,1.4064481483279663,70.32240741639832,4.185464884609619,3.44397698882391,2.431867772331712,3.464490491162134,0.25720031438600915,1.7897567152433196,22.90692978350651,37.8264149292754,30.939221783021114,14.919485145768892,2840.016,4.928535261584906,1.4,97,0,-0.02039463351749804,0,0.006053098417703318
B0018,123,298,24.0,1.3934907492075153,69.67453746037576,4.186834478731371,3.4345905788343294,2.344037291947413,3.459667012281024,0.2645119375542321,1.79712433226739,23.11781710619391,38.08307173716899,31.111640631561894,14.965254630975082,2817.375,4.903962727262842,1.4,97,0,-0.012957399120451019,0,0.005754771868699748
B0018,124,300,24.0,1.3882493512249316,69.41246756124659,4.185890317458504,3.4630520371669036,2.456436863057259,3.462241956955771,0.2559372101503028,1.78629328383804,23.04417103672731,37.88279649093536,31.037910219908994,14.838625454208053,2809.234,4.859475533084229,1.4,97,0,-0.0052413979825836066,0,0.005852775457514658
B0018,125,302,24.0,1.3701878338420928,68.50939169210464,4.183775890805592,3.4638112912405465,2.395547668334432,3.4555661695067355,0.2596982368038693,1.784332103220891,22.83426471365,37.96027066990377,30.967950840538833,15.12600595625377,2791.187,4.813942073223901,1.4,97,0,-0.0180615173828389,0,0.004791391488242524
B0018,126,305,24.0,1.3796951665608619,68.9847583280431,4.184700856653747,3.473054155492156,2.4536749172979215,3.458696199585801,0.2567368169580032,1.7846736208611762,22.849334336507724,37.880513353762176,30.93996203578424,15.031179017254452,2794.016,4.8231145923580465,1.4,97,0,0.009507332718769135,1,-0.009429523056920486
B0018,127,307,24.0,1.3686586323935683,68.43293161967841,4.184705779748733,3.4494830937378596,2.3062728144586413,3.4525282614097663,0.2674956170053475,1.792648285745223,23.179921311075763,38.43416278222213,31.295019295352862,15.254241471146369,2774.719,4.806830471914015,1.4,97,0,-0.011036534167293555,0,-0.0075579031868795886
B0018,128,309,24.0,1.3627371779096438,68.13685889548219,4.186190318516221,3.4592751261505406,2.3471092023857154,3.4552290080443044,0.2641142102955423,1.78281998030131,23.71915866436032,38.847489737859576,31.81846533166901,15.128331073499254,2777.844,4.789447199084275,1.4,97,0,-0.00592145448392456,0,-0.006150714259574297
B0018,129,311,24.0,1.3634051133928073,68.17025566964037,4.184617620212458,3.484328701795344,2.4884289104730986,3.4619744219744675,0.2539173569253529,1.7727156085735203,24.04968560418804,38.80283421497622,32.00067162597675,14.753148610788184,2781.125,4.7712333355858965,1.4,97,0,0.0006679354831635731,0,-0.004968847566424861
B0018,130,314,24.0,1.3518646035305233,67.59323017652616,4.181406543107895,3.4814607227995746,2.3992178234155577,3.452221905520614,0.2592424399841937,1.7700452313038857,23.56288829160871,38.72699121838442,31.73992229230571,15.164102926775708,2760.906,4.717904476659986,1.4,97,0,-0.011540509862284054,0,-0.003664646062313892
B0018,131,317,24.0,1.3547969729652622,67.7398486482631,4.18481632859354,3.457732208932067,2.2786338886500292,3.447650049442191,0.2701822921841344,1.788630046665221,23.401477050368772,38.67191958148309,31.52613649688221,15.270442531114316,2753.25,4.7507232271212585,1.4,97,0,0.0029323694347389573,0,-0.0049796387191199274
B0018,132,319,24.0,1.341051440640485,67.05257203202424,4.185409109511607,3.4772767386617156,2.3655846763383734,3.447928507599004,0.2633941942740437,1.7778658975348722,23.123582937943876,38.371813640118894,31.27624493654335,15.248230702175018,2742.843,4.700870879926169,1.4,97,0,-0.013745532324777265,0,-0.005521438350616669
B0025,1,4,24.0,1.847011162956716,92.3505581478358,4.196831409847343,3.293908154465751,1.9182683747066012,3.400080836543819,0.2770427667121989,1.068283780737223,26.51514107879548,41.81748104839704,33.13281956573637,15.302339969601562,6515.422000000006,6.277296672104584,1.4,28,27,0.0,0,-0.005892390341915821
B0025,2,6,24.0,1.8485654344528386,92.42827172264192,4.202484672945412,3.3021572673239152,1.8939610306669548,3.4067357604110753,0.27482526968832,1.0687502257592072,26.21789049788759,41.504410609595574,32.848310333012144,15.286520111707983,6516.219,6.293311183086298,1.4,28,26,0.001554271496122528,0,-0.005892390341915821
B0025,3,8,24.0,1.847111177186175,92.35555885930876,4.202713117217314,3.3039281120646793,1.82462740970999,3.407792325190085,0.2776126923183023,1.0722492401337294,26.423213445790488,41.670776193570134,33.07297579198606,15.247562747779646,6489.5,6.2931139903207285,1.4,28,25,-0.0014542572666635945,0,-0.005892390341915821
B0025,4,10,24.0,1.8489837601535537,92.44918800767769,4.202988857257324,3.3339930677853196,1.9612044915457982,3.425685226676254,0.2643698606546062,1.0701703851632667,26.557301540486087,41.58349706133725,33.12836651135456,15.02619552085116,6471.25,6.27962015759953,1.4,28,24,0.0018725829673786887,0,-0.005892390341915821
B0025,5,12,24.0,1.8370120718560439,91.85060359280219,4.200058863569411,3.310373402196175,1.7869386268841287,3.4102415310941074,0.27761430696201045,1.0699350367796663,26.62155103186892,41.82908827830225,33.20066590827124,15.207537246433333,6466.672,6.26675489605666,1.4,28,23,-0.01197168829750983,0,-0.005892390341915821
B0025,6,16,24.0,1.817549211247137,90.87746056235684,4.178122904439056,3.3005119277866717,1.9399607811955055,3.395651158058303,0.2731767510788664,1.0613422621953237,26.38695918330851,41.15307253815554,32.8030291471027,14.766113354847032,6410.672,6.166955695289195,1.4,28,22,-0.019462860608906896,0,-0.005892390341915821
B0025,7,20,24.0,1.839863822522073,91.99319112610365,4.198227921922519,3.294884807221285,1.7632585904014149,3.3987545550856617,0.28379817097986154,1.0704965497254508,26.187400529229773,41.167510218490015,32.70663040910488,14.980109689260242,6474.156,6.283050594609974,1.4,28,21,0.022314611274935947,1,-0.001740322386153137
B0025,8,23,24.0,1.8430595619731431,92.15297809865716,4.201052747751877,3.3208111940431326,1.7411634552856725,3.4107861698937034,0.2790689138261572,1.0678133364404738,26.582245640684636,41.40744159178738,32.88774741633189,14.825195951102746,6460.75,6.261327140770608,1.4,28,20,0.003195739451070212,0,-0.0008103230426063756
B0025,9,25,24.0,1.8401871729536057,92.00935864768029,4.2014816169511375,3.3589234473310663,1.990361763373611,3.4362212866947472,0.2571119653949873,1.0622672819287484,26.5296862087597,41.089112912518665,32.85054388832057,14.559426703758966,6448.907,6.232107090149052,1.4,28,19,-0.002872389019537458,0,-0.001759317439989605
B0025,10,27,24.0,1.8281265632888257,91.40632816444129,4.201461223125712,3.3494163424527805,1.8524105657072532,3.429899192703782,0.2639601646633932,1.0623079806297402,26.776420294997017,41.56081694228564,33.21344988692114,14.784396647288624,6447.125,6.227532404277851,1.4,28,18,-0.012060609664779953,0,-0.0017771017134436296
B0025,11,31,24.0,1.8253563336445804,91.26781668222903,4.190430872833885,3.3141497040552244,1.7970500760271888,3.4061977189259807,0.2743031254537046,1.0623145134827172,26.153313358126113,41.027186904575295,32.54793058844526,14.873873546449182,6431.219,6.203956214172597,1.4,28,17,-0.0027702296442453367,0,0.0015614244794886823
B0025,12,35,24.0,1.8214180552626154,91.07090276313076,4.197641122625931,3.3540972163206058,1.9099130781506344,3.431364532702854,0.2606260247324691,1.0595949520612464,26.57928656228607,41.20659187421087,32.95568065114475,14.6273053119248,6442.203,6.211503300702978,1.4,28,16,-0.0039382783819650324,0,-0.0036891534518915135
B0025,13,37,24.0,1.830315627968932,91.5157813984466,4.199747395878372,3.3632742564989093,1.9344488971472638,3.437199999112006,0.25868037282669615,1.0602000326163734,26.992091023149918,41.458124206642374,33.31259035127085,14.466033183492456,6427.079,6.208731217766422,1.4,28,15,0.008897572706316748,1,-0.0025487868008422067
B0025,14,39,24.0,1.8175491643824844,90.87745821912422,4.20189282071032,3.3633204353131205,1.8425883947903754,3.4349851634526334,0.2626981593999096,1.0603941947047575,26.96989321715805,41.50830652935,33.27639301328207,14.538413312191953,6417.156,6.202013424459267,1.4,28,14,-0.01276646358644773,0,-0.0045276017142242605
B0025,15,41,24.0,1.810901200296979,90.54506001484896,4.200832471783116,3.367468155953896,1.8285852544110042,3.4358715577304486,0.26252258706779347,1.0604647473814754,26.840841260921778,41.369681799861574,33.13052620279671,14.528840538939797,6398.907,6.176730612943308,1.4,28,13,-0.006647964085505276,0,-0.0034450725983693254
B0025,16,43,24.0,1.8083032603084233,90.41516301542116,4.2006834078208275,3.3704298520879097,1.8355395996102943,3.437200278486185,0.2618235635547514,1.0610339447341646,26.879810126294203,41.46226760798129,33.262538649813465,14.582457481687086,6384.75,6.169893095064118,1.4,28,12,-0.002597939988555842,0,-0.0034106146672314265
B0025,17,47,24.0,1.7928016149381065,89.64008074690533,4.176908127442872,3.280466694473764,1.9492783916128957,3.3887362465772446,0.2793078291380924,1.0620562132817901,27.393885810659395,41.32045149274522,33.455906862521594,13.926565682085826,6284.063,6.074044393517777,1.4,28,11,-0.01550164537031673,0,-0.005723288064901766
B0025,18,51,24.0,1.812563150045885,90.62815750229424,4.198430576015103,3.2971857899973758,1.7363301713780446,3.3997812429989795,0.2868693925570401,1.065422244498521,27.278235740158276,41.29100352861782,33.359161719231366,14.012767788459545,6370.937000000005,6.185563121201297,1.4,28,10,0.01976153510777845,1,-0.0035504955846094254
B0025,19,53,24.0,1.807772607491239,90.38863037456196,4.201378297006623,3.3139363452073476,1.7105280581137303,3.4092528162288933,0.2814034742945381,1.064513292440049,27.15998070091933,41.08913600776219,33.19907517017467,13.929155306842862,6359.812,6.166094068227737,1.4,28,9,-0.004790542554645949,0,-0.0019553113782490696
B0025,20,55,24.0,1.8048055175003972,90.24027587501986,4.201267329262803,3.3245081604121793,1.6755342791432475,3.413290161572333,0.2802094988553024,1.064760610416105,27.03214990100331,41.020672808164036,33.10915637159371,13.988522907160725,6346.156,6.15200059142587,1.4,28,8,-0.0029670899908418313,0,-0.0012191365593163805
B0025,21,57,24.0,1.800538555899242,90.02692779496209,4.201007650907643,3.335811472179787,1.6704419000715314,3.418321145613461,0.2774190300830893,1.0651471467215483,26.87253908617082,40.73588950026045,32.8730319628199,13.863350414089627,6328.172,6.135886216366707,1.4,28,7,-0.00426696160115525,0,-0.0015529408818362623
B0025,22,59,24.0,1.7942356098033032,89.71178049016515,4.200640308563649,3.3455703327571924,1.7016507714607274,3.4228002445936747,0.27280921158621285,1.0619411430227985,26.819965319318538,40.76227622359968,32.8903015920882,13.94231090428114,6326.062,6.119128667845186,1.4,28,6,-0.006302946095938733,0,0.0002867989730393372
B0025,23,66,24.0,1.807409052434889,90.37045262174445,4.199028873312285,3.3208608481901574,1.8891035060983299,3.4103062616510487,0.2726714857312039,1.0590696327768256,26.151023423681288,39.71112605386658,32.07013291213046,13.560102630185291,6352.843,6.129967262425095,1.4,28,5,0.013173442631585708,1,-0.001030819522199211
B0025,24,68,24.0,1.7902504816962075,89.51252408481038,4.200691577023061,3.3202365819242865,1.756482386846181,3.4104689136383888,0.27692734094770227,1.0630664148783957,26.242111136505635,39.797043058510575,32.18349666127279,13.55493192200494,6309.172000000006,6.110166272647097,1.4,28,4,-0.017158570738681433,0,-0.003504425159006308
B0025,25,70,24.0,1.7961223845359495,89.80611922679748,4.199923633369484,3.3387226822988936,1.8323981556137667,3.4208452515825636,0.2690806882383923,1.0635557830224975,26.235453942984385,39.64019141128942,32.133961271398654,13.404737468305036,6284.297,6.0919035880074235,1.4,28,3,0.005871902839742038,1,-0.0017366265928895341
B0025,26,72,24.0,1.7912236690350776,89.56118345175388,4.200628533399999,3.3494710160604875,1.8971268658440401,3.426965494192803,0.2644588381686,1.0646308422852058,26.19662889853304,39.75344188854835,32.19734869129393,13.556812990015313,6265.969,6.079838672602731,1.4,28,2,-0.004898715500871953,0,-0.0018629773728328746
B0025,27,74,24.0,1.7854822365303245,89.27411182651622,4.200021709929957,3.3633941206718414,1.9934958310371553,3.4343195510923628,0.25825410988849684,1.0612445632401712,26.170530846818277,39.57317189988566,32.128660226085096,13.40264105306738,6266.641,6.063490761804983,1.4,28,1,-0.005741432504753119,0,-0.001750674654595752
B0025,28,78,24.0,1.7677890780323617,88.38945390161808,4.179880908916163,3.2654769931105054,1.9679550948765454,3.379891621690332,0.2831766559019388,1.0616823792692962,26.30004424292267,39.45687787991913,32.16680073898097,13.156833636996463,6198.75,5.989660840309081,1.4,28,0,-0.017693158497962713,0,-0.007923994880505436
B0026,1,4,24.0,1.8132504303869899,90.6625215193495,4.185453870728775,3.3226569002740027,1.98069037313681,3.404890220315493,0.2669668516674607,1.049714799396727,26.419339530533897,40.711455499237935,32.764485625071856,14.292115968704039,6515.422000000006,6.142136971689416,1.4,6,5,0.0,0,-0.08538261758879546
B0026,2,6,24.0,1.8149760087078302,90.7488004353915,4.191986600147927,3.344948612326286,1.9296821070764223,3.418631404129339,0.26289196776483414,1.05032568804846,26.345820643464833,40.56984371986605,32.560591865941106,14.224023076401217,6516.219,6.160744990405082,1.4,6,4,0.0017255783208403042,0,-0.08538261758879546
B0026,3,8,24.0,1.8135354175561993,90.67677087780996,4.19141376026019,3.388101955667073,2.169258771295841,3.4453022579697716,0.246039741687949,1.0475510378692992,26.85570584198223,40.420735413096146,32.70948277164228,13.565029571113918,6489.5,6.140518116960434,1.4,6,3,-0.0014405911516308656,0,-0.08538261758879546
B0026,4,10,24.0,1.815149273310334,90.7574636655167,4.188413709802578,3.3635099671869173,1.898741105703338,3.4281919482774947,0.25990886047812817,1.0512603734193369,26.73411994275517,40.839359753382105,32.89402601565415,14.105239810626934,6471.25,6.135006925204741,1.4,6,2,0.001613855754134752,0,-0.08538261758879546
B0026,5,12,24.0,1.8142913014068198,90.714565070341,4.191378962576998,3.3723716769314045,1.9095478812878097,3.433945869545595,0.2573070459710433,1.051392872905392,26.677766339277238,40.762597974826,32.88851048708752,14.084831635548763,6466.672,6.13969254852103,1.4,6,1,-0.0008579719035142208,0,-0.08538261758879546
B0026,6,16,24.0,1.3863373424430125,69.31686712215063,3.9865474622465253,3.242697887336069,2.0442560844271522,3.2986715430208906,0.23187895933177424,0.8178908015954496,26.291478776950758,39.78739652537364,31.60887613480477,13.49591774842288,6410.672,4.61726328604593,1.4,6,0,-0.4279539589638073,0,-0.08538261758879546
B0026,7,20,24.0,1.8165277958816064,90.82638979408031,4.1842030048921135,3.3013286895325744,1.8584184081271529,3.395711592779412,0.275888205168666,1.0513832785690405,26.458131735942853,40.12859054534907,32.4909596779559,13.670458809406217,6474.156,6.151649230767238,1.4,6,0,0.43019045343859386,1,0.00031035743475524844
B0026,8,23,24.0,1.8085638576011063,90.42819288005532,4.189253474215399,3.350202080919962,1.9288388497995346,3.4209107644287986,0.262287793561101,1.0491412500799762,26.492780853310034,40.39287009990307,32.63416073863936,13.900089246593037,6460.75,6.137295377912689,1.4,6,0,-0.007963938280500127,0,-0.0009943119910186039
B0026,9,25,24.0,1.804936077644182,90.24680388220911,4.190283088382904,3.3608261191641824,1.935441772448038,3.4290052342029878,0.2580620036365273,1.0492745282143645,26.431871222136834,40.37811271633581,32.646683898798194,13.946241494198972,6448.907,6.128972530707358,1.4,6,0,-0.003627779956924204,0,-0.002042639133230395
B0026,10,27,24.0,1.8049315924982108,90.24657962491054,4.188068725985081,3.384121792249783,2.0842440571468894,3.4422746572295977,0.24805439032853877,1.0431023777984292,26.668129241717903,40.6345527951007,32.95341147758712,13.9664235533828,6447.125,6.0988491403261555,1.4,6,0,-4.485145971289128e-06,0,-0.0018719417817218086
B0026,11,31,24.0,1.717679232699393,85.88396163496965,4.137907749692748,3.3197816919448715,1.8964443776301838,3.391747147883427,0.2556778882716662,1.002363649452946,26.253373650244296,40.0980220096873,32.14122281811958,13.844648359443003,6431.219,5.805708987549855,1.4,6,0,-0.08725235979881774,0,0.0662683780512761
B0026,12,35,24.0,1.809804813280106,90.4902406640053,4.1860879116703416,3.3686369707762713,2.0399077334404954,3.433128893119263,0.25297141889198604,1.0466477287865616,26.47777121062403,40.34748376711444,32.73498021932445,13.86971255649041,6442.203,6.117512513062746,1.4,6,0,0.09212558058071285,1,-0.001344596520300101
B0026,13,37,24.0,1.806556213274488,90.32781066372439,4.1900980869893365,3.3867302232941032,2.1312634408664395,3.4445618404708633,0.2475457610631164,1.0470104688191864,26.872084257395095,40.655125518765814,33.0777254348539,13.78304126137072,6427.079,6.11690027643681,1.4,6,0,-0.0032486000056179964,0,-0.0004015288653236748
B0026,14,39,24.0,1.7938155707698507,89.69077853849254,4.18806162606315,3.377065267321948,1.8782785619868927,3.435084142217923,0.2572617260713015,1.0471811022139594,26.846354528059383,40.78648924035223,33.067457381369145,13.94013471229285,6417.156,6.101360759250474,1.4,6,0,-0.012740642504637245,0,-0.002224101374866283
B0026,15,41,24.0,1.799304949381792,89.9652474690896,4.188184354415936,3.3951707931972104,1.9640553148703692,3.4457210478614795,0.2502691293073183,1.047717137687557,26.721977656250186,40.64545029611132,32.902717226956746,13.923472639861135,6398.907,6.085779506861177,1.4,6,0,0.005489378611941431,1,-0.001125328623283739
B0026,16,43,24.0,1.7842197448470132,89.21098724235065,4.18723267594963,3.3960984557134832,1.9028600928182506,3.4449342432242034,0.2520616656913995,1.047858510047154,26.768718860214637,40.753548433947245,33.04143942038261,13.984829573732608,6384.75,6.073716032790811,1.4,6,0,-0.015085204534778907,0,0.013308102429524026
B0026,17,47,24.0,1.6818819918515189,84.09409959257594,4.116319031433004,3.2414508629231222,2.066791178782658,3.348388974288582,0.26944182934103833,0.9984145932832351,27.280613835224106,40.90407080657346,33.28920270851618,13.623456971349352,6284.063,5.654319035896848,1.4,6,0,-0.1023377529954943,0,-0.025584564285717405
B0026,18,51,24.0,1.8007519383961936,90.03759691980969,4.182896490938407,3.3176236883723424,2.1735697218309302,3.4115903895548496,0.2617822201498266,1.0522389405535977,27.178165265331575,40.760169873884465,33.31828122927918,13.58200460855289,6370.937000000005,6.106258650054654,1.4,6,0,0.11886994654467475,1,-0.0011608549756588538
B0026,19,53,24.0,1.795972684272296,89.7986342136148,4.188680037627242,3.3185109271820448,1.8699981350012518,3.4077180188358045,0.2722544946157835,1.0585224844148562,27.037146422025586,40.86760057065783,33.24546150252619,13.830454148632242,6359.812,6.116867782484377,1.4,6,0,-0.004779254123897569,0,0.0004314227004890814
B0026,20,55,24.0,1.7931026940553298,89.65513470276649,4.189338315317407,3.339336914928341,1.834360851438286,3.416993809879986,0.26822799990446744,1.0587121630777079,26.912811421770908,40.845772478695196,33.19381621015531,13.932961056924288,6346.156,6.104906500561993,1.4,6,0,-0.0028699902169662117,0,-0.0012404510652924473
B0026,21,57,24.0,1.8010267542068712,90.05133771034356,4.191202777072821,3.360909430364995,1.8588013920189892,3.4279308915459796,0.262402145529525,1.0591592504619796,26.801911350114445,40.61328442378913,32.950371591621256,13.811373073674687,6328.172,6.092550796853529,1.4,6,0,0.007924060151541346,1,0.0033614018719716034
B0026,22,59,24.0,1.7824572301269948,89.12286150634974,4.18738502716279,3.400823458107325,2.1656553710973343,3.450423062016945,0.2434768719967029,1.0489499837695733,26.68911300750602,40.55411444614823,32.98142836772341,13.865001438642214,6326.062,6.041440860643799,1.4,6,0,-0.018569524079876443,0,0.020115047655095177
B0026,23,66,24.0,1.7959303030608789,89.79651515304394,4.187376898822461,3.3478540574039943,2.161441726851442,3.4243550860962872,0.25523705702751964,1.0526814438951155,26.055865754438425,39.89740047610024,32.285643510120714,13.841534721661812,6352.843,6.085357647330718,1.4,6,0,0.013473072933884112,1,-0.0009643270670629533
B0026,24,68,24.0,1.7783142127341003,88.91571063670501,4.187573942901554,3.34805202754179,1.8357784756785414,3.419928142613709,0.2657963889449642,1.0566435008209556,26.129925036104066,40.148009555945954,32.40988062398286,14.018084519841889,6309.172000000006,6.056713971888957,1.4,6,0,-0.017616090326778577,0,-0.0035316943076391548
B0026,25,70,24.0,1.771719092984802,88.5859546492401,4.187714468300498,3.3742298505036907,1.7730752055194368,3.4304184604928114,0.2627047133930131,1.056719503715434,26.129414433490485,40.16428171644192,32.395070835603484,14.034867282951435,6284.297,6.028819254740441,1.4,6,0,-0.006595119749298384,0,-0.0042767202141055895
B0026,26,72,24.0,1.7790749489536772,88.95374744768387,4.188478683109575,3.3964176261544003,1.8034969218504175,3.4416415585585702,0.2568257035937933,1.0574784998709785,26.080638198401882,40.348229188960836,32.48055490141574,14.267590990558954,6265.969,6.014978997371268,1.4,6,0,0.0073558559688753355,1,-0.0043903610506387915
B0026,27,74,24.0,1.7733229782464675,88.66614891232338,4.188556751119444,3.4139638817537694,1.8019162984387032,3.448941537538792,0.2536204394776369,1.0537510083571888,26.06900224745708,40.155136061235744,32.39831599080119,14.086133813778662,6266.641,5.993685568452754,1.4,6,0,-0.005751970707209786,0,-0.00182685037610546
B0026,28,78,24.0,1.768754111010884,88.4377055505442,4.167840102339013,3.2411093837588147,2.094755756018166,3.3679598202717265,0.2836200003142359,1.062210545753597,26.221382774021837,40.014600736484276,32.5316653403438,13.793217962462439,6198.75,5.978990373674964,1.4,6,0,-0.004568867235583474,0,-0.005435238409998977
B0027,1,4,24.0,1.8233077742149364,91.16538871074683,4.201942981365258,3.3558750579766676,2.4407952016086623,3.415635388206693,0.26348603590940445,1.0486169621289125,26.288547313515906,42.07194057268294,33.531461449042084,15.783393259167035,6515.422000000006,5.98605391953849,1.4,28,27,0.0,0,-0.005740780779081423
B0027,2,6,24.0,1.8142384651167962,90.7119232558398,4.20685147285374,3.355717417414291,2.4193060956450503,3.405140913759623,0.2726529665422416,1.0494164359063816,25.96471800834349,42.526459613766654,33.768115475386416,16.561741605423165,6516.219,5.913982881218168,1.4,28,26,-0.009069309098140188,0,-0.005740780779081423
B0027,3,8,24.0,1.8128596793130867,90.64298396565434,4.206087528624208,3.3988580033138,2.4982363525248754,3.425659661801085,0.26743462548777713,1.046735930477189,26.169275903869103,42.65704114936764,34.0575363030056,16.48776524549854,6489.5,5.858711332531759,1.4,28,25,-0.0013787858037095369,0,-0.005740780779081423
B0027,4,10,24.0,1.8144242446739973,90.72121223369987,4.206597549468143,3.3944118820456675,2.4798358184535396,3.4201699208239194,0.27243475369547326,1.0504850169963722,26.288545989531762,43.07456793109374,34.34311925332076,16.786021941561977,6471.25,5.83876338593485,1.4,28,24,0.0015645653609106525,0,-0.005740780779081423
B0027,5,12,24.0,1.812800333853042,90.6400166926521,4.206708529635488,3.392360675020466,2.4669313816061296,3.4180604683404985,0.2740054478250831,1.0500577173917847,26.34701719437006,43.12836631992577,34.3900563067441,16.781349125555707,6466.672,5.826927921667867,1.4,28,23,-0.0016239108209552544,0,-0.005740780779081423
B0027,6,16,24.0,1.7946038703195293,89.73019351597647,4.182675464297748,3.3680669644764567,2.492471012096456,3.3978401981445576,0.2724065088172257,1.0479913114924586,26.170511913028506,42.9279467397339,34.16207101391941,16.757434826705392,6410.672,5.742165391670383,1.4,28,22,-0.018196463533512786,0,-0.005740780779081423
B0027,7,20,24.0,1.816519171293833,90.82595856469165,4.202193645397168,3.3428159145508807,2.4232193266263646,3.3984422668226393,0.27460677376586035,1.0575900771449163,25.914640942736753,42.344909658609986,33.65117316898919,16.430268715873233,6474.156,5.925171612527853,1.4,28,21,0.02191530097430361,1,0.0004561412354073369
B0027,8,23,24.0,1.8198335565190242,90.99167782595121,4.207150334625055,3.3766206190803336,2.4791120561344835,3.411384397730043,0.27287870729755964,1.055070389014976,26.321229097655937,42.501459218547076,33.993154419553875,16.18023012089114,6460.75,5.87386187071631,1.4,28,20,0.003314385225191341,0,0.0013947754411875123
B0027,9,25,24.0,1.816980986440728,90.84904932203641,4.206397551973287,3.3746122127441796,2.4281027036480562,3.40775629545449,0.2762785419737256,1.0555546880116329,26.250108125500603,42.75456095698592,34.121102900157744,16.504452831485317,6448.907,5.844782585051961,1.4,28,19,-0.0028525700782962016,0,0.0005113483533461416
B0027,10,27,24.0,1.8047602710768988,90.23801355384494,4.206620391551443,3.3653888139988766,2.4202095510772232,3.4031041806987625,0.2775947993527853,1.055733377641085,26.532556061939943,43.208685492251035,34.521504581092735,16.676129430311093,6447.125,5.8407958166770415,1.4,28,18,-0.012220715363829182,0,-0.001608012555228644
B0027,11,31,24.0,1.8021778881408677,90.10889440704338,4.194991220811618,3.3466825768002697,2.3998890148152445,3.38665218439762,0.2806173502475224,1.0559845692791197,25.912435358842856,42.59572185384836,33.91883669839733,16.683286495005504,6431.219,5.807435877299005,1.4,28,17,-0.002582382936031191,0,0.001514803564267675
B0027,12,35,24.0,1.810054375611175,90.50271878055875,4.2023598960429815,3.384141614353408,2.483742346997907,3.4140369130125587,0.271009074012288,1.053186102640892,26.318007051932856,42.63365730314649,34.203791109857484,16.315650251213636,6442.203,5.836190429267436,1.4,28,16,0.007876487470307447,1,-0.0012929591365315573
B0027,13,37,24.0,1.8191618703574552,90.95809351787277,4.206482819011052,3.3413011431722475,2.382935984422233,3.3945090590148355,0.27818286841921114,1.0604300807075957,26.721485029988013,42.89197473994752,34.48622307207774,16.170489709959508,6427.079,5.880207921934884,1.4,28,15,0.009107494746280143,1,-0.00013433723231379702
B0027,14,39,24.0,1.806344581230731,90.31722906153655,4.205237613119845,3.390750991887319,2.4903839742860163,3.4204049256076163,0.26913412537292575,1.0540732888788709,26.679725292854272,42.736703039205324,34.40141739485763,16.056977746351052,6417.156,5.84258479909738,1.4,28,14,-0.012817289126724196,0,-0.002127281041999396
B0027,15,41,24.0,1.8120006378747944,90.60003189373973,4.205946910651655,3.3583405048869572,2.39789040439265,3.401908039296132,0.2763995865629319,1.0612970932837948,26.557167703904852,42.71819238433457,34.3150259504104,16.16102468042972,6398.907,5.852079794742295,1.4,28,13,0.005656056644063323,1,0.001448073359579105
B0027,16,43,24.0,1.809238569578753,90.46192847893765,4.205053312485709,3.36932069660063,2.41937557251393,3.407597938928066,0.27494735493567696,1.061701032188434,26.6127966864013,42.87852551010068,34.450526992415796,16.26572882369938,6384.75,5.8431987889262365,1.4,28,12,-0.00276206829604142,0,0.0014121362875770594
B0027,17,47,24.0,1.7820717716005336,89.10358858002668,4.181855642136106,3.3075959093080756,2.444119634453687,3.3774091842080276,0.2769215777460325,1.0625157679341974,27.17859208630489,42.99196482622249,34.741504044616725,15.813372739917604,6284.063,5.777572431723353,1.4,28,11,-0.027166797978219304,0,-0.005596520802128291
B0027,18,51,24.0,1.8145504562341046,90.72752281170523,4.202820080160637,3.299946715721563,2.395925863485738,3.3771878224396685,0.2842600819705951,1.0667374090397228,27.03942245613985,42.920147884014575,34.663008920131865,15.880725427874726,6370.937000000005,5.882056230528803,1.4,28,10,0.03247868463357095,1,-0.0009222828246701287
B0027,19,53,24.0,1.809153485164282,90.4576742582141,4.206436642050531,3.325166570400596,2.408349641748691,3.390746744780089,0.2794474232538435,1.065858988405417,26.890332641639585,42.77821015998406,34.47643463041281,15.887877518344478,6359.812,5.867897509903332,1.4,28,9,-0.005396971069822509,0,0.0005617807867102087
B0027,20,55,24.0,1.8065551508093707,90.32775754046854,4.20638281753962,3.335664696258461,2.399239705167686,3.3939882666698242,0.2789093472884377,1.0663433322106501,26.74997853742709,42.71393681070588,34.45771838499012,15.963958273278791,6346.156,5.848878482401151,1.4,28,8,-0.0025983343549114135,0,-0.0010890974130847385
B0027,21,57,24.0,1.802401655959492,90.1200827979746,4.2054658678946755,3.3424367374327635,2.378335964879865,3.395270569622429,0.2793146139889074,1.0669408890506884,26.647964810817683,42.66066961608101,34.276431502022604,16.012704805263326,6328.172,5.826644030032028,1.4,28,7,-0.004153494849878703,0,-0.001367382723852195
B0027,22,59,24.0,1.7964331683322998,89.821658416615,4.206584936190674,3.373483228053552,2.437999478526856,3.4104656511949063,0.2745275082193091,1.0637242598317926,26.541772227520706,42.64239690775237,34.35292925698558,16.100624680231665,6326.062,5.806004335130487,1.4,28,6,-0.005968487627192154,0,0.002872279346353235
B0027,23,66,24.0,1.8088036930508289,90.44018465254145,4.202720536521346,3.358054295305309,2.484818012933219,3.400641404160475,0.2751233786347394,1.0597264727233628,25.916190581697048,41.86831727976231,33.64812848797218,15.95212669806526,6352.843,5.80319033032444,1.4,28,5,0.012370524718529063,1,-0.0011493526366551433
B0027,24,68,24.0,1.7915527748749653,89.57763874374827,4.206301818692852,3.3619049838019364,2.456168013420922,3.403879368199544,0.2757609435559332,1.0641261908415773,25.991251495569376,41.97207960495628,33.75077258934032,15.980828109386902,6309.172000000006,5.787936270800034,1.4,28,4,-0.01725091817586355,0,-0.0035201420578633512
B0027,25,70,24.0,1.7853375192239571,89.26687596119785,4.205750597989692,3.3828876573241806,2.4697995830050976,3.4141854712687336,0.273367119306613,1.0647001772353382,25.985859984223445,41.92250461031742,33.72038549007088,15.936644626093972,6284.297,5.768078113193292,1.4,28,3,-0.006215255651008222,0,-0.0042435263170827135
B0027,26,72,24.0,1.793209210325309,89.66046051626545,4.20589200120434,3.400175722413523,2.491582666091738,3.4230599701504794,0.27131172908647727,1.0655901960484149,25.926157732808466,42.14300769699952,33.812030459081335,16.216849964191052,6265.969,5.754747283417834,1.4,28,2,0.007871691101351885,1,-0.0018384891268365955
B0027,27,74,24.0,1.7873097711102113,89.36548855551057,4.205560793070628,3.3648937947570956,2.3944859739266695,3.4023930606429906,0.2785758952035429,1.0691023162665156,25.907382263131502,42.43039551713637,33.79680193008211,16.523013254004866,6266.641,5.763862889383449,1.4,28,1,-0.005899439215097724,0,-0.0018246794444177095
B0027,28,78,24.0,1.7700926253324452,88.50463126662225,4.186200185347402,3.290288430792597,2.4249816079125552,3.3633791712406205,0.2864446371413158,1.0701748904460906,26.050915731101185,42.033372446715575,33.92036482801563,15.98245671561439,6198.75,5.701178957731697,1.4,28,0,-0.01721714577776612,0,-0.0077422135436767455
B0028,1,4,24.0,1.8046847720100736,90.23423860050369,4.181907184700754,2.6151397684307285,2.6151397684307285,3.676492835528995,0.22932539822023007,0.9972197512793336,26.429257363552026,31.679728237853865,30.261078788805897,5.25047087430184,6515.422000000006,6.427857534647174,1.4,28,27,0.0,0,-0.005931727221255301
B0028,2,6,24.0,1.8047833214525881,90.2391660726294,4.186649864658788,2.578716047628789,2.578716047628789,3.677932362103996,0.23102269615491433,0.9971490855885725,26.126071979549952,31.42728999177483,30.023214006195516,5.301218012224879,6516.219,6.432127265990767,1.4,28,26,9.854944251452835e-05,0,-0.005931727221255301
B0028,3,8,24.0,1.797618668222458,89.8809334111229,4.18681133711429,2.679890873914289,2.679890873914289,3.681544140844236,0.226586842003534,0.9971852097507162,26.30148047924344,31.694210133469813,30.21665562692593,5.392729654226372,6489.5,6.414389839522008,1.4,28,25,-0.007164653230130158,0,-0.005931727221255301
B0028,4,10,24.0,1.7929913687761174,89.64956843880587,4.1855363847405656,2.674600586599544,2.674600586599544,3.6819955552100256,0.22657929942388616,0.9974025282037663,26.466372663275614,31.849947051821633,30.363564779968748,5.38357438854602,6471.25,6.3998692742323815,1.4,28,24,-0.004627299446340549,0,-0.005931727221255301
B0028,5,12,24.0,1.7919180081592216,89.59590040796108,4.186483098548598,2.655983638577288,2.655983638577288,3.6822366580622092,0.22733426672952325,0.9975916855756545,26.51748712217135,31.891976600913974,30.383708693138953,5.374489478742625,6466.672,6.397684066033275,1.4,28,23,-0.0010733606168957799,0,-0.005931727221255301
B0028,6,16,24.0,1.775026135903797,88.75130679518986,4.167389245760536,2.5587601304544574,2.5587601304544574,3.6730621916612125,0.22329109074567416,0.9969144044645758,26.339716125642624,31.647839531181656,30.151543075778466,5.308123405539032,6410.672,6.325161804634069,1.4,28,22,-0.016891872255424545,0,-0.005931727221255301
B0028,7,20,24.0,1.7920487852223415,89.60243926111707,4.183182085400848,2.684075980505414,2.684075980505414,3.6821638997402064,0.22177641228707443,0.9965967441024051,26.081978657015885,31.66717160096336,29.942877366572425,5.585192943947476,6474.156,6.402195928036831,1.4,28,21,0.01702264931854436,1,-0.0025469072460493347
B0028,8,23,24.0,1.790475801581265,89.52379007906325,4.183612566677097,2.692955180725203,2.692955180725203,3.6829104616020185,0.22196782572054807,0.9976197620861772,26.49497465091215,31.543075306784417,30.159672019699293,5.048100655872265,6460.75,6.397905654012938,1.4,28,20,-0.0015729836410764975,0,-0.0014285733282386026
B0028,9,25,24.0,1.7868365091987264,89.34182545993632,4.186132992895621,2.664091579679959,2.664091579679959,3.6830910997567576,0.22348140072470052,0.9973494735282147,26.423901493448387,31.63889282611546,30.18503729745987,5.214991332667072,6448.907,6.385064226620525,1.4,28,19,-0.0036392923825385726,0,-0.0012309719154782073
B0028,10,27,24.0,1.7871529619962185,89.35764809981093,4.18605235856229,2.599501054239839,2.599501054239839,3.6823376400116725,0.2260566684311122,0.9977872031781331,26.726549087436442,32.06283964981591,30.557366977302667,5.336290562379471,6447.125,6.385245391137055,1.4,28,18,0.0003164527974921505,0,-0.0009530092326006212
B0028,11,31,24.0,1.7816340617009505,89.08170308504752,4.177617061522188,2.5987712023407274,2.5987712023407274,3.6779403019036363,0.22382532650235404,0.9972976924755459,26.08921616184167,31.17821904490572,29.87809290999813,5.089002883064051,6431.219,6.358591314889472,1.4,28,17,-0.0055189002952680255,0,0.0013215851594306828
B0028,12,35,24.0,1.7850235136604733,89.25117568302366,4.183570268917493,2.5683373423176117,2.5683373423176117,3.6809827017477756,0.22662380525388784,0.997433014694744,26.519713063764705,31.830430244172504,30.329541918405045,5.310717180407799,6442.203,6.376144241173218,1.4,28,16,0.0033894519595227823,0,-0.0014050543123736326
B0028,13,37,24.0,1.7803865429693038,89.0193271484652,4.186886063009724,2.571655326217227,2.571655326217227,3.6821031308211283,0.22714644898543934,0.9971726109797923,26.88812330554377,32.176676996947776,30.67805955282036,5.288553691404008,6427.079,6.362240145788437,1.4,28,15,-0.0046369706911695285,0,-0.0020178517223922387
B0028,14,39,24.0,1.7789060856417256,88.94530428208628,4.186431294608572,2.5464403411304843,2.5464403411304843,3.68119828344271,0.22831870263398096,0.9978583163901464,26.882421922359026,32.101579055970326,30.61748146501738,5.219157133611301,6417.156,6.355262000362705,1.4,28,14,-0.0014804573275781774,0,-0.0015860847114001597
B0028,15,41,24.0,1.7738387518973049,88.69193759486524,4.186605296553263,2.5488905698718844,2.5488905698718844,3.6808780113914024,0.22855630947587238,0.997804166070814,26.7616897527647,31.927225800846255,30.47693232752601,5.165536048081556,6398.907,6.335674819247625,1.4,28,13,-0.005067333744420699,0,-0.0026628420197827296
B0028,16,43,24.0,1.769682881523146,88.4841440761573,4.186323465690521,2.592227961453642,2.592227961453642,3.6816453877057884,0.22709297677692253,0.9976996117039807,26.797121034016598,32.17577171129977,30.59851621920085,5.378650677283169,6384.75,6.322731231118833,1.4,28,12,-0.0041558703741588765,0,-0.0023902360355608997
B0028,17,47,24.0,1.7408787283206992,87.04393641603497,4.1643364768914175,2.598546956085325,2.598546956085325,3.6751321799254955,0.22059902953457186,0.9973353463194166,27.34376856854934,32.50607956309833,31.100240402928506,5.162310994548992,6284.063,6.211795814170923,1.4,28,11,-0.02880415320244678,0,-0.008828957067954812
B0028,18,51,24.0,1.7648189744011906,88.24094872005954,4.183015650086247,2.6924907199800523,2.6924907199800523,3.6846266213857497,0.221855166205316,0.9971360100252896,27.2242309376204,32.36361154404582,30.938169249041685,5.139380606425416,6370.937000000005,6.313470998234796,1.4,28,10,0.02394024608049139,1,-0.003113513713622629
B0028,19,53,24.0,1.7617857390844023,88.08928695422011,4.185224082214954,2.6173421756941537,2.6173421756941537,3.6832544826548084,0.22503995916122416,0.9972190050586422,27.07991162836797,32.23987480909281,30.779624907003203,5.159963180724841,6359.812,6.2992783009391795,1.4,28,9,-0.003033235316788341,0,-0.0034240693114646614
B0028,20,55,24.0,1.75770610357021,87.88530517851049,4.185772001736481,2.6240203066915697,2.6240203066915697,3.6830019424524427,0.224939209972402,0.9971068284135572,26.96009141229826,32.1209393902127,30.70960684046627,5.160847977914436,6346.156,6.284536932747121,1.4,28,8,-0.004079635514192326,0,-0.003226529665418987
B0028,21,57,24.0,1.7519375960601256,87.59687980300627,4.185968902546653,2.63525875804135,2.63525875804135,3.6825149277266642,0.22503062085183007,0.9966890761257478,26.867299699777067,31.876773372691297,30.47705959403915,5.009473672914229,6328.172,6.262679010553196,1.4,28,7,-0.0057685075100843974,0,-0.003549057092604091
B0028,22,59,24.0,1.7521244035832177,87.60622017916089,4.185698138171178,2.540126038881981,2.540126038881981,3.6802726203570852,0.2288351077697829,0.9969924124015691,26.70985682862992,32.13891568195097,30.54925924889458,5.429058853321049,6326.062,6.258455765877836,1.4,28,6,0.00018680752309219173,0,0.0022491350525037034
B0028,23,66,24.0,1.7597714133989641,87.9885706699482,4.1838351172655095,2.5784590711144535,2.5784590711144535,3.67908706723787,0.22650273231435689,0.9972215014119246,26.102722043836977,31.30995086456362,29.858081061792472,5.207228820726645,6352.843,6.284469633502627,1.4,28,5,0.007647009815746397,1,-0.001009512200445295
B0028,24,68,24.0,1.7483011320324189,87.41505660162095,4.185613308228973,2.6156681128542663,2.6156681128542663,3.680942088612725,0.22559447406287061,0.9975484567535846,26.170071440463772,31.443900397243077,29.92749751367273,5.273828956779305,6309.172000000006,6.246489731169937,1.4,28,4,-0.011470281366545265,0,-0.00269692141039668
B0028,25,70,24.0,1.7411482627836237,87.05741313918118,4.186072517005326,2.6736673087239393,2.6736673087239393,3.681439648314102,0.22390677818289212,0.997476564498223,26.15231542588846,31.383820135357173,29.887309173794996,5.231504709468712,6284.297,6.221878042432152,1.4,28,3,-0.007152869248795213,0,-0.0033115681573172573
B0028,26,72,24.0,1.7363833316311177,86.81916658155589,4.186079245979765,2.6531966228276134,2.6531966228276134,3.680615489022298,0.22493032951062783,0.997544656882128,26.108908298920575,31.360116664622666,29.974612767860144,5.251208365702091,6265.969,6.2024889078316345,1.4,28,2,-0.00476493115250598,0,-0.003110852885801574
B0028,27,74,24.0,1.736559066269527,86.82795331347634,4.185381963500375,2.5306280538039845,2.5306280538039845,3.6776600467841285,0.2300171239739823,0.9975144292434109,26.101332208378256,31.44534438395542,29.928807475767645,5.344012175577163,6266.641,6.1971540548614135,1.4,28,1,0.00017573463840925285,0,-0.0031130674627381618
B0028,28,78,24.0,1.7172335652295245,85.86167826147623,4.167590440976821,2.651385292787423,2.651385292787423,3.67453404625628,0.2196472797258553,0.9973021764239647,26.236488265406727,31.550251048213177,30.029795182593666,5.3137627828064495,6198.75,6.12542483935695,1.4,28,0,-0.019325501040002413,0,-0.008507569633887924
B0029,1,2,43.0,1.697507332205763,84.87536661028815,4.122635846291491,1.9999364731586213,1.9999364731586213,3.3651860477851834,0.26433790398086704,3.9753962170197243,43.41517780938604,58.72626885895911,51.631545591665024,15.311091049573072,1572.359,5.848769296073699,1.4,40,39,0.0,0,0.023531485952058916
B0029,2,4,43.0,1.844701206961174,92.2350603480587,4.201233252636135,2.9335924364508292,1.8520590925934357,3.3905928994464873,0.2962663671773508,3.9342748479764116,44.6512950787826,59.76796387174703,52.84944288631656,15.116668792964425,1723.281,6.410081190434648,1.4,40,38,0.1471938747554109,1,0.023531485952058916
B0029,3,6,43.0,1.8254376674722927,91.27188337361464,4.20059335047502,2.9710857404783844,1.8857258246963948,3.3944582472061784,0.289096966049954,3.9333280595638493,44.70540831920739,59.844347317645614,52.905865867265994,15.13893899843822,1705.906,6.351895206794312,1.4,40,37,-0.019263539488881154,0,0.023531485952058916
B0029,4,8,43.0,1.815750429913437,90.78752149567185,4.200991114400989,2.9766543603291193,1.8534777499421093,3.394696317253661,0.29281766825136385,3.9321362623883203,44.70284265888931,59.9199472840752,52.90438507577814,15.21710462518589,1697.688,6.320175715434061,1.4,40,36,-0.0096872375588557,0,0.023531485952058916
B0029,5,10,43.0,1.8132993337127028,90.66496668563514,4.201296240053268,3.0091524136033923,1.913443763136564,3.398579443319999,0.2850155825601988,3.931626830103865,44.703367240495666,59.89475354681757,52.87534956891003,15.191386306321903,1686.094,6.282936511870946,1.4,40,35,-0.0024510962007342485,0,0.023531485952058916
B0029,6,14,43.0,1.8151647619660576,90.75823809830288,4.190262887134144,1.9392366668780092,1.9392366668780092,3.3970260675114696,0.28137637559623646,3.976502981157763,44.658893917027946,59.588132364640614,52.762650424805656,14.929238447612668,1678.563,6.306216218051487,1.4,40,34,0.001865428253354784,0,0.023531485952058916
B0029,7,16,43.0,1.8143317955190057,90.71658977595028,4.20147284332843,2.8810174649563263,1.926680416628282,3.4017447799349796,0.28398648427208,3.953191333436391,44.70657486437913,59.81336613073259,52.78843384352056,15.106791266353461,1677.469,6.289576394429485,1.4,40,33,-0.000832966447051886,0,-0.006073882288433641
B0029,8,18,43.0,1.801343601809866,90.06718009049331,4.2011790172592045,2.8832234640330854,1.89070792341858,3.400790257856999,0.28753191668733674,3.9520733489027955,44.675584452215,59.75433532594285,52.7841972696045,15.078750873727849,1666.093,6.243870041092172,1.4,40,32,-0.012988193709139617,0,-0.004818813132485333
B0029,9,20,43.0,1.7881558802945825,89.40779401472912,4.201494746033988,2.9018204565557575,1.93249158993614,3.4030834056443755,0.2824106792462271,3.951643360416182,44.65379509474975,59.7737242563152,52.751738383515125,15.119929161565445,1654.328,6.203573630748431,1.4,40,31,-0.01318772151528358,0,-0.005518909923770909
B0029,10,22,43.0,1.7760714604539518,88.80357302269759,4.201381743397299,2.9194257800468835,1.9713665258317914,3.4052467951556413,0.2778721469749268,3.951520299071366,44.71566516283566,59.800107348599425,52.7506031720156,15.084442185763763,1643.812,6.168150117913815,1.4,40,30,-0.012084419840630689,0,-0.007445574651750197
B0029,11,26,43.0,1.7852807447597443,89.26403723798721,4.19368630303113,1.8523796286853516,1.8523796286853516,3.3969592538295337,0.2935488199453025,3.9741618554644975,44.6911020162878,59.92418745751934,52.76187024768883,15.233085441231538,1652.266,6.206513744913191,1.4,40,29,0.009209284305792487,1,-0.005976803441262657
B0029,12,28,43.0,1.7698116401111978,88.49058200555989,4.200099100053633,2.8859854427284723,1.8385968486453488,3.3978270130572263,0.2964747626779718,3.949365645471526,44.71218897425367,60.120904895462246,52.810328108304326,15.408715921208575,1648.672,6.170592925599621,1.4,40,28,-0.01546910464854645,0,-0.00890403108156157
B0029,13,30,43.0,1.7565231680521758,87.82615840260878,4.19989968243319,2.8903856133546753,1.8332269197665616,3.3976547229925322,0.2960297920349158,3.9487761035582647,44.71815315905492,60.159083367849426,52.803620504971605,15.440930208794505,1636.969,6.126442758257914,1.4,40,27,-0.01328847205902206,0,-0.008964086751538059
B0029,14,32,43.0,1.7543413277348154,87.71706638674077,4.199773319777983,2.9100600167874644,1.8809955356138472,3.400358560849027,0.2883466863185636,3.9482077110434055,44.676030389528265,60.033062355018394,52.774286568476356,15.35703196549013,1625.187,6.086092856254029,1.4,40,26,-0.0021818403173603507,0,-0.006762910511953412
B0029,15,34,43.0,1.7392875506998715,86.96437753499357,4.199547815306435,2.88474361143666,1.800038174333754,3.3951054015762527,0.3020093427658083,3.946665382562176,44.72993811022784,60.155675284547456,52.80429201579515,15.425737174319615,1622.016,6.06412420856122,1.4,40,25,-0.015053777034943927,0,-0.00735678195081606
B0029,16,38,43.0,1.7797845109331345,88.98922554665673,4.186076158365799,1.9415928705254093,1.9415928705254093,3.3952154633066987,0.2821356531960963,3.97371791832226,44.66212709539772,59.708263302408355,52.721179096315566,15.046136207010633,1638.422,6.150152283676519,1.4,40,24,0.04049696023326299,1,-0.0010992467653219596
B0029,17,40,43.0,1.7657088508465202,88.28544254232601,4.200417042295728,3.082158782897465,1.9724619388377238,3.400939370892573,0.2795462551977248,3.9242978385355944,44.66912802141903,59.826072535975634,52.76566676387698,15.156944514556606,1646.438,6.131961051265851,1.4,40,23,-0.014075660086614317,0,-0.0008205578529355328
B0029,18,42,43.0,1.7523941408724169,87.61970704362085,4.20070558560583,3.0795070258393755,1.9166086737918735,3.3990966930758852,0.28531021433245957,3.9225772399713974,44.70171758006288,59.97193555147316,52.80160858510679,15.270217971410275,1634.765,6.08316585842496,1.4,40,22,-0.013314709974103334,0,-0.0008258054359517875
B0029,19,44,43.0,1.7380191225603105,86.90095612801552,4.200153168499893,3.0916369041260543,1.9416286020335691,3.4005060708668395,0.2816848749736101,3.9219524666523657,44.675835276593766,59.90509096707212,52.76338281760698,15.229255690478354,1622.016,6.037552048905994,1.4,40,21,-0.014375018312106302,0,-0.003264441034900978
B0029,20,46,43.0,1.7312214443143976,86.56107221571988,4.20029443800031,3.0831358842567074,1.8754484122099284,3.397536794846482,0.2892858079751447,3.9205613824445287,44.69575543499411,60.003884509148,52.793663259837146,15.30812907415389,1616.25,6.009039050851654,1.4,40,20,-0.00679767824591293,0,-0.0016132212770947785
B0029,21,50,43.0,1.7379128985265808,86.89564492632904,4.194269014686893,2.8963057908946763,1.8380927294124034,3.391570729569499,0.2985215730427468,3.9453101481759445,44.63571423446394,60.25771781052726,52.75741582344694,15.622003576063321,1622.218,6.0572904146308755,1.4,40,19,0.006691454212183201,1,-0.008374322481310736
B0029,22,52,43.0,1.7224270683625882,86.12135341812942,4.200542863045068,3.2197807726489325,1.999771637867575,3.4006008999743154,0.2758915999512075,3.8958774782793504,44.7221030357877,59.90492726798961,52.866554147425745,15.182824232201916,1619.656,5.988644872376998,1.4,40,18,-0.015485830163992631,0,-0.008656356496786399
B0029,23,54,43.0,1.7184213765608034,85.92106882804018,4.200575845698052,3.0848830966901644,1.8317514112942035,3.3937647508109445,0.29732064389455815,3.917917791621327,44.735306086378706,60.33243416075105,52.88238533970063,15.597128074372343,1605.484,5.959527175566752,1.4,40,17,-0.004005691801784783,0,-0.0067945528623226895
B0029,24,56,43.0,1.7010220930648232,85.05110465324115,4.199921583771713,3.2211986785867115,1.9739559216587699,3.3990916405291434,0.2778808244031721,3.8930031372670744,44.73801386071172,59.986696705381924,52.89174684629843,15.248682844670206,1600.75,5.9133248298408745,1.4,40,16,-0.01739928349598019,0,-0.007399405899097466
B0029,25,58,43.0,1.693698739563104,84.6849369781552,4.200176761822699,3.2154442875561204,1.9069490533352143,3.396460061958035,0.2844631318871838,3.8910176432450543,44.72080656471346,59.99528714045464,52.86276331800625,15.27448057574118,1595.0,5.884400497894084,1.4,40,15,-0.007323353501719199,0,-0.00750454095025872
B0029,26,62,43.0,1.713072721286705,85.65363606433525,4.193117058731579,3.223257403217158,1.9996278665665834,3.3953349055125526,0.2767607521976619,3.8931408939723386,44.684139567457066,59.98821696841703,52.85514927949408,15.304077400959962,1612.422,5.949524979924881,1.4,40,14,0.01937398172360094,1,-0.004968035447975172
B0029,27,64,43.0,1.6976972688567131,84.88486344283565,4.200381622959815,3.2221760275662388,1.9297361391600052,3.397203474478597,0.28350746402494464,3.8906772175494067,44.69955125789035,60.01985635641876,52.84555100149494,15.320305098528408,1598.969,5.900481721491156,1.4,40,13,-0.015375452429991832,0,-0.004945959901175012
B0029,28,66,43.0,1.6899314034061208,84.49657017030604,4.200241022077571,3.2068104165765066,1.811689567857529,3.389787970407681,0.3004575140364543,3.8880464568366286,44.67589276572789,60.26410091872941,52.82153486606997,15.588208153001524,1592.187,5.86043659378249,1.4,40,12,-0.007765865450592324,0,-0.0056979946309365205
B0029,29,68,43.0,1.685023551367069,84.25117756835346,4.199965808109461,3.2386841242913507,1.9610731754377526,3.3967598380460484,0.2794392084658424,3.8880525284442844,44.658205256139574,59.92046248220958,52.81580315824478,15.262257226070005,1577.484,5.816411822474908,1.4,40,11,-0.004907852039051752,0,-0.003199708339550833
B0029,30,70,43.0,1.678389965463405,83.91949827317025,4.199992255004881,3.2346552164888736,1.9482718394124843,3.3957223246260377,0.28104092342404263,3.886829090837729,44.68603850626195,59.887692512983016,52.80521928839473,15.201654006721064,1571.547,5.79200380678126,1.4,40,10,-0.006633585903664141,0,-0.0030617548199398216
B0029,31,74,43.0,1.6737947494868326,83.68973747434163,4.195506217299026,3.2250360032255063,1.8674943991912756,3.3892258428534876,0.29179141650815266,3.8857343000255677,44.60923646358358,60.158935395611046,52.80312343851032,15.549698932027468,1578.484,5.805943917652762,1.4,40,9,-0.004595215976572309,0,-0.00785559435997447
B0029,32,76,43.0,1.6687898927884715,83.43949463942357,4.199772540774015,3.3075178536649554,1.926783206032701,3.3940321153796114,0.2826912184141584,3.858450880197004,44.657908969411466,60.047482357880945,52.85759471288148,15.38957338846948,1574.469,5.757906709311557,1.4,40,8,-0.005004856698361149,0,-0.005781475213648335
B0029,33,78,43.0,1.6492566306631427,82.46283153315713,4.199940712486744,3.300577557899683,1.869562035017659,3.3906922693966584,0.28942209531853313,3.856591474423173,44.679724363741826,60.167863371476415,52.85638451770691,15.488139007734588,1568.281,5.72782976814138,1.4,40,7,-0.0195332621253288,0,-0.00813495454859563
B0029,34,80,43.0,1.6409676757039668,82.04838378519834,4.199475681445826,3.3062280407265128,1.8881277069953313,3.3912179554575785,0.28675706733997264,3.855535874046126,44.665020318318945,60.09738415148209,52.882092513244274,15.432363833163144,1561.422,5.701103370943152,1.4,40,6,-0.00828895495917581,0,-0.008811175132620442
B0029,35,82,43.0,1.6456360229757092,82.28180114878546,4.200297140244301,3.3125825687867976,1.9264548202409049,3.3923453388185667,0.28279557377820747,3.8555747512605603,44.67321703266597,60.02940147619038,52.87120880021078,15.356184443524413,1554.234,5.677334551991642,1.4,40,5,0.004668347271742368,0,-0.006550788497539139
B0029,36,86,43.0,1.654547743574037,82.72738717870185,4.193855962965672,3.3040585931855517,1.8497742851139864,3.3840832974347714,0.2945567596924814,3.8548613798163536,44.60925310792597,60.33090148423857,52.8949932373189,15.721648376312594,1573.734,5.734933410488124,1.4,40,4,0.008911720598327788,1,-0.0038494011825591203
B0029,37,88,43.0,1.6461201520877546,82.30600760438773,4.1998075622524835,3.3697769011437253,1.988399313722457,3.3935243600466607,0.2768943863074781,3.8279631190232855,44.651733083497575,59.88870262903497,52.90577737967025,15.236969545537391,1566.578,5.682362318219473,1.4,40,3,-0.00842759148628236,0,-0.0045339481401433625
B0029,38,90,43.0,1.6275119188151763,81.37559594075881,4.199219461815915,3.3100502460679158,1.8822716064606955,3.388551594762018,0.2886780624081147,3.8519088061679043,44.624308005806974,60.13011665786984,52.85049305569667,15.505808652062868,1550.047,5.65200925785134,1.4,40,2,-0.018608233272578323,0,-0.004348942369593267
B0029,39,92,43.0,1.6200530533464497,81.00265266732248,4.200066757484033,3.311149686490291,1.8693019781355498,3.3876827466759964,0.2902200606247618,3.8509765940744116,44.684149828783205,60.20528139553767,52.93318563948955,15.521131566754462,1543.64,5.625668210186307,1.4,40,1,-0.00745886546872665,0,-0.0041829244715034354
B0029,40,94,43.0,1.612079811711934,80.60399058559669,4.199896848400753,3.3108834887315535,1.8433554303146658,3.3850191492367943,0.294008945307403,3.849366331322892,44.68322152965014,60.24494659507955,52.91920185424772,15.561725065429407,1536.781,5.594336604859487,1.4,40,0,-0.007973241634515738,0,-0.0067112422527550565
B0030,1,2,43.0,1.6560706096175404,82.80353048087701,4.121227217169418,3.1452014253532408,2.1274170450668684,3.3464479682177357,0.2563418232112226,3.881117422296153,43.15149833518289,61.11438949471705,52.450611378612734,17.96289115953416,1572.359,5.696280405212558,1.4,40,39,0.0,0,0.0189207839457187
B0030,2,4,43.0,1.7815548749509116,89.07774374754558,4.191393070810043,3.3123928164720318,2.1401060472348874,3.3780751936361146,0.2607811305572771,3.7838858314888455,44.54353972746864,61.9990871891876,54.113241117794225,17.455547461718957,1723.281,6.144050224408966,1.4,40,38,0.1254842653333712,1,0.0189207839457187
B0030,3,6,43.0,1.761969227822918,88.0984613911459,4.191314909952094,3.349618284046072,2.1657237815883463,3.3818672028482375,0.25814045976585637,3.7800140354599048,44.60752041269009,61.89071493502735,54.157828260748424,17.283194522337254,1705.906,6.082187911931461,1.4,40,37,-0.0195856471279936,0,0.0189207839457187
B0030,4,8,43.0,1.751755031874225,87.58775159371125,4.191325136243738,3.363204662480438,2.095376108282347,3.3803545588103714,0.26486970944640814,3.7771963627067855,44.61072161333403,62.214205409958005,54.212018750385205,17.603483796623976,1697.688,6.044846843117793,1.4,40,36,-0.010214195948692995,0,0.0189207839457187
B0030,5,10,43.0,1.7381688070362076,86.90844035181038,4.191406236830394,3.387542758441693,2.12524665517798,3.383237725223628,0.2614419453230774,3.774394142505079,44.6020225990607,62.31179793095802,54.19837692352459,17.70977533189732,1686.094,6.002464011285992,1.4,40,35,-0.013586224838017413,0,0.0189207839457187
B0030,6,14,43.0,1.7506745293461339,87.53372646730669,4.180910152329337,3.2667591961357134,2.0759632130565406,3.374148303155992,0.26972402232410325,3.8401506129683893,44.60154031697829,62.29994268441351,54.14161744851121,17.69840236743522,1678.563,6.068124533544448,1.4,40,34,0.012505722309926304,1,0.0189207839457187
B0030,7,16,43.0,1.7491047649061158,87.4552382453058,4.191286299168944,3.3338084050192887,2.0440070679316857,3.3806295984219497,0.2710300101096779,3.8162308411426897,44.63081139432513,62.48134926186261,54.21167948917778,17.850537867537483,1677.469,6.037765159070803,1.4,40,33,-0.0015697644400181066,0,-0.006490022008959162
B0030,8,18,43.0,1.7252544028765475,86.26272014382738,4.19167898729129,3.3960415986314683,2.173948548947525,3.387081847293872,0.25760237686784565,3.790555214102307,44.59936994632644,62.158212651524295,54.18634900836399,17.558842705197854,1666.093,5.9654549479879675,1.4,40,32,-0.02385036202956825,0,-0.007342964989274092
B0030,9,20,43.0,1.7112621367644252,85.56310683822126,4.191660740391253,3.413055281908902,2.1712631392036204,3.3879461849049983,0.2577836227383274,3.7878863152954003,44.59290494580976,62.11029841216025,54.15360140656882,17.51739346635049,1654.328,5.9196668971570725,1.4,40,31,-0.013992266112122342,0,-0.008098579021959961
B0030,10,22,43.0,1.6990418392711273,84.95209196355637,4.190382359026825,3.4270654954959023,2.1722790601698723,3.3883925705991067,0.25786627275917706,3.7852137197697893,44.65889264496845,62.21537292970592,54.168189231806274,17.556480284737475,1643.812,5.8781507001085265,1.4,40,30,-0.012220297493297894,0,-0.007825393553016058
B0030,11,26,43.0,1.7185770039532977,85.92885019766489,4.18494757447594,3.3798695020070193,2.1399140868464497,3.3829900242224884,0.2616856341081728,3.808758701764203,44.62015454107926,62.42078136779365,54.22057063412252,17.800626826714392,1652.266,5.938091850503632,1.4,40,29,0.019535164682170425,1,-0.006419505078567233
B0030,12,28,43.0,1.70324722921867,85.1623614609335,4.19138696373963,3.424390487351894,2.112329336316492,3.3872270612733906,0.2635633147742534,3.7838496795424073,44.63250190947096,62.42541404009337,54.24400266886001,17.792912130622412,1648.672,5.891823803150918,1.4,40,28,-0.01532977473462771,0,-0.009171507137489154
B0030,13,30,43.0,1.689458044662304,84.47290223311519,4.1916098999207785,3.4386201783326107,2.1141726056716275,3.387969833955272,0.26290775313626247,3.7810084173912366,44.632688209599,62.43136471336018,54.24150010859244,17.79867650376118,1636.969,5.846310812538589,1.4,40,27,-0.013789184556366019,0,-0.007159271642848708
B0030,14,32,43.0,1.6756136292719177,83.78068146359588,4.19104446122881,3.456324781338571,2.1697054636701996,3.3908449439184096,0.2579094518479587,3.7778492260022567,44.60212525746821,62.27459158639179,54.183697227073836,17.672466328923583,1625.187,5.802973605569623,1.4,40,26,-0.013844415390386278,0,-0.007129701498501495
B0030,15,34,43.0,1.6718407140871654,83.59203570435827,4.191251588829171,3.4532451032029297,2.0502203248956845,3.3859058007878593,0.2696032323992304,3.7765035959555266,44.64115978985457,62.57843700986901,54.228866401573256,17.937277220014444,1622.016,5.782695368851277,1.4,40,25,-0.0037729151847523124,0,-0.005440225036792379
B0030,16,38,43.0,1.7233056681204446,86.16528340602223,4.17866916142942,3.2740740546478717,2.056845844411806,3.375492904033759,0.27323611128001307,3.8520195080205637,44.58276346945979,62.47198799326229,54.15865206479903,17.889224523802497,1638.422,5.945611063400055,1.4,40,24,0.05146495403327922,1,0.0009457328334293802
B0030,17,40,43.0,1.709207290507283,85.46036452536416,4.19028213835832,3.381954262783334,2.0026548733538236,3.381550645715128,0.27521831915053147,3.802644458063078,44.60490806087971,62.678287399200066,54.242750421230845,18.073379338320358,1646.438,5.907287210780697,1.4,40,23,-0.014098377613161572,0,0.0011920122577226077
B0030,18,42,43.0,1.684001734344571,84.20008671722854,4.189121322830359,3.434559461918513,2.098247338071892,3.3864480900407194,0.26381162234267413,3.7748028772571725,44.63384725367523,62.48426799373123,54.26601179807604,17.850420740056002,1634.765,5.827803437340244,1.4,40,22,-0.02520555616271203,0,-0.0010912620635465942
B0030,19,44,43.0,1.66898698813004,83.44934940650201,4.189336480826855,3.450201803622341,2.095250035916422,3.387180494037813,0.26386837811729835,3.7717262545339874,44.610355218782736,62.520660259063135,54.24164371768822,17.9103050402804,1622.016,5.7782016939061975,1.4,40,21,-0.015014746214530916,0,-0.0013253282283755218
B0030,20,46,43.0,1.6620689362837142,83.10344681418572,4.1879616710018945,3.449859438528198,1.9652225177027667,3.3813445010797873,0.27713116690106226,3.770184987452454,44.64472954240314,62.837923181745914,54.32282816477177,18.193193639342773,1616.25,5.745225255125182,1.4,40,20,-0.006918051846325879,0,-0.001954355560690235
B0030,21,50,43.0,1.6687049625248174,83.43524812624086,4.183271591734627,3.4443893363606555,2.1649300939348857,3.385606758982866,0.2583018887296693,3.770295649387221,44.564430771238534,62.47596510401283,54.27566161448939,17.911534332774295,1622.218,5.7746723973630125,1.4,40,19,0.0066360262411031545,1,-0.010920141119125449
B0030,22,52,43.0,1.652762183550463,82.63810917752315,4.188984079544006,3.4801395225885603,2.1107101939003567,3.3887947335699504,0.26212290602901644,3.742928552423713,44.63521322937699,62.54340291733675,54.346520622463046,17.908189687959762,1619.656,5.7251019583480005,1.4,40,18,-0.015942778974354477,0,-0.01128902139136403
B0030,23,54,43.0,1.648481366235244,82.4240683117622,4.188017123469818,3.492546921315259,2.154272422860638,3.390949417762555,0.25818804244157884,3.739436274608294,44.680330122145484,62.542537819338854,54.369563893787316,17.86220769719337,1605.484,5.673662512257005,1.4,40,17,-0.004280817315218899,0,-0.007104073621865404
B0030,24,56,43.0,1.6307406443132095,81.53703221566047,4.188931370316714,3.4934497198763443,2.056878607135279,3.3873404080498895,0.2669392534296509,3.73762706709051,44.65696765515588,62.633169726331985,54.38101073340462,17.976202071176104,1600.75,5.64803869389516,1.4,40,16,-0.017740721922034464,0,-0.007649268763366112
B0030,25,58,43.0,1.62323023017929,81.1615115089645,4.189721988537926,3.501240975584903,2.0619330487714467,3.3880651957973615,0.26652685929519104,3.735664268811622,44.6494752691612,62.63885708285674,54.366222070376075,17.989381813695537,1595.0,5.623488521172507,1.4,40,15,-0.007510414133919507,0,-0.007767741220884838
B0030,26,62,43.0,1.6541906540394393,82.70953270197197,4.182121595717829,3.474768534568747,2.182829076635093,3.3873336724752856,0.2560563163011633,3.7373948475028564,44.619224416467304,62.50972828784737,54.36082826974155,17.89050387138007,1612.422,5.6896118188425495,1.4,40,14,0.0309604238601493,1,-0.0029028616970756095
B0030,27,64,43.0,1.638514396616985,81.92571983084925,4.18953881832451,3.4994373212819463,2.152270345667462,3.391596603751742,0.258930272335589,3.7337753752604947,44.62244303647462,62.41430430344205,54.329082038301124,17.79186126696743,1598.969,5.642124461657153,1.4,40,13,-0.015676257422454265,0,-0.002849557386695567
B0030,28,66,43.0,1.618847673357618,80.9423836678809,4.18877344296717,3.498168539355966,1.9853664248869802,3.3844695827460796,0.2747937897988348,3.7318768204814625,44.61775964712291,62.71706660837061,54.350797312061744,18.0993069612477,1592.187,5.604034872986217,1.4,40,12,-0.019666723259367025,0,-0.005926738575525193
B0030,29,68,43.0,1.6134212267751404,80.67106133875703,4.187311002547918,3.511127307152203,2.085108474542319,3.3883015570002266,0.2642219374659569,3.7279290932845597,44.579388125992374,62.554566036297686,54.30570319180817,17.975177910305312,1577.484,5.5510032437058925,1.4,40,11,-0.005426446582477595,0,-0.0034638835076138187
B0030,30,70,43.0,1.6066443601761986,80.33221800880993,4.188843927084549,3.5177709546258233,2.1156809695842997,3.389973588057286,0.2620384937992771,3.7258830849652926,44.65469045596505,62.48691429447336,54.311769035681074,17.832223838508305,1571.547,5.530569046297254,1.4,40,10,-0.006776866598941833,0,-0.0033171740006182836
B0030,31,74,43.0,1.6138387876938998,80.69193938469499,4.184536605382707,3.510455101791246,2.0858806041580396,3.386403894086122,0.2645673010364215,3.7258372859193476,44.52996519417786,62.59235284434121,54.31694947968931,18.062387650163345,1578.484,5.549895708113913,1.4,40,9,0.007194427517701163,1,-0.008070373269107912
B0030,32,76,43.0,1.596329501327274,79.81647506636371,4.188530465383751,3.5137622710788556,1.9452863886535996,3.382990062267617,0.2788425340281009,3.7235367337610152,44.584489397198766,62.84622214879507,54.37602664745592,18.261732751596305,1574.469,5.526055169036487,1.4,40,8,-0.017509286366625743,0,-0.008436979057942207
B0030,33,78,43.0,1.5890785867406987,79.45392933703494,4.188186051563081,3.5198641965059676,1.9166604901616162,3.3809665909442286,0.2828054904243156,3.7209938578082973,44.61354084355705,63.0242156686281,54.40922760509475,18.410674825071055,1568.281,5.497179901734645,1.4,40,7,-0.007250914586575341,0,-0.00595381732338387
B0030,34,80,43.0,1.5805481432309574,79.02740716154787,4.187572655651913,3.5245738774688795,1.9272509897554042,3.3813241868366974,0.28060437011607264,3.7188859281152307,44.600104116200306,63.00027240816272,54.43118438830086,18.400168291962416,1561.422,5.469072590066931,1.4,40,6,-0.008530443509741303,0,-0.006574616708836611
B0030,35,82,43.0,1.5846131054270807,79.23065527135404,4.1898269490660445,3.5317101208537345,2.051939170845275,3.3870672693934285,0.26800982095805037,3.7178481811964144,44.62647326379676,62.80130766887856,54.42543761419732,18.174834405081796,1554.234,5.451216071332355,1.4,40,5,0.00406496219612329,0,-0.0044062509498235865
B0030,36,86,43.0,1.5936651221220735,79.68325610610367,4.18309178516488,3.5089560246425955,2.0447593292567268,3.382718302752806,0.2687458027537103,3.7197261716255903,44.54512422560238,62.737405296482684,54.40878572720797,18.192281070880306,1573.734,5.518227317571297,1.4,40,4,0.009052016694992782,1,-0.004034733114365263
B0030,37,88,43.0,1.5849874126960888,79.24937063480444,4.187178870202528,3.5394757845164624,2.1123670299751245,3.3896129797375174,0.2617943981795915,3.689621298817718,44.580240242165594,62.57852749153667,54.42284720424547,17.998287249371074,1566.578,5.456105448327809,1.4,40,3,-0.00867770942598467,0,-0.002268417726237049
B0030,38,90,43.0,1.5787064969416462,78.93532484708231,4.188051091406103,3.528338300575132,2.029028311417829,3.38569510149779,0.2697794324624057,3.7133781671299664,44.5770883956101,62.84908045214772,54.38754363122996,18.27199205653762,1550.047,5.4301869194991115,1.4,40,2,-0.006280915754442562,0,-0.0020744179598104926
B0030,39,92,43.0,1.570705516096967,78.53527580484835,4.188640007307298,3.5333028015819727,2.0574175231777425,3.387023398111767,0.2673071622195867,3.7113343053731827,44.64554626607071,62.7284644620379,54.45246463683033,18.08291819596719,1543.64,5.4054059434041655,1.4,40,1,-0.008000980844679262,0,-0.0019685254267980843
B0030,40,94,43.0,1.562780404428482,78.1390202214241,4.18874384592953,3.5360286685644247,2.068863283525511,3.3870565445350174,0.2665877771207172,3.7091888178040837,44.60651740406935,62.69299470731855,54.41109814733754,18.086477303249197,1536.781,5.3784825764669755,1.4,40,0,-0.007925111668484863,0,-0.004366540199719715
B0031,1,2,43.0,1.6666751942525773,83.33375971262886,4.116561748956975,3.2260667040672133,2.4944372580491163,3.3729664490249562,0.21749863413149423,3.8334458538036693,42.830036312976034,60.84632469517393,52.65501135302439,18.016288382197892,1572.359,5.6681999019368785,1.4,40,39,0.0,0,0.020977911345461252
B0031,2,4,43.0,1.8328583629543174,91.64291814771587,4.206499027366964,3.2261377348262275,2.4703791051999655,3.410655663961355,0.2375574818582882,3.845126100552608,44.29462858436861,61.81769411336386,53.97231092767106,17.523065528995254,1723.281,6.299449967607414,1.4,40,38,0.1661831687017401,1,0.020977911345461252
B0031,3,6,43.0,1.8139835002945137,90.69917501472568,4.206542652746716,3.190910276438791,2.432998201540817,3.411724207737072,0.2414848439345273,3.865061437504729,44.34951552762319,61.82805706187581,53.99108510894419,17.47854153425262,1705.906,6.271199309815201,1.4,40,37,-0.01887486265980365,0,0.020977911345461252
B0031,4,8,43.0,1.8044387333514835,90.22193666757417,4.206636701109276,3.212067220651373,2.455290559392926,3.414079984476593,0.23960043671171902,3.863759217538865,44.358531698383615,61.95644236061217,53.996608338848425,17.597910662228557,1697.688,6.242970387442652,1.4,40,36,-0.009544766943030192,0,0.020977911345461252
B0031,5,10,43.0,1.802147684291295,90.10738421456475,4.206755471453542,3.1339299674766687,2.379788594335936,3.412679097550016,0.24672701922318055,3.884964691502783,44.36904249712909,62.099570509363424,53.954262670522155,17.730528012234338,1686.094,6.231485304266114,1.4,40,35,-0.0022910490601886213,0,0.020977911345461252
B0031,6,14,43.0,1.7715647509798835,88.57823754899418,4.172458299789621,3.1920222896980537,2.3704531055353044,3.3963237722822415,0.24232674193593404,3.838075734996099,44.3123397538568,62.03750729435005,53.973288387308486,17.725167540493253,1678.563,6.104068590361383,1.4,40,34,-0.030582933311411375,0,0.020977911345461252
B0031,7,16,43.0,1.8139928165779542,90.69964082889771,4.206695405063267,3.0684086441531115,2.479852487101495,3.4200798093339357,0.2377767699417258,3.906047424985772,44.36688630594225,61.84294867967338,53.88993125496472,17.476062373731125,1677.469,6.246338482632685,1.4,40,33,0.04242806559807066,1,-0.0037731092752726347
B0031,8,18,43.0,1.8013261041198854,90.06630520599427,4.2066972590324845,3.076588838860329,2.4765516954388933,3.4200087266691894,0.23849749744961554,3.905403295949085,44.34916844771062,61.837947652588504,53.87262295937195,17.488779204877886,1666.093,6.2030566131891955,1.4,40,32,-0.01266671245806883,0,-0.002531479234925671
B0031,9,20,43.0,1.7883722583933568,89.41861291966784,4.206952621072369,2.359674470455269,2.359674470455269,3.417702003194436,0.24774265680927673,3.9279761474648427,44.33299798913963,61.84646585876763,53.81893583109196,17.513467869628002,1654.328,6.17523849923222,1.4,40,31,-0.012953845726528579,0,-0.0032132949916253485
B0031,10,22,43.0,1.7765401657373159,88.82700828686579,4.206823888281563,2.4195090802038206,2.4195090802038206,3.420480701190782,0.2423295482773346,3.9274541286439484,44.36235829338583,61.76013798618494,53.82033376097016,17.397779692799105,1643.812,6.140423141596523,1.4,40,30,-0.011832092656040905,0,-0.005121503710795805
B0031,11,26,43.0,1.7856209131823229,89.28104565911615,4.193901504930456,2.3489668209281325,2.3489668209281325,3.4123332615490005,0.24694692964167142,3.927239655425038,44.31576932699988,61.91960614794014,53.821133604090825,17.60383682094026,1652.266,6.157087332264095,1.4,40,29,0.009080747445006976,1,0.0028112324404878652
B0031,12,28,43.0,1.7813634036685941,89.0681701834297,4.206655556995042,2.3997094392914415,2.3997094392914415,3.420910074120946,0.243901455948645,3.9268971976071376,44.36691301598634,61.86471031425517,53.81794815350033,17.49779729826883,1648.672,6.158516199278907,1.4,40,28,-0.004257509513728719,0,-0.006525882581872011
B0031,13,30,43.0,1.7684898383971241,88.42449191985621,4.206840835464585,2.4168059304515817,2.4168059304515817,3.4216539858581876,0.24266752290769733,3.926457770086078,44.33947487486351,61.77393480386064,53.80194299620242,17.43445992899713,1636.969,6.116117721872385,1.4,40,27,-0.012873565271469989,0,-0.006567253144552243
B0031,14,32,43.0,1.766505238291406,88.32526191457029,4.206978754188053,2.471072287476068,2.471072287476068,3.423749066677016,0.23851363263886727,3.925817080441477,44.32818975028374,61.645390510898466,53.75880729814269,17.317200760614725,1625.187,6.074581765988181,1.4,40,26,-0.001984600105718215,0,-0.0043734040203901705
B0031,15,34,43.0,1.751740527921767,87.58702639608835,4.206678769590648,2.4044472636058316,2.4044472636058316,3.4209893105313918,0.244119038533075,3.9255513820662964,44.361034668349866,61.88870329111738,53.78850848662172,17.527668622767514,1622.016,6.0582092195735,1.4,40,25,-0.01476471036963889,0,-0.004959927563109767
B0031,16,38,43.0,1.7352349314055016,86.76174657027508,4.168980783747018,3.1887992024115723,2.4059387688210077,3.40095456627701,0.2392682004327862,3.852591436358121,44.299943421286564,61.98674236534618,53.8368863785077,17.686798944059618,1638.422,5.990431275475081,1.4,40,24,-0.016505596516265486,0,-0.010077196355364259
B0031,17,40,43.0,1.7782778274549178,88.9138913727459,4.207227268504839,2.386904670931757,2.386904670931757,3.421591713831319,0.24540500508907914,3.9257543646961945,44.32260312828011,61.736554527800706,53.773379186088945,17.4139513995206,1646.438,6.151046064044491,1.4,40,23,0.043042896049416246,1,-0.0006171152427352667
B0031,18,42,43.0,1.7649894859707393,88.24947429853697,4.207303258469689,2.3650342661568575,2.3650342661568575,3.420573981542695,0.2473722961611701,3.9249912249362797,44.33235674818529,61.822305205835185,53.77386924606414,17.489948457649895,1634.765,6.104588449821467,1.4,40,22,-0.013288341484178456,0,-0.0007000704852769601
B0031,19,44,43.0,1.762591283533551,88.12956417667756,4.206850792842653,2.4186775515647607,2.4186775515647607,3.422624599533156,0.24307326325060008,3.924459180223728,44.3225456238234,61.702657378071684,53.754659591825344,17.380111754248283,1622.016,6.0598577389234105,1.4,40,21,-0.002398202437188246,0,-0.0007827909515709663
B0031,20,46,43.0,1.744314576121582,87.2157288060791,4.206600221347055,2.360775838409723,2.360775838409723,3.4201177255120836,0.24770911321404301,3.924121963609662,44.32492577109407,61.83339482415222,53.766677549195336,17.50846905305815,1616.25,6.033688554141707,1.4,40,20,-0.018276707411969184,0,-0.0014851903600370253
B0031,21,50,43.0,1.7628373753518478,88.14186876759238,4.198588399882212,2.4505597087782616,2.4505597087782616,3.4199667649637617,0.23946623243356968,3.924417903030087,44.280617292140406,61.71886225058171,53.731744909320135,17.438244958441302,1622.218,6.056151396735115,1.4,40,19,0.018522799230265896,1,0.005520488789269251
B0031,22,52,43.0,1.747857930947971,87.39289654739855,4.207348617133544,2.3428829070219703,2.3428829070219703,3.4203305433739613,0.24933707692159618,3.9240126202473213,44.35277960910067,61.9456150656118,53.77927288646249,17.592835456511125,1619.656,6.046890927081919,1.4,40,18,-0.014979444403876885,0,-0.006083979301389375
B0031,23,54,43.0,1.7441167338864993,87.20583669432497,4.207214055204574,2.411955819284382,2.411955819284382,3.422863512888695,0.2434864024340028,3.923299226302166,44.36308273819081,61.68681561807962,53.77940592279519,17.32373287988881,1605.484,5.997377733889098,1.4,40,17,-0.0037411970614715795,0,-0.004174550416848
B0031,24,56,43.0,1.7268422932817387,86.34211466408694,4.207149488755062,2.3413222526109294,2.3413222526109294,3.4198002859215846,0.24952110311648557,3.922934168280939,44.35668588695691,61.72142337926525,53.7498055148608,17.364737492308336,1600.75,5.974288244540798,1.4,40,16,-0.017274440604760688,0,-0.007149798050362488
B0031,25,58,43.0,1.7203093493042265,86.01546746521133,4.2072173595407625,2.328244465576847,2.328244465576847,3.4194705619732524,0.2502135177343609,3.922693131662711,44.33360202803315,61.922368397426354,53.75572683773813,17.588766369393205,1595.0,5.951671678807241,1.4,40,15,-0.00653294397751214,0,-0.004801045363471079
B0031,26,62,43.0,1.7394245516699778,86.97122758349889,4.196145238330935,2.318164845471509,2.318164845471509,3.4145994489347062,0.2499621649172745,3.9229572377699213,44.308176124250195,61.875049319197814,53.7542876562008,17.56687319494762,1612.422,6.009108551251937,1.4,40,14,0.01911520236575126,1,-0.004682564736374006
B0031,27,64,43.0,1.7367384416372014,86.83692208186007,4.2069462617112805,2.4548236850102603,2.4548236850102603,3.4248774653161553,0.24006075503282026,3.922700094183036,44.31984957720723,61.49120341342234,53.711431807207,17.17135383621511,1598.969,5.976100545975581,1.4,40,13,-0.002686110032776412,0,-0.002223897862153912
B0031,28,66,43.0,1.716963468448543,85.84817342242715,4.207221731685843,2.3584309858697914,2.3584309858697914,3.420974185160828,0.2479352694155544,3.9220779649294735,44.3179309193279,61.70751319442212,53.69342764953342,17.38958227509422,1592.187,5.943492529103105,1.4,40,12,-0.019774973188658285,0,-0.0054306530875912525
B0031,29,68,43.0,1.7127773558366357,85.63886779183179,4.206764713930735,2.4660401403368404,2.4660401403368404,3.4245085053170605,0.23942500939927955,3.9214023410679175,44.28877858426322,61.49432037699378,53.61958378565316,17.205541792730557,1577.484,5.893485599688242,1.4,40,11,-0.004186112611907378,0,-0.002812987489020591
B0031,30,70,43.0,1.7061083466554066,85.30541733277033,4.207073830058116,2.442554361335084,2.442554361335084,3.4232173747975634,0.24145035865262604,3.9210732675731483,44.31124430183828,61.505904797603456,53.633628437869824,17.194660495765177,1571.547,5.868868829672352,1.4,40,10,-0.006669009181229146,0,-0.002840200529763992
B0031,31,74,43.0,1.713732696207521,85.68663481037605,4.202288246181564,2.455972935605985,2.455972935605985,3.4217612690112014,0.23979863548008903,3.9208535381626746,44.25632742061698,61.58650298757853,53.64298219337473,17.33017556696155,1578.484,5.8923139682436965,1.4,40,9,0.00762434955211444,1,-0.005138371092491356
B0031,32,76,43.0,1.7093475797926974,85.46737898963487,4.206707865522648,2.3451886335989784,2.3451886335989784,3.4200957312475437,0.24926698390025231,3.9207501433470915,44.294911181570285,61.668030365099106,53.640194623026446,17.37311918352882,1574.469,5.8746652228445075,1.4,40,8,-0.004385116414823642,0,-0.005478172368900802
B0031,33,78,43.0,1.6901000454115587,84.50500227057793,4.206908345689919,2.3048157078228537,2.3048157078228537,3.418207639268387,0.25252984643799004,3.9202672088226542,44.28542511189814,61.83745125268187,53.65373339276206,17.55202614078373,1568.281,5.8479189760852375,1.4,40,7,-0.019247534381138687,0,-0.005372684607396883
B0031,34,80,43.0,1.6946883343387664,84.73441671693833,4.207018144824621,2.327904771892418,2.327904771892418,3.4190055604969225,0.250087347308428,3.919741625648533,44.29843792123584,61.7791359328034,53.65355338521763,17.48069801156756,1561.422,5.822839321754676,1.4,40,6,0.004588288927207751,0,-0.0036178042995738567
B0031,35,82,43.0,1.687010991299212,84.3505495649606,4.206807751093486,2.3672431402232186,2.3672431402232186,3.4200180230564365,0.2470860360486735,3.9196997597664827,44.29685687451413,61.63755727730526,53.647830742878845,17.340700402791136,1554.234,5.7981130203674125,1.4,40,5,-0.007677343039554474,0,-0.0038194710712389224
B0031,36,86,43.0,1.6957069027070075,84.78534513535038,4.198388264130976,2.32931910043758,2.32931910043758,3.41552953622903,0.24925617916495926,3.919678832661814,44.240407412762536,61.76541153453152,53.654715008055895,17.525004121768987,1573.734,5.863430493118111,1.4,40,4,0.008695911407795576,1,-0.0036051587001026952
B0031,37,88,43.0,1.687696889615565,84.38484448077826,4.206906802432806,2.3136169782429055,2.3136169782429055,3.4189014427486333,0.25135915544880433,3.9194186938518363,44.277682069015725,61.71412204720752,53.66098543950281,17.436439978191792,1566.578,5.842165899472224,1.4,40,3,-0.008010013091442447,0,-0.004330138035426456
B0031,38,90,43.0,1.6819617127259294,84.09808563629647,4.20664698001037,2.464103908062826,2.464103908062826,3.4233537843227144,0.24000927236772238,3.9186586473722,44.26325414571517,61.46370523914892,53.59867010741405,17.20045109343375,1550.047,5.786739752902669,1.4,40,2,-0.005735176889635651,0,-0.0016276665371258493
B0031,39,92,43.0,1.6750033888978846,83.75016944489423,4.206888140334019,2.450218643464606,2.450218643464606,3.4227287920309317,0.2411851497756468,3.918535764220774,44.29498234288963,61.45868723262231,53.628910349751585,17.163704889732678,1543.64,5.761663737554756,1.4,40,1,-0.006958323828044843,0,-0.003936989088176368
B0031,40,94,43.0,1.6672987794846676,83.36493897423338,4.207044816296319,2.4650879684691613,2.4650879684691613,3.422760457985402,0.24032728010684978,3.9181599954738218,44.28900255099606,61.44540062417477,53.61379694880726,17.156398073178714,1536.781,5.735442109296097,1.4,40,0,-0.007704609413216934,0,-0.00394244236290886
B0032,1,2,43.0,1.7048641073512139,85.24320536756069,4.087016142066692,3.2505285064740668,2.62709691854036,3.31356881404843,0.20452766863624255,3.895034492956119,43.26523418326313,59.47600707924567,52.14812251926887,16.210772895982537,1572.359,5.652485056851266,1.4,40,39,0.0,0,0.027862057930530426
B0032,2,4,43.0,1.8940319526948572,94.70159763474287,4.187844886919987,2.6672646952717707,2.6672646952717707,3.360932103985418,0.22169521731322211,3.9466662705801663,44.37911850231533,60.121290886265,53.49862731805315,15.742172383949672,1723.281,6.351010860639847,1.4,40,38,0.1891678453436434,1,0.027862057930530426
B0032,3,6,43.0,1.8747686491853095,93.73843245926548,4.1876971887724,2.653980741191812,2.653980741191812,3.362818742242725,0.2244601061857667,3.94596457797571,44.42491231836779,60.28987126771494,53.56355547229223,15.864958949347155,1705.906,6.289932697446054,1.4,40,37,-0.019263303509547747,0,0.027862057930530426
B0032,4,8,43.0,1.8654947184112376,93.27473592056188,4.187956631748198,2.614778884516638,2.614778884516638,3.3620666570592657,0.22782841501899884,3.9453935322885063,44.42345633074317,60.570618627724706,53.636497641934646,16.147162296981534,1697.688,6.257486786995317,1.4,40,36,-0.009273930774071903,0,0.027862057930530426
B0032,5,10,43.0,1.8527398169018068,92.63699084509034,4.187837270519941,2.611753951946988,2.611753951946988,3.362352506750974,0.22830155899768806,3.945106683275763,44.42237580763751,60.444872622429784,53.66821955000141,16.022496814792277,1686.094,6.2150370895770015,1.4,40,35,-0.012754901509430816,0,0.027862057930530426
B0032,6,14,43.0,1.844174397003866,92.2087198501933,4.176580463554566,2.6899647104301128,2.6899647104301128,3.3539141264171213,0.22378066726755516,3.944152466562166,44.40380679924147,60.80514996345169,53.78514931831166,16.401343164210218,1678.563,6.170354900653767,1.4,40,34,-0.008565419897940796,0,0.027862057930530426
B0032,7,16,43.0,1.8430238477512753,92.15119238756377,4.187717629562103,2.6352220172441965,2.6352220172441965,3.359881578137895,0.22853511348026836,3.9440841948043595,44.433302085821516,60.791314861400984,53.80370465565283,16.358012775579468,1677.469,6.177903752906102,1.4,40,33,-0.0011505492525907268,0,-0.010201620988716398
B0032,8,18,43.0,1.8302818174911863,91.51409087455932,4.1875582845369195,2.616116680441599,2.616116680441599,3.358862190732693,0.229729401496559,3.943436845988864,44.39808687756001,60.824534439051064,53.860865202701575,16.426447561491052,1666.093,6.13333314420445,1.4,40,32,-0.01274203026008891,0,-0.00889736633882463
B0032,9,20,43.0,1.8173838456081814,90.86919228040907,4.1878149871796655,2.6377575512804055,2.6377575512804055,3.3601097902247443,0.228214349516288,3.9431707154426756,44.397132148523106,60.93844327722512,53.86937461780675,16.541311128702013,1654.328,6.091960849131283,1.4,40,31,-0.0128979718830049,0,-0.00962217456061123
B0032,10,22,43.0,1.8057992981104682,90.28996490552342,4.1878814798124315,2.6425811435343314,2.6425811435343314,3.3601434422461938,0.22814223515820833,3.9428069328012985,44.44116568698876,61.056928797496845,53.919241142689074,16.615763110508084,1643.812,6.053158895007462,1.4,40,30,-0.011584547497713205,0,-0.009388103758267707
B0032,11,26,43.0,1.8149829605049186,90.74914802524593,4.180429711622443,2.6868552360676885,2.6868552360676885,3.355149818972587,0.225200327440381,3.942681377393959,44.40660670421455,61.26264235870029,54.04736439027926,16.856035654485737,1652.266,6.074603642175019,1.4,40,29,0.009183662394450343,1,-0.00583828729978948
B0032,12,28,43.0,1.7995150369321797,89.97575184660899,4.187435297570574,3.2661019116261025,2.6740516269543457,3.3593418283288132,0.22621676661376758,3.9185039850079213,44.41450724731419,61.309095933731044,54.07432799473692,16.894588686416853,1648.672,6.046833379055966,1.4,40,28,-0.015467923572738851,0,-0.008701762163819104
B0032,13,30,43.0,1.7866516942518147,89.33258471259073,4.187467933100937,3.2621905709241212,2.6712280977184064,3.358629751735543,0.22626930109723967,3.9178116157352694,44.423423394108156,61.35860964032413,54.13198237630402,16.935186246215977,1636.969,6.002450273212183,1.4,40,27,-0.012863342680365042,0,-0.008726024647874331
B0032,14,32,43.0,1.7735550719416031,88.67775359708016,4.187491241001438,3.2713115762151967,2.6834486699239664,3.3590704748251823,0.225891004772022,3.9170366694671146,44.405296432368274,61.482188769123354,54.1706485784692,17.07689233675508,1625.187,5.95893525607655,1.4,40,26,-0.01309662231021158,0,-0.008765754733315667
B0032,15,34,43.0,1.769995333364443,88.49976666822215,4.1874322769983605,3.2615739067935388,2.670098200587867,3.3579238322389635,0.22694144471512198,3.9165548910259784,44.43749363157499,61.558060893098116,54.230275057026425,17.120567261523128,1622.016,5.945277119302475,1.4,40,25,-0.0035597385771601875,0,-0.0071607929492050635
B0032,16,38,43.0,1.799526080374287,89.97630401871434,4.174006876397771,2.6512994484308834,2.6512994484308834,3.346388148340216,0.2284622597202136,3.9411635813615224,44.401346899985356,61.75555924618304,54.344649105313806,17.354212346197684,1638.422,6.006601873820952,1.4,40,24,0.02953074700984404,1,-0.0030913760261263245
B0032,17,40,43.0,1.7968530684449833,89.84265342224916,4.186855719668648,3.243773736993998,2.6257034386294866,3.3534652549262995,0.23108116515835692,3.9169215524540313,44.40182542845695,61.788148736083365,54.34024033975075,17.386323307626412,1646.438,6.0273845464977365,1.4,40,23,-0.0026730119293036925,0,-0.0005323936974392929
B0032,18,42,43.0,1.7838265504081745,89.19132752040872,4.187205947419154,3.248116311605556,2.6363985091733704,3.3539379658636705,0.22973665731317067,3.9161294134967335,44.42499055276857,62.026796878552666,54.383818324015124,17.601806325784096,1634.765,5.984507268135139,1.4,40,22,-0.013026518036808765,0,-0.0005650287687280376
B0032,19,44,43.0,1.7696444491040102,88.48222245520051,4.187348698823322,3.233936782683162,2.6091385279000474,3.352033498067153,0.232671166462101,3.915098269867953,44.42169542184864,62.05922080379437,54.44223460892958,17.63752538194573,1622.016,5.933358836705101,1.4,40,21,-0.014182101304164307,0,-0.0007821245675185828
B0032,20,46,43.0,1.7512940457049684,87.56470228524842,4.187381851252573,3.370046246482991,2.6928273258727593,3.356088193037498,0.22555180494751262,3.8893821380894766,44.42051211538188,61.81678431928173,54.47793957059441,17.396272203899848,1616.25,5.878700525006683,1.4,40,20,-0.018350403399041815,0,-0.003740257531894908
B0032,21,50,43.0,1.7697554297961993,88.48777148980996,4.180200303700577,3.2711060176079623,2.6580053475407666,3.3485978246821815,0.2289008129164992,3.9145792194751787,44.37973715309972,62.13034562682843,54.522884319691855,17.75060847372871,1622.218,5.927307809538398,1.4,40,19,0.01846138409123088,1,-0.00595413011561754
B0032,22,52,43.0,1.7547726933914918,87.7386346695746,4.187278944270903,3.341668001410156,2.622656733898926,3.350888760453381,0.23149812931054553,3.8887331627286232,44.43977612421078,62.20855323363066,54.63737439274004,17.76877710941988,1619.656,5.881692719527514,1.4,40,18,-0.014982736404707486,0,-0.008416075010698298
B0032,23,54,43.0,1.7389166355812984,86.94583177906492,4.186771025203198,3.3575800033203334,2.6579673401898325,3.351949039148667,0.22905522079179735,3.887437874711392,44.45074387838419,62.27936068413306,54.626766126568995,17.828616805748872,1605.484,5.830156783900783,1.4,40,17,-0.01585605781019339,0,-0.008981982965375224
B0032,24,56,43.0,1.7337200518764075,86.68600259382038,4.1871365908002,3.3424185942990423,2.62449780009349,3.349297591300232,0.23164163609116734,3.8867994146602536,44.4475889304923,62.40536913200032,54.64310926864166,17.957780201508015,1600.75,5.8082502713252975,1.4,40,16,-0.005196583704890845,0,-0.007184879445520531
B0032,25,58,43.0,1.7150972597500092,85.75486298750046,4.187171328295389,3.417264130427884,2.6693549937573904,3.351231111091802,0.22838174102756265,3.8601106075150997,44.4423253200928,62.216007793788314,54.70581681215588,17.773682473695516,1595.0,5.747974483716776,1.4,40,15,-0.01862279212639839,0,-0.0072393571909918466
B0032,26,62,43.0,1.7462926148815636,87.31463074407819,4.179483481777926,3.3493351406479275,2.6245992054256915,3.3435018088780115,0.23188011263330344,3.8867244327008197,44.41306950471116,62.6157960112704,54.73634803491553,18.202726506559237,1612.422,5.839969876562679,1.4,40,14,0.03119535513155447,1,-0.0046925629829271285
B0032,27,64,43.0,1.719149261914565,85.95746309572824,4.187057003834118,3.430927872366103,2.6829848740711117,3.3521161040604457,0.22819550552496431,3.8593522369905764,44.42726286487183,62.26360588854172,54.729006905014316,17.83634302366989,1598.969,5.762885644963297,1.4,40,13,-0.027143352966998657,0,-0.007124686295385363
B0032,28,66,43.0,1.711582246191498,85.5791123095749,4.186996418231206,3.4200085858461637,2.6671246169170018,3.3500497479561155,0.22906533166296844,3.8584719146423083,44.42740030389657,62.42580063958537,54.73589338579687,17.9984003356888,1592.187,5.734274943351251,1.4,40,12,-0.00756701572306695,0,-0.005466877877960075
B0032,29,68,43.0,1.6951051195225901,84.7552559761295,4.1871621368173555,3.411908994388453,2.6334454972272856,3.346822633241171,0.2331580798393388,3.856743445953191,44.40480279768343,62.5594040849182,54.73540508711326,18.15460128723477,1577.484,5.673713126303329,1.4,40,11,-0.016477126668907882,0,-0.007722986470763482
B0032,30,70,43.0,1.7005124371100973,85.02562185550487,4.18701131088953,3.3408236307147847,2.6133538721871226,3.3445668126766406,0.23431776193396303,3.8827695760741974,44.42211507383389,62.582629376324434,54.74865999209295,18.16051430249054,1571.547,5.689261725749094,1.4,40,10,0.005407317587507121,1,-0.00291696452798238
B0032,31,74,43.0,1.7080989351250158,85.4049467562508,4.181856074494181,3.3589122104028566,2.647938106735209,3.3426166901503263,0.23099358422181585,3.882634132251961,44.35319619672111,62.57090441669303,54.78747299373422,18.217708219971925,1578.484,5.7107367363090376,1.4,40,9,0.007586498014918508,1,-0.007638735951309572
B0032,32,76,43.0,1.691435430587127,84.57177152935635,4.18690867607217,3.426145804697182,2.6715941703662405,3.34732439121854,0.22967244467405912,3.854953502661152,44.39241607753322,62.42898686923908,54.781382520592445,18.036570791705863,1574.469,5.6615494567656395,1.4,40,8,-0.016663504537888674,0,-0.005542766265487576
B0032,33,78,43.0,1.6844494328889932,84.22247164444966,4.186684521219286,3.4162949734345394,2.6462614968063676,3.3453547357724522,0.23197903726383598,3.8540579985423062,44.39769204111511,62.43152363917722,54.78435229628446,18.033831598062115,1568.281,5.635176058030668,1.4,40,7,-0.006985997698133906,0,-0.005426562660500967
B0032,34,80,43.0,1.664037581688075,83.20187908440376,4.186961283097403,3.4644317504208755,2.6718636231921065,3.346646262078225,0.23096871860777882,3.8255270985951277,44.40456977005993,62.5729328576623,54.845012944023324,18.168363087602373,1561.422,5.5675145725628274,1.4,40,6,-0.020411851200918152,0,-0.00621350756690302
B0032,35,82,43.0,1.6686372014231974,83.43186007115987,4.186553418814557,3.410759984120558,2.6372752376377897,3.3430379418002483,0.2335366121513391,3.852189765714101,44.41670630040731,62.57967644827836,54.84412055277582,18.16297014787105,1554.234,5.578754719508923,1.4,40,5,0.004599619735122351,0,-0.006375047137379975
B0032,36,86,43.0,1.6899344075625968,84.49672037812984,4.180871809929545,3.402720338253019,2.6027515790201994,3.3373798184076704,0.2357792705220493,3.8529024760904154,44.34599596279828,62.96996562520999,54.916794359881244,18.62396966241171,1573.734,5.640558871617236,1.4,40,4,0.02129720613939945,1,-0.003632905512483786
B0032,37,88,43.0,1.669431712846442,83.4715856423221,4.186876840985748,3.455017706668503,2.6344496446331838,3.3435347690202875,0.23406084003525413,3.8244421764261602,44.40208052480985,62.75574288944966,54.90429470994109,18.35366236463981,1566.578,5.5808954431138975,1.4,40,3,-0.020502694716154846,0,-0.0044007435481370205
B0032,38,90,43.0,1.6634226761839213,83.17113380919606,4.186533464625853,3.4030066966677173,2.612265282912701,3.3406975425250534,0.2361649936221938,3.850082677405248,44.38078135255614,62.70443033939053,54.85304065526831,18.323648986834385,1550.047,5.557828361101393,1.4,40,2,-0.006009036662520728,0,-0.004205351341014385
B0032,39,92,43.0,1.6436152195947373,82.18076097973686,4.186615243243429,3.476214392039967,2.6874948249577777,3.3456376475453258,0.23126533318033354,3.8209617829043796,44.42484682444376,62.46020747529598,54.870101858468004,18.03536065085222,1543.64,5.496799750125069,1.4,40,1,-0.019807456589183925,0,-0.0040844724186675395
B0032,40,94,43.0,1.6358000873538245,81.79000436769122,4.186758471539941,3.4481169561463685,2.6076358711453813,3.33983349960651,0.23817340568158477,3.8197223601535972,44.42345154289389,62.789754357166764,54.9152115205818,18.36630281427287,1536.781,5.46262352552257,1.4,40,0,-0.007815132240912792,0,-0.006567422813874568
B0033,1,1,24.0,0.06842572240601812,3.421286120300906,3.6772190710694983,3.4809143467131602,1.9848598462488805,3.3726641134399764,0.3055422614147209,0.40344167973765666,23.712130442495322,34.973341925251844,29.26541655615828,11.261211482756522,1819.406,0.5002361477865859,1.4,1,0,0.0,0,0.2506903197482469
B0033,2,5,24.0,0.6895699007862814,34.47849503931407,4.191105953862248,3.894438574944198,1.9816234331870684,3.717995304466161,0.35099880316465176,0.8109896089354056,25.173023588997943,47.876225604831575,32.82332257180906,22.703202015833632,3260.531,2.189141375724367,1.4,1,0,0.6211441783802634,1,0.2506903197482469
B0033,3,7,24.0,1.1610848192311252,58.05424096155626,4.19762922160552,3.7856150559017867,1.287217552704193,3.524738825009034,0.384754284553718,1.3467412084687516,24.990552328208512,53.521374145800095,35.79329539654299,28.530821817591583,3265.75,3.625664968510539,1.4,1,0,0.4715149184448437,1,0.2506903197482469
B0033,4,9,24.0,1.2529393053824995,62.646965269124976,4.199816411135521,3.7717892258800743,1.92499373482904,3.489168398195939,0.3812725175512178,1.466589518835069,24.562094493577533,53.59969491765948,36.38266836733648,29.037600424081944,3264.109,3.9262071848746625,1.4,1,0,0.09185448615137437,1,0.2506903197482469
B0033,5,11,24.0,1.302918002447558,65.1459001223779,4.200502744821276,3.7649006171476658,1.9480187400221975,3.4703882503796533,0.3838108543665505,1.52849569128654,24.347489953328967,53.81770081109488,36.45901475182768,29.470210857765913,3253.531,4.069475011813136,1.4,1,0,0.04997869706505842,1,0.2506903197482469
B0033,6,13,24.0,1.3218773211472525,66.09386605736263,4.200743805234223,3.7587123583317448,1.891347070952385,3.453967625388434,0.3902042145894823,1.5665897465455083,23.833054464449923,53.57104302015468,36.279780573622936,29.73798855570476,3242.578,4.139898825168494,1.4,1,0,0.018959318699694583,1,0.2506903197482469
B0033,7,17,24.0,1.2884694418301417,64.42347209150708,4.197576934147749,3.7649980574927397,1.1932458808760276,3.4578247593455274,0.40840579135978244,1.5273274440312103,23.856457477620665,54.60856796915766,36.16552578493363,30.752110491536996,3234.625,4.013561325109365,1.4,1,0,-0.03340787931711087,0,0.11977990820877205
B0033,8,19,24.0,1.713169326386719,85.65846631933594,4.20050246544483,3.560849362055559,1.9170515174362301,3.209334990541558,0.3341320666254831,2.0813949666832583,23.819756199611046,54.191463730088664,39.93652051985124,30.371707530477618,3235.36,5.409963448493388,1.4,1,0,0.42469988455657726,1,0.11041690143111875
B0033,9,21,24.0,1.6560966776720512,82.80483388360256,4.199260915072752,3.6233254829454378,1.9084502918482382,3.2871463464425337,0.34149551344742857,2.031978773251064,23.834882721167357,52.934331210631875,38.25328053802186,29.099448489464518,3236.125,5.404495761228731,1.4,1,0,-0.05707264871466777,0,0.08063147445791033
B0033,10,23,24.0,1.6197297341990775,80.98648670995388,4.200453230054564,3.651471221971837,1.9529802665635712,3.3197461384202485,0.34663808114741457,2.007363901844162,23.790077881473504,52.5032036116964,37.62899446299115,28.713125730222895,3230.25,5.373345388678992,1.4,1,0,-0.036366943472973645,0,0.06336234635030391
B0033,11,25,24.0,1.604655812282729,80.23279061413645,4.200671023041403,3.662058802753117,1.9889951350881314,3.3333097880411087,0.3478080410924156,1.994854164601242,23.775797150110222,52.17652816361563,37.32713409422702,28.400731013505407,3226.078,5.346838634933544,1.4,1,0,-0.015073921916348487,0,0.056555698227095295
B0033,12,29,24.0,1.6255699769029337,81.27849884514669,4.19613941105053,3.6607160907197374,1.9634548720089502,3.335992217657965,0.3426073978055048,1.9948680130218486,23.90835353077424,52.04937847239831,37.40237649452651,28.14102494162407,3224.5,5.3594272829625345,1.4,1,0,0.020914164620204678,1,0.0674201070145584
B0033,13,31,24.0,1.5900967306245992,79.50483653122996,4.200736119460894,3.6684969621830743,1.9596564991730565,3.3499333575510475,0.34780069944158554,1.9821703774895276,24.16200167835687,51.73549267436528,36.995742754141574,27.573490996008413,3222.188,5.345804707485682,1.4,1,0,-0.03547324627833448,0,-0.024614519152423943
B0033,14,33,24.0,1.5739402299623984,78.69701149811992,4.199983318886737,3.668983863678264,1.9224375381620544,3.352100511151755,0.3516970721237098,1.9816428246019884,24.253747041388166,51.66117418178819,36.85780455256667,27.407427140400024,3216.546000000002,5.341621760497667,1.4,1,0,-0.016156500662200868,0,-0.01643128954193056
B0033,15,35,24.0,1.5711303351557309,78.55651675778654,4.198997952942716,3.674631315977068,1.9701535031712945,3.364435103530164,0.34694508137597885,1.9691356497382415,24.47638894861678,51.20270858784091,36.6450177655176,26.72631963922413,3211.859,5.32138169353719,1.4,1,0,-0.00280989480666749,0,-0.00971987980866933
B0033,16,37,24.0,1.5897706153457416,79.48853076728707,4.200390681379551,3.670072420010663,1.9056198246248632,3.3619403221625435,0.34316373354644664,1.9749371532375288,24.569584126877498,51.54633126076106,37.06472736671567,26.97674713388356,3215.859,5.354639155845147,1.4,1,0,0.01864028019001074,1,-0.0029770393873974842
B0033,17,41,24.0,1.6257378771074,81.28689385537,4.192359884029766,3.6640851356422885,1.9194841380159542,3.3654741602580085,0.32850784942823263,1.968238775843454,25.655407440527878,51.68734548388082,37.66051476409482,26.03193804335294,3225.125,5.38592964445626,1.4,1,0,0.03596726176165843,1,3.358004089326627e-05
B0033,18,43,24.0,1.6523506333962537,82.61753166981268,4.2017771251555125,3.658489054389466,1.8976584375642789,3.3663272801721305,0.31942547595566806,1.9814866225262617,26.351491764299766,51.806645557310055,38.32310986221148,25.45515379301029,3234.343,5.457519004489356,1.4,1,0,0.026612756288853623,1,0.012450780554330887
B0033,19,45,24.0,1.6143816761595386,80.71908380797693,4.201164004146235,3.6736840489376936,1.9491950772703672,3.377217174172977,0.33094490947005756,1.9616007058561897,25.32531937014495,51.013524625767204,37.01126182016034,25.688205255622254,3218.25,5.364259589841062,1.4,1,0,-0.037968957236715006,0,0.00808828923942806
B0033,20,47,24.0,1.58697453394504,79.348726697252,4.201517882926393,3.67829176330782,1.984512151427813,3.380792043459977,0.3360193218472848,1.9543721914924799,24.49352503336086,50.612625791907234,36.45751890099188,26.119100758546374,3203.5,5.309369441797842,1.4,1,0,-0.02740714221449858,0,0.003168839757861841
B0033,21,49,24.0,1.5818355572787333,79.09177786393667,4.20178668140198,3.6788173399565394,1.9563552671465751,3.379892729676732,0.33908855386984316,1.9543735971035472,24.192526340264504,50.476231965221594,36.245832392874156,26.28370562495709,3194.39,5.291796225889578,1.4,1,0,-0.005138976666306805,0,-0.0015870116134016677
B0033,22,53,24.0,1.6919769406371152,84.59884703185577,4.1779630595627175,3.5955983747892377,1.9541530671990093,3.3335163148815434,0.2897886349411339,2.008024980015611,25.94382700697729,52.80944186421341,38.88044910257506,26.86561485723612,3225.219,5.552503967675183,1.4,1,0,0.11014138335838197,1,0.013247812705943041
B0033,23,57,24.0,1.6879483800354476,84.39741900177238,4.196973763278454,3.634572774561236,1.9044972660711088,3.35231211831231,0.30779944970909595,1.9876856279987871,24.902870283744065,52.001298745862094,37.68662439550755,27.09842846211803,3252.985,5.536702744080494,1.4,1,0,-0.0040285606016676745,0,0.0071195493278387815
B0033,24,59,24.0,1.6586223007531458,82.93111503765729,4.200398891523595,3.6513149000609406,1.8748346357265961,3.359089419531549,0.320540843658043,1.9737183465320645,24.092897160454218,51.65598739515965,37.02885798715912,27.56309023470543,3245.25,5.468304366972359,1.4,1,0,-0.029326079282301798,0,0.008848124918721422
B0033,25,61,24.0,1.6420179032789863,82.10089516394932,4.199795942277565,3.661855576234011,1.897981208291145,3.3667293867076395,0.3235977669998556,1.9604650538111639,23.94183770011008,51.50939532095622,36.84829116229335,27.56755762084614,3235.031,5.419012248242198,1.4,1,0,-0.016604397474159427,0,0.011008673866789253
B0033,26,63,24.0,1.6381810791118743,81.90905395559372,4.199696801054791,3.6703852293422803,1.991339490634848,3.376711639438572,0.32134483903081673,1.946851923160699,23.964709389367574,51.25839715822789,36.78338270641005,27.29368776886032,3228.141,5.378039956771889,1.4,1,0,-0.003836824167112063,0,0.011269104366628202
B0033,27,65,24.0,1.6422892507912386,82.11446253956193,4.199324023385658,3.665234892517982,1.8710207024150525,3.367781888938211,0.3264143135470195,1.9592125184825684,24.17171029967932,51.77188968997154,37.1454352740502,27.60017939029222,3217.875,5.383150267150659,1.4,1,0,0.004108171679364281,0,-0.009937537969175337
B0033,28,69,24.0,1.651270876264092,82.5635438132046,4.1965335683630896,3.6660280245971744,1.9449657495126544,3.372839244866595,0.31834522823370337,1.9526430387730103,24.671745094659567,51.73759469619592,37.43950673452506,27.065849601536353,3220.219,5.387059954873792,1.4,1,0,0.008981625472853416,1,-0.007335500754271118
B0033,29,71,24.0,1.6326559297917211,81.63279648958606,4.199483664091208,3.6693103386041566,1.907571146047148,3.374002354868022,0.3235605066756574,1.9520147906110725,24.525856937535018,51.61243426951156,37.21232307005263,27.086577331976542,3210.234,5.364102167977553,1.4,1,0,-0.01861494647237083,0,-0.005193274192284924
B0033,30,73,24.0,1.6260888111680731,81.30444055840366,4.199490682637614,3.6724246882953864,1.853794752061886,3.372312698394194,0.3329222793669897,1.9443849777751434,24.01437407818849,51.546238399221565,36.823942592131566,27.531864321033076,3210.546,5.328195522993,1.4,1,0,-0.006567118623648005,0,-0.0031858184221826404
B0033,31,75,24.0,1.6079292963823688,80.39646481911844,4.199483803778697,3.6798433952200575,1.9738070273097836,3.3827767161652114,0.3295560795897958,1.9307231048502151,23.645339886337037,51.03143629880169,36.46405070511895,27.38609641246465,3200.969,5.280848721038938,1.4,1,0,-0.018159514785704323,0,-0.006050356545901092
B0033,32,77,24.0,1.6125361114907395,80.62680557453697,4.199048343046244,3.6769709687993086,1.8729343749213587,3.375532247108578,0.33422212401777157,1.9434559105685831,23.799881233002868,51.41437811978397,36.76266900330653,27.6144968867811,3188.625,5.2872259209506165,1.4,1,0,0.004606815108370688,0,-0.005950627860099811
B0033,33,81,24.0,1.6218384168987892,81.09192084493945,4.196166399561636,3.6771182482905846,1.9731628226811078,3.3809635204151607,0.32509532609797315,1.9370016811131343,24.275077073346086,51.44638168113912,37.105629207043215,27.171304607793036,3191.735,5.293879912562742,1.4,1,0,0.00930230540804966,1,-0.005886491873060562
B0033,34,83,24.0,1.6145443029101134,80.72721514550567,4.1993056997939515,3.68041989192634,1.9801558945564506,3.3849609857132434,0.3270482339496878,1.9295248820440578,24.229252988895677,51.30248392082844,36.92446822577901,27.073230931932766,3190.313,5.272485345047535,1.4,1,0,-0.007294113988675743,0,-0.0036223253763215447
B0033,35,85,24.0,1.5953958917107596,79.76979458553798,4.199342510279409,3.6815764219463616,1.8983018980313588,3.3815674619499325,0.3360240169968807,1.9282728841663244,23.771255795277646,51.29496206472584,36.60695698382364,27.52370626944819,3182.156,5.237643192980465,1.4,1,0,-0.019148411199353843,0,-0.006138583891462712
B0033,36,87,24.0,1.5877243027113057,79.38621513556528,4.199371542863236,3.6831871651021273,1.9438604398554957,3.3851857877548657,0.33470680570149286,1.921129813486492,23.69664102467678,51.186634675664926,36.55039143131212,27.489993650988147,3180.156,5.2165321905032584,1.4,1,0,-0.00767158899945386,0,-0.00404099873421262
B0033,37,89,24.0,1.5811840578305605,79.05920289152803,4.198549470784986,3.6840117806217285,1.9632916036547936,3.3864604240259375,0.334836938664912,1.9205826599101805,23.752588955549978,51.182616761589756,36.5823314777477,27.430027806039778,3171.953,5.197280803014281,1.4,1,0,-0.006540244880745227,0,-0.006270410732035802
B0033,38,93,24.0,1.6128422608267754,80.64211304133877,4.196144356036299,3.6773793062469577,1.9667908439255781,3.38478424054856,0.32266641965723,1.9281771378607613,25.375174193727766,52.16803502599322,38.03675863150647,26.792860832265454,3192.172,5.2808727307249885,1.4,1,0,0.03165820299621491,1,-0.0017992312144027522
B0033,39,95,24.0,1.61998606328022,80.99930316401101,4.19917089882782,3.673647692820989,1.9197120509411163,3.382889233805488,0.3201914697871785,1.9349757313526765,26.112915985432714,52.74767841756611,38.760697217070216,26.634762432133392,3194.735,5.3124773918280574,1.4,1,0,0.007143802453444703,1,0.0010883520740213371
B0033,40,97,24.0,1.6099381853611876,80.49690926805938,4.199367783528825,3.6780818168280405,1.90479520665137,3.3844125991586744,0.326291983423154,1.9342299527737168,26.01884640141792,52.437956139686314,38.235160610115415,26.419109738268393,3178.75,5.273777071962382,1.4,1,0,-0.0100478779190325,0,0.0029084587300856057
B0033,41,99,24.0,1.5770977539565159,78.85488769782579,4.199080787350632,3.683906096302265,1.9002006601986492,3.3857968945581733,0.33724999318883603,1.918884836825397,24.502410225771417,51.81197793605918,37.20770413073148,27.309567710287762,3165.359,5.1881909030203355,1.4,1,0,-0.032840431404671744,0,-0.002125309750957971
B0033,42,101,24.0,1.5708599066554392,78.54299533277197,4.199383120313636,3.684933227944666,1.8511721039377573,3.3829095031701564,0.344684489147871,1.9177547456039692,23.997221430790674,51.73653410504897,36.9160184906247,27.739312674258294,3155.25,5.155919813674333,1.4,1,0,-0.006237847301076682,0,-0.002064830235024262
B0033,43,105,24.0,1.6261581345348248,81.30790672674124,4.185971534796032,3.6620792695219997,1.9532771236637267,3.3669463001908233,0.31910447458299196,1.9555816941670883,25.33769164423877,52.54160752520686,38.272310782775065,27.203915880968086,3173.766,5.314481875944256,1.4,1,0,0.05529822787938565,1,0.0026631747416098863
B0033,44,109,24.0,1.6348129972245726,81.74064986122863,4.196414270458295,3.6633640731879944,1.8536215036991406,3.3716190861386144,0.32211098879072464,1.9478422681046383,26.354999283040787,53.32326193954195,39.10342018909909,26.968262656501164,3199.485,5.352557439345728,1.4,1,0,0.0086548626897478,1,0.0029653867888705054
B0033,45,111,24.0,1.6117053637342613,80.58526818671307,4.199066039146956,3.676422458061145,1.8889976705304934,3.383250579221141,0.32763411506108436,1.9259198669127366,25.873425603008823,52.66626648084271,38.33805950325132,26.792840877833886,3196.015,5.277413089596134,1.4,1,0,-0.023107633490311308,0,0.00035343567461474377
B0033,46,113,24.0,1.8851401699720662,94.25700849860331,4.297173455080096,3.591696379020959,1.9693514891283213,3.3541040884435995,0.2869451796671725,2.003289552090588,27.552264443796474,55.391416850220025,40.78203629126505,27.83915240642355,3595.281,6.251869019665643,1.4,1,0,0.2734348062378049,1,0.061608483203110076
B0033,47,117,24.0,1.6584957887780232,82.92478943890116,4.196415854171641,3.63922910163301,1.9935504677327178,3.363721350351351,0.30880938794019075,1.9793358017872142,25.882605287857217,52.73529025292928,38.52395699562303,26.852684965072065,3198.0,5.437273665909689,1.4,1,0,-0.22664438119404307,0,0.0175271764245168
B0033,48,119,24.0,1.62418934644937,81.2094673224685,4.198739297167396,3.657056059789032,1.9102322543360104,3.366918878823245,0.32719045418056375,1.9635759174250933,24.916936492655164,52.530629852108135,37.84185542205372,27.61369335945297,3183.516,5.34513224732832,1.4,1,0,-0.03430644232865321,0,-0.0003937576170909729
B0033,49,121,24.0,1.6041720988563641,80.20860494281821,4.199112960886663,3.6696307421870333,1.9518631378335147,3.376033697850269,0.3302229667918912,1.9412628883822685,24.560943328071538,52.2186933985822,37.464100471383695,27.65775007051066,3183.797,5.281102721712279,1.4,1,0,-0.020017247593005827,0,-0.006128179673641698
B0033,50,123,24.0,1.6080016740907346,80.40008370453673,4.198766401150375,3.6650748262016806,1.8963514295309498,3.3722882262741316,0.3287261180171691,1.9409635566220336,24.97536739446595,52.72731536294026,38.110532137074216,27.75194796847431,3191.516,5.294714026052801,1.4,1,0,0.0038295752343704414,0,-0.0007407379287053484
B0033,51,125,24.0,1.6256752138435595,81.28376069217798,4.1991786619721845,3.6594136106551125,1.8979233738345112,3.371464716917886,0.32008527065009,1.9482885137170949,26.221340489243467,53.20573413452146,39.04860411133125,26.98439364527799,3189.985,5.326325999345839,1.4,1,0,0.01767353975282493,1,-0.051892991225701346
B0033,52,129,24.0,1.617632765910718,80.8816382955359,4.196004808919091,3.6653725268334054,1.9266531976002355,3.3745591325938995,0.32215737855672494,1.940750614389643,26.456664936108442,53.164414772235126,38.882226863166906,26.707749836126684,3189.734,5.298075461437794,1.4,1,0,-0.00804244793284159,0,-0.008172604573461051
B0033,53,131,24.0,1.5973191489094263,79.86595744547131,4.198791334204262,3.674744379793083,1.939997570224548,3.3793714907223658,0.3306150721928648,1.9251256018615566,25.30476123043223,52.600411784093296,38.10273900805949,27.295650553661066,3176.016,5.221555302068046,1.4,1,0,-0.02031361700129164,0,-0.005374039507988737
B0033,54,133,24.0,1.5875852250170606,79.37926125085303,4.198398162359809,3.677673396753701,1.9585672641473335,3.3812950636091506,0.3325688316297887,1.9172205917038643,25.072386491577326,52.46865748904612,37.91537679971282,27.396270997468797,3171.36,5.186533312354588,1.4,1,0,-0.009733923892365715,0,-0.003317374767860715
B0033,55,135,24.0,1.5802530015403684,79.01265007701842,4.198507575144383,3.679497849260305,1.9572832344435456,3.382171233915879,0.3349630592819254,1.9091378265076395,24.924343695709364,52.40979732740365,37.92480929373238,27.485453631694288,3170.843,5.159359561845542,1.4,1,0,-0.007332223476692157,0,-0.005549734510073234
B0033,56,137,24.0,1.583036530487776,79.1518265243888,4.198403301379083,3.67766777385441,1.916168037790613,3.3795623822599756,0.3340852439135985,1.9160969808869277,25.34303180383749,52.834042544635665,38.34698157796738,27.491010740798174,3164.672,5.170902300308929,1.4,1,0,0.002783528947407632,0,-0.008527736671156694
B0033,57,141,24.0,1.6027138832797037,80.13569416398518,4.19476201070069,3.674487561335051,1.9463675093023414,3.37961009118628,0.3268325722899466,1.9162536759445385,26.42711805216501,53.601451975349555,39.30988108210959,27.174333923184545,3177.453,5.202955681812551,1.4,1,0,0.019677352791927616,1,-0.0029837765262028526
B0033,58,143,24.0,1.5930709154513834,79.65354577256917,4.1984491513826745,3.6783544787899243,1.9780549546482917,3.384287544034087,0.32831502401101625,1.9085281127715084,26.57005252529546,53.25152711755672,38.964980792259276,26.68147459226126,3172.375,5.17460575459802,1.4,1,0,-0.009642967828320304,0,-0.0008496466916085854
B0033,59,145,24.0,1.5448888685020246,77.24444342510122,4.197908571583099,3.6840554604640086,1.905966283713238,3.3822784871834886,0.34448948979597094,1.8916136445674485,24.785095946349767,52.64070518740206,37.72135386687406,27.855609241052296,3158.406,5.0755185068823,1.4,1,0,-0.04818204694935879,0,-0.0085392713030072
B0033,60,147,24.0,1.5352188565640517,76.76094282820259,4.198281610724748,3.6855380306527916,1.90750106961619,3.3814602813053565,0.3486480205132388,1.8905533567609432,24.360961192677404,52.51312011499367,37.45856152891539,28.152158922316264,3141.578,5.036671721993737,1.4,1,0,-0.0096700119379729,0,-0.009006828995263349
B0033,61,149,24.0,1.5252677314227332,76.26338657113666,4.198167912246757,3.6871115508065606,1.9292976600569,3.382560441964418,0.35053520132149685,1.8823147825791267,24.127061124602072,52.3982280962388,37.2659552140469,28.27116697163673,3138.187,5.000267932844217,1.4,1,0,-0.009951125141318462,0,-0.011553759813008569
B0033,62,153,24.0,1.5559492005453626,77.79746002726813,4.195073185486013,3.6831246676845066,1.8981581536679577,3.3801788533503028,0.34277772524551814,1.8905502332831872,25.451734799842164,53.455944890050766,38.74887799470947,28.004210090208602,3157.969,5.069378158886564,1.4,1,0,0.030681469122629368,1,-0.009352936546868218
B0033,63,155,24.0,1.5648029438427147,78.24014719213574,4.198205381659656,3.6801518257654324,1.8884361117708077,3.3800922874688264,0.33677061921447415,1.8980856969312407,26.62675849083193,54.15574298880717,39.69321386954275,27.52898449797524,3159.281,5.1139236449483105,1.4,1,0,0.008853743297352112,1,-0.005653594321733735
B0033,64,157,24.0,1.5518620461881205,77.59310230940602,4.198304566358676,3.6841175874687084,1.8935389971250938,3.382133740383054,0.34258071732782674,1.8896314109891985,26.424834100070115,53.69393683990001,38.99544744527789,27.269102739829897,3150.375,5.062960875033292,1.4,1,0,-0.012940897654594163,0,0.001394635537219191
B0033,65,159,24.0,1.5144550545105004,75.72275272552503,4.198084263883445,3.687668594854964,1.904031637069275,3.3814913105388644,0.35335980692583197,1.872743521398214,24.643297484150843,52.91956948214362,37.746988287643894,28.27627199799278,3134.078,4.961682432259556,1.4,1,0,-0.03740699167762007,0,-0.004152760410710244
B0033,66,161,24.0,1.5051936202146428,75.25968101073214,4.197903885845773,3.6888733473345314,1.9196175823544368,3.3819655060503893,0.35571109053190786,1.8643008386750435,24.290854252743856,52.77330169161603,37.50735630364932,28.48244743887217,3129.797,4.926366826369864,1.4,1,0,-0.009261434295857685,0,-0.004014822241618088
B0033,67,165,24.0,1.605823969917045,80.29119849585224,4.181130210987576,3.624020206850946,1.852348915398631,3.329913840594753,0.3259278216769786,1.9594261580587993,24.926222629135967,53.75237854927132,38.883555668352116,28.826155920135353,3161.89,5.243667528163871,1.4,1,0,0.10063034970240214,1,0.009974953874336468
B0033,68,169,24.0,1.6249005195877049,81.24502597938525,4.195278411672913,3.6387239662328343,1.8154710749647818,3.3467196974403497,0.32715465066239985,1.9438219079216,26.249589392543776,54.49882525049124,39.70651744278487,28.24923585794746,3196.859,5.288430517204102,1.4,1,0,0.01907654967065997,1,0.01201951514899804
B0033,69,171,24.0,1.589785130036615,79.48925650183075,4.197729147288927,3.6679196563328604,1.9709912361310515,3.366597142576843,0.3329872020332639,1.920785081406269,25.719962949006923,53.48032268666943,38.69688917568081,27.760359737662508,3171.906,5.177423343126515,1.4,1,0,-0.03511538955108984,0,0.007584616769698904
B0033,70,173,24.0,1.5552386152299904,77.76193076149951,4.197620289512095,3.676696187562201,1.8937050882323652,3.3665010841717966,0.34833543948228457,1.9034302269573002,24.531285612577616,53.19212326974819,37.93115370815918,28.66083765717057,3160.8429999999935,5.085311299823973,1.4,1,0,-0.03454651480662463,0,0.008156712143897992
B0033,71,175,24.0,1.539756404636803,76.98782023184016,4.197202654978761,3.681131305419905,1.936708367530743,3.3683893640779714,0.350875944360617,1.8953183205112976,24.13914126838614,52.91631108720558,37.670702628979534,28.777169818819438,3147.141,5.028310858367551,1.4,1,0,-0.015482210593187329,0,0.006912556884432064
B0033,72,177,24.0,1.5293174002138357,76.46587001069179,4.197265181641886,3.6838923452398475,1.898472277042985,3.3686183095745217,0.35669331452077874,1.8862818097979202,23.869189013200952,52.95164787724483,37.48833504505954,29.08245886404388,3141.203,4.985822705856931,1.4,1,0,-0.010439004422967413,0,-0.015301313940641848
B0033,73,181,24.0,1.547680553576876,77.38402767884381,4.196099622186929,3.6769143821793917,1.8471266740226868,3.3619229093944987,0.3503488989758421,1.9022031487355253,25.1970904818351,54.15703950174405,39.01194436489727,28.95994901990895,3151.047,5.054330450602571,1.4,1,0,0.018363153363040396,1,-0.015443993202165763
B0033,74,183,24.0,1.5659920939439786,78.29960469719893,4.196552042597536,3.6731081817952687,1.8671703949444942,3.362373596039391,0.34275670121330537,1.9025763083335716,26.400937793835165,54.90254753232506,39.95408175672587,28.501609738489893,3159.172,5.082508712954723,1.4,1,0,0.018311540367102586,1,-0.004758607218527278
B0033,75,185,24.0,1.5416252851780505,77.08126425890252,4.197202431807518,3.6827172399863892,1.9378745892006957,3.368466070250841,0.3512531359107207,1.88583292092965,25.259465838677443,53.80008363828377,38.629206981182826,28.54061779960633,3141.047,4.990128692319022,1.4,1,0,-0.024366808765928116,0,-0.002722666010387975
B0033,76,187,24.0,1.517590655990168,75.8795327995084,4.19689594164954,3.6853977892052785,1.8429746742692776,3.36347185491077,0.36393837904828386,1.8764397542454812,24.15296952121498,53.54505652293522,37.93003488357471,29.39208700172024,3135.0310000000027,4.932293620588983,1.4,1,0,-0.024034629187882572,0,-0.004433149729327024
B0033,77,189,24.0,1.5075202042593092,75.37601021296545,4.196436668221134,3.686856323022529,1.8767034375876257,3.363235953553388,0.365723618858262,1.8755123549256025,23.79868627429051,53.29577183051126,37.62158369702063,29.497085556220753,3117.984,4.893636412160645,1.4,1,0,-0.010070451730858743,0,-0.0043594391909052895
B0033,78,193,24.0,1.49549282626034,74.774641313017,4.196049728818034,3.686829190711486,1.823408615215652,3.3583847581016526,0.3718556959697032,1.8746307341185118,23.538969102016843,53.690652187482364,37.78621151878811,30.15168308546552,3125.328,4.886042615211887,1.4,1,0,-0.012027377998969246,0,-0.010437545463307218
B0033,79,195,24.0,1.4997618811573148,74.98809405786574,4.196518488404076,3.687593683960091,1.914352330463475,3.3645795285682984,0.36499575852560945,1.866968412651517,23.87189419612585,53.4617189956508,37.780545613375104,29.589824799524948,3120.172,4.869884463378947,1.4,1,0,0.004269054896974822,0,-0.013246042557332771
B0033,80,197,24.0,1.4906966807803954,74.53483403901977,4.196230149993989,3.6886746677870805,1.9242052922698998,3.3647328172276567,0.36791474971411586,1.8579631543457258,23.489758397814686,53.31089209854774,37.48831223397221,29.821133700733053,3116.641,4.833830366694516,1.4,1,0,-0.00906520037691938,0,-0.010185720879531023
B0033,81,199,24.0,1.4800999425051866,74.00499712525934,4.1963909319790265,3.687993228296498,1.846946703906843,3.360281651978189,0.3714051933667629,1.8652023718774091,23.736186650162907,53.6277468644108,37.84650784146758,29.891560214247896,3110.844,4.840188073423993,1.4,1,0,-0.010596738275208795,0,-0.007498142696996268
B0033,82,201,24.0,1.4676091496100632,73.38045748050315,4.1961236676040885,3.689769253067038,1.912127707319289,3.3661837656093314,0.369239169670545,1.856568813720333,23.57527253501497,53.311289666668536,37.50067380952265,29.736017131653565,3101.406,4.809868858475515,1.4,1,0,-0.012490792895123448,0,-0.00798221092984921
B0033,83,205,24.0,1.4729818491920503,73.64909245960251,4.1936766136410535,3.69042588553884,1.9981993087869525,3.369029139242048,0.3673740481850252,1.8482754339758682,23.46174852080792,53.24781973161767,37.46771056598812,29.786071210809748,3099.563,4.783921366948527,1.4,1,0,0.0053726995819871615,1,-0.004502195413657928
B0033,84,207,24.0,1.4742872137206404,73.71436068603202,4.196012929045855,3.690069126830951,1.9676969517090999,3.3652385724141607,0.369680551363505,1.847975231148244,23.51358847031407,53.32567282742489,37.59818541161091,29.81208435711082,3104.64,4.778534658708877,1.4,1,0,0.0013053645285900917,0,-0.005094933487334874
B0033,85,209,24.0,1.4635162808346138,73.17581404173069,4.196160612669127,3.6898349768027527,1.8011165493797345,3.3618926452165643,0.37740585639799473,1.8544013778989676,23.744524283151495,53.67135316275077,37.701434924362204,29.926828879599274,3099.875,4.787091301987981,1.4,1,0,-0.010770932886026596,0,-0.0054360799891563175
B0033,86,211,24.0,1.4527095680488362,72.6354784024418,4.196047705028354,3.6907654523182534,1.935722285136851,3.363675541904795,0.37299549024538353,1.8463666206768117,23.412424726092457,53.425915759836265,37.53461374251148,30.013491033743808,3093.25,4.750740696958711,1.4,1,0,-0.010806712785777606,0,-0.00547807489127008
B0033,87,213,24.0,1.4557303847230247,72.78651923615124,4.1956276970934345,3.69029465108762,1.8530896744385115,3.359060505999303,0.3772483897081041,1.8534163332456284,23.62740092704637,53.80241246385534,37.84394106488913,30.17501153680897,3086.688,4.753235848950283,1.4,1,0,0.00302081667418852,0,-0.0023757529774076857
B0033,88,217,24.0,1.459740099618568,72.9870049809284,4.195876729666962,3.691967438675652,1.9965159983729222,3.3651551542737717,0.3729695789520775,1.837688288769038,23.355342391136997,53.538703332548565,37.62240216799661,30.183360941411568,3094.281,4.72605275310684,1.4,1,0,0.004009714895543359,0,-0.002648349914696446
B0033,89,219,24.0,1.448711504158192,72.4355752079096,4.1956602220307575,3.6909327969669823,1.817348554391127,3.3585848303538435,0.38103222959163685,1.8440973546249275,23.545043770797083,53.85443523479271,37.85402355267617,30.309391463995627,3088.328,4.725951241609396,1.4,1,0,-0.011028595460376156,0,-0.005115141912489696
B0033,90,221,24.0,1.4666759762884336,73.33379881442168,4.1955373937605405,3.6899564516458674,1.8401196811491933,3.35905242705326,0.37704082003448447,1.8441223646043912,24.104284211686107,54.312710923117564,38.470904652851125,30.208426711431457,3095.687,4.742419456188312,1.4,1,0,0.01796447213024166,1,0.0006319390907639555
B0033,91,223,24.0,1.4689502109504418,73.44751054752209,4.195536714662514,3.6892322843321015,1.8717606752777658,3.362682403709533,0.3715144653138549,1.8445071611776023,24.89106878971231,54.717249684368554,39.05355467673962,29.826180894656243,3102.062,4.76512037331837,1.4,1,0,0.0022742346620081566,0,0.003248128580321108
B0033,92,225,24.0,1.471116588522042,73.55582942610211,4.1955231496734555,3.688826664285261,1.9004154638642285,3.3650098815184712,0.3673486781298291,1.8447179134276697,25.76650414684967,55.03279239327084,39.44221992740732,29.26628824642117,3107.141,4.782655795750611,1.4,1,0,0.0021663775716003197,0,0.0030772407598034677
B0033,93,229,24.0,1.4473012364654927,72.36506182327463,4.195939576756794,3.6911546656704517,1.7953236556353753,3.3557747858772635,0.3852001543830487,1.842164817595224,23.839840978745034,54.39303449657184,38.22999069332894,30.55319351782681,3090.719,4.7134470866244085,1.4,1,0,-0.023815352056549388,0,-0.0024877726306150815
B0033,94,231,24.0,1.4205315547561643,71.02657773780821,4.195006589145168,3.692378857042203,1.7802670666869505,3.3539193468726696,0.3894644921960091,1.8405698669540937,23.31338109101959,54.05963088053671,37.758104647901995,30.74624978951712,3069.812,4.6678360538473465,1.4,1,0,-0.026769681709328363,0,-0.005635989880405523
B0033,95,233,24.0,1.4241466094817417,71.20733047408709,4.200886512488945,3.6939420798173916,1.921681538108464,3.3605316490849235,0.3830845622863062,1.8323017442255853,22.966445516601276,53.59788130809244,37.428049618035296,30.631435791491164,3064.437,4.644663610936613,1.4,1,0,0.003615054725577327,0,-0.00850587336133839
B0033,96,235,24.0,1.4412820083364295,72.06410041682147,4.200958313999685,3.6911505233553608,1.7788153560287199,3.3547493929832592,0.3856268907367188,1.8406157622829122,23.727399195198654,54.608136974659445,38.5029228575476,30.88073777946079,3083.25,4.69555677065768,1.4,1,0,0.017135398854687844,1,-0.005533640522802452
B0033,97,237,24.0,1.4448965388921615,72.24482694460808,4.195133561150031,3.691343235546049,1.9534408897799111,3.3635996156389574,0.3738756498532184,1.8326988121959051,24.372887035726052,54.5574027155619,38.83348222581879,30.184515679835847,3076.484,4.6832732650329305,1.4,1,0,0.0036145305557320206,0,-0.005244009925976112
B0033,98,241,24.0,1.4540256354795746,72.70128177397874,4.193623574075107,3.6906407570690027,1.8222744588584345,3.3569917985687048,0.3812084332514825,1.8393007090179736,24.81879586772716,54.99418815591436,39.052180409304285,30.175392288187197,3081.297,4.700633886483318,1.4,1,0,0.009129096587413121,1,0.00134487980281639
B0033,99,243,24.0,1.4226030447542912,71.13015223771455,4.1948883355748166,3.6930000903956093,1.8129227899512983,3.356737655890981,0.38679745012207933,1.8297056790119524,23.757662314577907,54.16320225337546,38.021927947894824,30.405539938797553,3065.953,4.635381515475786,1.4,1,0,-0.03142259072528342,0,0.00041429799962537927
B0033,100,245,24.0,1.410196954589097,70.50984772945486,4.194713943990352,3.694329168801657,1.9001242255219513,3.3595402684946825,0.3851969296789594,1.8209352725825312,23.291578122986426,53.87733726225828,37.73309166360951,30.585759139271854,3055.828,4.596579805344631,1.4,1,0,-0.012406090165194117,0,-0.0027899309785289093
B0033,101,247,24.0,1.4144881298999457,70.72440649499728,4.200794831783912,3.693957317112615,1.8618268075580215,3.3577795891012125,0.3865805426841337,1.8285914763057718,23.294341660637418,54.005408924827464,37.88253804875795,30.711067264190046,3051.468,4.611139035349946,1.4,1,0,0.0042911753108485495,0,-0.005358775687296769
B0033,102,249,24.0,1.431360032946153,71.56800164730765,4.201229193181646,3.6913642256481944,1.7571531937270366,3.3555412354678467,0.38585742464607997,1.8371692618255622,24.429102590518877,55.01715436055076,39.09683297382756,30.588051770031885,3069.0,4.671320127724246,1.4,1,0,0.016871903046207448,1,-0.002707301189201683
B0033,103,253,24.0,1.4515133236517528,72.57566618258764,4.195456528334941,3.6901234930538673,1.8292747932433169,3.3594857050424136,0.3771662941760961,1.837816023009627,25.494140796748844,55.56824997306065,39.85321278395099,30.074109176311808,3079.235,4.7055405250320765,1.4,1,0,0.02015329070559968,1,-0.0005024623655643712
B0033,104,255,24.0,1.4230376757726733,71.15188378863367,4.194509310604787,3.691931727836907,1.7807877780971682,3.358051208135682,0.3841695242482834,1.8280436931767001,24.91662745947381,54.92871435196593,39.04623892631281,30.01208689249212,3070.344,4.650237320498117,1.4,1,0,-0.028475647879079524,0,8.692620367640735e-05
B0033,105,257,24.0,1.396298696255913,69.81493481279564,4.1942429283104055,3.6956701340642484,1.93715684685712,3.3644871236228617,0.38274776524006726,1.8096113968384206,23.69829113096219,53.80101502575858,37.820538353520355,30.10272389479639,3051.4839999999967,4.5656356968719205,1.4,1,0,-0.026738979516760297,0,-0.002779651666636829
B0033,106,259,24.0,1.3979060730399124,69.89530365199562,4.200848155352064,3.6962092020665973,1.8780478013995328,3.361244790495099,0.3880300769288949,1.8091575935883184,23.235049293032375,53.90914216170243,37.73310595477053,30.67409286867005,3054.812,4.55918284980222,1.4,1,0,0.0016073767839994701,0,-0.0033164113720066447
B0033,107,261,24.0,1.4011347560096767,70.05673780048383,4.200565338678372,3.695290652862115,1.8094020919691347,3.35671886762914,0.3919573361218271,1.8167118076018112,23.380069687751234,54.23260277977909,38.006666099531806,30.85253309202786,3046.532,4.56300427475736,1.4,1,0,0.003228682969764307,0,-0.006045055387295273
B0033,108,265,24.0,1.436782528945267,71.83912644726334,4.194606941815903,3.6914451077050088,1.8197773356081153,3.359022917654344,0.38122568694022213,1.8264479842957801,25.56118395535826,55.63045478699343,39.784628994566496,30.069270831635173,3071.782,4.653802386200893,1.4,1,0,0.03564777293559018,1,-0.002946158941297172
B0033,109,267,24.0,1.4370006879546382,71.8500343977319,4.194711355930272,3.6903816418581448,1.8363818810073882,3.360671828990881,0.3781361498029027,1.8267902000568095,26.31223503987549,56.16713312985831,40.35944876635067,29.854898089982818,3074.532,4.663099324832268,1.4,1,0,0.00021815900937127708,0,0.002792602436392988
B0033,110,269,24.0,1.410355528453481,70.51777642267405,4.194653346541879,3.692817256324836,1.75385880069876,3.358394883350331,0.3888444978959193,1.8243917057977057,25.379235128309848,55.53601912262827,39.40096297699252,30.15678399431842,3053.656,4.612700377584417,1.4,1,0,-0.0266451595011572,0,0.0028113664395136074
B0033,111,271,24.0,1.382633397996189,69.13166989980944,4.193960242158124,3.696583006276534,1.977912246538546,3.3625185980231946,0.3855210477712719,1.8064608327119611,23.98859724590372,54.42859597766174,38.23202468655914,30.439998731758024,3031.953,4.51975709265606,1.4,1,0,-0.027722130457292105,0,-0.003054535008744708
B0033,112,273,24.0,1.3699403583067564,68.49701791533782,4.193738828291326,3.696037159027243,1.8406238091435183,3.352730063565273,0.39591040515529957,1.813345064617239,23.555405662288944,54.60293074972065,38.186119358463095,31.047525087431705,3023.5,4.502429687733926,1.4,1,0,-0.012693039689432473,0,-0.006238879540584064
B0033,113,277,24.0,1.3786129327882322,68.9306466394116,4.19371473353332,3.69461557786559,1.793591568720353,3.348905668243179,0.39908162438253303,1.8127387092209186,23.625584537108093,55.29175004355109,38.7565059715467,31.666165506442997,3042.703,4.522873682798753,1.4,1,0,0.008672574481475737,1,-0.011633919231406952
B0033,114,279,24.0,1.8035959863147193,90.17979931573596,4.468345307156076,3.711902445541256,1.880422567759453,3.457384162912773,0.35438006836190017,1.5628707519379117,26.043802780308972,57.637403832441095,39.21824541685028,31.593601052132122,4424.203,5.892776625784705,1.4,1,0,0.42498305352648713,1,0.07331905967201621
B0033,115,283,24.0,1.4234424290662009,71.17212145331004,4.192884657368934,3.6929743730579663,1.9260869684651196,3.376673863925851,0.370999676604148,1.7979343834169685,25.441773230195782,54.65393012817871,39.05310062274121,29.212156897982926,3066.766,4.603417777773153,1.4,1,0,-0.3801535572485184,0,0.0026173801225439774
B0033,116,285,24.0,1.3946003892958663,69.73001946479332,4.194067273871393,3.6947558997229204,1.9774094380313447,3.373391130621014,0.374624966845218,1.7963463690245949,24.594532339233787,54.152949724280695,38.41375319607374,29.55841738504691,3046.125,4.54634188440164,1.4,1,0,-0.028842039770334615,0,0.002393398259935475
B0033,117,287,24.0,1.3961613987822286,69.80806993911143,4.19368013682872,3.6941271533352737,1.8428005555738187,3.364186626496377,0.3849816380373533,1.8032996206609153,24.373486680465138,54.53515875704883,38.46902673499884,30.161672076583695,3033.625,4.52896727249391,1.4,1,0,0.0015610094863622859,0,0.005244208095094427
B0033,118,289,24.0,1.384968608315797,69.24843041578985,4.200481772749099,3.694638900687209,1.7746653306163975,3.358003989298615,0.39300590337543684,1.8108049336910572,24.049102366967954,54.77734925210607,38.5100324254832,30.728246885138116,3028.562,4.526481002493327,1.4,1,0,-0.011192790466431513,0,0.001271135105512977
B0033,119,291,24.0,1.3715114742475478,68.57557371237739,4.193411625017548,3.6952103782601466,1.8460476497404992,3.36155800725267,0.38917714140834836,1.8013083911049832,24.131102383088155,54.64702813763124,38.40063671961678,30.515925754543083,3020.984,4.49081799216868,1.4,1,0,-0.013457134068249221,0,-0.08641690241343429
B0033,120,295,24.0,1.3616865084879255,68.08432542439627,4.190843298670948,3.6965318932238547,1.9599501667839596,3.3646263159375533,0.3855836688381699,1.7919918693222388,24.005938796141717,54.505104228610136,38.39044541549165,30.49916543246842,3017.391,4.462142319494564,1.4,1,0,-0.009824965759622328,0,-0.012351184115655079
B0033,121,297,24.0,1.3796301360966086,68.98150680483043,4.193246621463424,3.69622432207493,1.9111619475065968,3.360892538206702,0.3891486270818432,1.7916272053833764,24.069225329986875,54.421332192558104,38.413629652125955,30.35210686257123,3022.14,4.46041339192005,1.4,1,0,0.017943627608683066,1,-0.0029940506398515422
B0033,122,299,24.0,1.364231776003204,68.2115888001602,4.193431004458486,3.6963000466401517,1.7914848144741025,3.3571675251434945,0.3958154890152153,1.798733884420521,23.9943771246439,54.599932749714995,38.44024987650422,30.605555625071094,3009.016,4.453670423543399,1.4,1,0,-0.01539836009340445,0,-0.006385924555804889
B0033,123,301,24.0,1.3418414512081456,67.09207256040727,4.200650322742635,3.698214147617165,1.8461845656811995,3.3650892446963074,0.3929647343129605,1.7887872050368798,23.85378067018568,54.621715057959925,38.18714693456589,30.767934387774243,3014.672,4.451547378130223,1.4,1,0,-0.022390324795058536,0,-0.008625431421530294
B0033,124,303,24.0,1.3552215695792247,67.76107847896124,4.2006243085499655,3.6983847497656357,1.8424801617142232,3.363027417163423,0.3936844525961825,1.7888403713952685,23.796715031824885,54.55731341596549,38.18649962226669,30.760598384140604,3010.703,4.43585826293681,1.4,1,0,0.013380118371079108,1,-0.003257980933664628
B0033,125,307,24.0,1.3403860264029774,67.01930132014887,4.193448740854408,3.697609803889614,1.8293764049246997,3.3583632498611675,0.39719405190282947,1.7886164084551721,23.946035304437792,55.041315475822266,38.536213089297746,31.095280171384474,3011.75,4.42552214913655,1.4,1,0,-0.014835543176247246,0,-0.004260096416989612
B0033,126,309,24.0,1.3594078914195438,67.97039457097719,4.200287436644031,3.6975117419497674,1.7818288008009142,3.3574236498195957,0.39762532053028093,1.7964130441048565,23.9972875225705,54.87421915377841,38.552272664006516,30.876931631207913,3005.734,4.439119707502182,1.4,1,0,0.01902186501656633,1,-0.004044448935412959
B0033,127,311,24.0,1.3457100861355502,67.28550430677751,4.192836775725013,3.6985069826531234,1.8799745135000576,3.360766302094452,0.39311593973460496,1.787019212781781,24.046746852555337,54.605029117345865,38.45551116751203,30.558282264790527,2993.75,4.400956062878522,1.4,1,0,-0.013697805283993558,0,-0.00370433797353078
B0033,128,313,24.0,1.3477611420854358,67.3880571042718,4.200298809538312,3.6989298808451623,1.8632410129416257,3.3594711162840047,0.39573600848157126,1.7868477486398855,23.861649637451112,54.77196645266215,38.45383838785278,30.910316815211036,2998.125,4.403357523786676,1.4,1,0,0.0020510559498856384,0,0.0011839381754580546
B0033,129,315,24.0,1.335482103134067,66.77410515670334,4.20027821207153,3.6982756226752684,1.7604885282268967,3.352476127724087,0.4036823632656855,1.794291130556876,23.80835983507201,55.081324460303485,38.59571101696619,31.272964625231474,2990.859,4.399095641877471,1.4,1,0,-0.012279038951368948,0,-0.0039478932890315566
B0033,130,319,24.0,1.353154941842234,67.65774709211169,4.192514367451183,3.696235576527621,1.8980864731881966,3.3599659156305464,0.39221309090107487,1.7787288593777348,25.018212536384507,56.28817834549751,39.84838963202564,31.269965809113007,3024.453,4.4241660024360066,1.4,1,0,0.01767283870816705,1,0.002553783087851302
B0033,131,321,24.0,1.3709677706044292,68.54838853022146,4.19294556405614,3.6933978977788144,1.765463647928582,3.352934086228004,0.395712714382974,1.7964190748540645,26.5789588253251,57.273543680267444,40.8588418858713,30.694584854942345,3030.765,4.476529429377723,1.4,1,0,0.017812828762195254,1,0.002311975836977087
B0033,132,323,24.0,1.357426672491866,67.8713336245933,4.199991227798003,3.6936366493100854,1.7789329307031558,3.343287590707508,0.40255144015526895,1.8052197287597738,25.824609859809243,57.229192207488595,40.645674557350794,31.40458234767935,3020.813,4.45709643159781,1.4,1,0,-0.01354109811256321,0,0.0023433172712631566
B0033,133,325,24.0,1.3443678821106904,67.21839410553451,4.199721786449104,3.6951351889189463,1.9751406850610134,3.3304566806630636,0.41225923063656894,1.8050862401983079,24.628591970930444,57.19704022437858,40.22816795562337,32.56844825344814,2998.156,4.3698068514774295,1.4,1,0,-0.013058790381175633,0,-0.0006786519949490977
B0033,134,327,24.0,1.33005823859453,66.50291192972651,4.19871242892298,3.6947568292624613,1.7718580087129037,3.320924665615561,0.421376906961979,1.8114911161465173,24.087009042742764,57.01987269382395,40.06014962782639,32.932863651081185,2986.766,4.352057863582217,1.4,1,0,-0.014309643516160264,0,-0.001084772907907361
B0033,135,331,24.0,1.4033641858066626,70.16820929033312,4.17727346487854,3.690691920205501,1.9154948072138342,3.340032080385694,0.3945176774652356,1.8025490371702977,24.765977304913523,55.93330356332492,40.062941403566036,31.167326258411396,3032.328,4.4630797262272655,1.4,1,0,0.07330594721213246,1,0.010041848792885721
B0033,136,335,24.0,1.3865570950229378,69.32785475114689,4.191445596329994,3.6927611324810585,1.9395710043147303,3.365998712772332,0.3819533922165759,1.7877554107698523,25.837379779917946,56.299084505467846,40.262388264621016,30.4617047255499,3047.703,4.5117061915929195,1.4,1,0,-0.016807090783724776,0,0.0031178648837017152
B0033,137,337,24.0,1.3704138176872631,68.52069088436316,4.19282190457564,3.693010851429681,1.9213252989145688,3.3457011047959266,0.3998232849660851,1.7957587291291346,25.2227917149786,56.50951504855041,39.997401224885536,31.28672333357181,3034.968,4.450871182376313,1.4,1,0,-0.016143277335674666,0,0.002597429039079424
B0033,138,339,24.0,1.325319393635713,66.26596968178565,4.2003206248142115,3.69574712854625,1.9978451295419197,3.346323103330572,0.40450221346117554,1.794492335579572,24.472552841440898,56.69165778744567,39.574089613864224,32.21910494600478,3011.7339999999967,4.404460805215586,1.4,1,0,-0.045094424051550064,0,-0.003809697694995462
B0033,139,341,24.0,0.8439684993200656,42.19842496600328,4.2005349328403865,3.77858123258773,1.4425192802033469,3.5025083166259967,0.41218255255752817,1.3524985291486773,24.19994758367089,55.51714083426434,35.98333032061264,31.317193250593448,3002.922,3.3507935995342115,1.4,1,0,-0.4813508943156475,0,-0.0972179478548929
B0033,140,343,24.0,0.29866180371583506,14.933090185791754,4.192983578510316,4.013680020801453,1.5585045696383768,3.8878704029237765,0.36017595017568677,0.40980761010481126,24.218981104397724,45.807200259053744,30.119688488829738,21.58821915465602,2986.718,0.9810005870113412,1.4,1,0,-0.5453066956042305,0,-0.2209404764181655
B0033,141,347,24.0,0.2344867974702557,11.724339873512784,4.18960689548105,4.064571052096059,1.203791745361808,3.9545425965879493,0.3591124647664468,0.326358504964012,25.680048766514137,46.034595491761756,30.940513967139797,20.35454672524762,3006.203,0.7846316285501895,1.4,1,0,-0.06417500624557937,0,-0.23041405951053645
B0033,142,349,24.0,0.20256330380725823,10.128165190362912,4.190979344710272,4.076203147892305,1.5484910888494308,3.987610232479158,0.32446435124036727,0.2716060073490726,26.35050371923943,44.981619190674095,31.002948619577534,18.631115471434665,3011.609,0.6540487523186982,1.4,1,0,-0.03192349366299746,0,-0.23357010277600096
B0033,143,351,24.0,0.23531995654070248,11.765997827035124,4.190858292815643,4.0686293153158966,1.9233358352697387,3.9673029925231815,0.3281488227609347,0.3170883747898488,25.446671381322208,44.437719613927904,30.353188245577265,18.991048232605696,2985.953,0.7592657395359419,1.4,1,0,0.03275665273344425,1,-0.21799988741900211
B0033,144,353,24.0,0.23550427837482876,11.775213918741438,4.190894892157285,4.064603817161488,1.477441018016571,3.949305726224602,0.3678516473135853,0.33378469731868937,24.511732333648254,46.16094346830902,29.92194766382464,21.649211134660767,2976.3129999999946,0.7787872168505741,1.4,1,0,0.0001843218341262831,0,-0.12169284418904736
B0033,145,355,24.0,0.4304242256752923,21.521211283764615,4.19146431605178,3.9370945938948676,1.7051348869638063,3.7530265184592335,0.41257888438562323,0.6350119541631207,24.162362850774013,51.875290776017344,32.39035931572692,27.71292792524333,2964.75,1.4814219539167108,1.4,1,0,0.19491994730046355,1,0.026352484391891452
B0033,146,359,24.0,0.46436333202696434,23.218166601348216,4.1890145295921934,3.930750719208295,0.9861339962587278,3.7437278161410794,0.42624293448578554,0.6479340462965341,24.631605023610323,51.767777887259,32.954165794905116,27.136172863648678,2969.953,1.5320038706566428,1.4,1,0,0.03393910635167202,1,0.04597530691134173
B0033,147,361,24.0,0.3994839380247729,19.974196901238646,4.191809961918757,3.9600810855726563,1.3263821081867295,3.802542903312754,0.39812032274160014,0.5493515638126133,25.741077212582653,51.02675215928651,32.988995755051256,25.285674946703857,2988.453,1.3122480442639868,1.4,1,0,-0.06487939400219145,0,0.03938412684350293
B0033,148,363,24.0,1.461469789426299,73.07348947131494,4.1904720737187295,3.6674425489435496,1.8345225826317897,3.2312787223699537,0.43391459620268436,1.925947099684237,26.690929983204757,61.13715999731606,45.33521672468352,34.44623001411131,3001.235,4.502559314170228,1.4,1,0,1.0619858514015261,1,0.2452299665771193
B0033,149,365,24.0,1.4150999545382532,70.75499772691266,4.197955168406999,3.6899840360041227,1.9860807469381487,3.337618232944289,0.3894910624653105,1.8473131233384892,25.520250180373928,56.348749401178914,40.620147730266055,30.828499220804986,2976.234,4.503773056827968,1.4,1,0,-0.04636983488804569,0,0.2359191352326849
B0033,150,367,24.0,1.383632373873956,69.1816186936978,4.199581881706975,3.692850277684523,1.8841219743920603,3.3407978157952662,0.39529303029181617,1.844518264194251,24.51824925453422,55.51777727453801,39.683995746406474,30.999528020003794,2950.39,4.460384229391349,1.4,1,0,-0.03146758066429722,0,0.19064162963973272
B0033,151,371,24.0,1.3705402893609833,68.52701446804916,4.192605373755114,3.694938681971724,1.8129527074235323,3.3451260552283553,0.39944927328036617,1.8328231495736937,24.03234391636592,54.98845662264607,39.047236578784684,30.956112706280148,2941.719,4.423235185614388,1.4,1,0,-0.013092084512972724,0,0.18123539146680379
B0033,152,373,24.0,1.3557042566115398,67.785212830577,4.200006145928445,3.6971865143782208,1.9644189853209997,3.357137371109369,0.39096896422227406,1.814347722959519,23.86501153474145,54.53862414235327,38.66855198329813,30.673612607611823,2946.969,4.399632037312117,1.4,1,0,-0.01483603274944345,0,0.1912440637173534
B0033,153,375,24.0,1.3578385793919763,67.89192896959881,4.199748662269959,3.696517888689688,1.8546413788349956,3.351453240465127,0.39674205113121525,1.8222035217148784,23.92708958292775,54.72686731387149,38.84148471879362,30.799777730943738,2936.171,4.397094916460821,1.4,1,0,0.0021343227804364595,0,-0.020726242006864525
B0033,154,377,24.0,1.3609083979571395,68.04541989785697,4.19986267410377,3.6957942641034913,1.7877573640818558,3.346026215342865,0.4016384142700474,1.8306905769975232,24.018328450267454,55.0046224518596,39.052551352201455,30.98629400159215,2927.281,4.397847253672173,1.4,1,0,0.003069818565163196,0,-0.01083831131622275
B0033,155,379,24.0,1.3495626547684758,67.4781327384238,4.199784078520709,3.6972247396889237,1.9183209167927542,3.3509794200278593,0.39584509031030446,1.8209502621473443,23.850352762005816,54.71731449617404,38.79448240276511,30.866961734168225,2924.422,4.372053658779372,1.4,1,0,-0.01134574318866366,0,-0.006813943821096036
B0033,156,383,24.0,1.1888877132486642,59.444385662433206,4.044383082216898,3.6457074414716044,1.8528656809384136,3.342644131880222,0.3702943850577201,1.5682141898556474,25.526490000718884,54.428778601713,38.509868638012954,28.902288600994115,3023.859,3.851878564488232,1.4,1,0,-0.16067494151981165,0,-0.03633051522246382
B0033,157,387,24.0,1.5041493934608645,75.20746967304322,4.193893385945015,3.66899344873017,1.9484758716380042,3.3518592869527803,0.3467701968139109,1.8878046557777053,26.506119438399306,54.890003781719805,40.15830993087354,28.3838843433205,3056.172,4.85398165772701,1.4,1,0,0.31526168021220036,1,0.02968902736986494
B0033,158,389,24.0,1.4899088638712767,74.49544319356384,4.192228643619013,3.672441459219711,1.8283531317172372,3.3468424673944153,0.3609908760712789,1.876137336259163,25.523478707409936,54.47368119654309,39.45022733421382,28.950202489133154,3045.078,4.7795816720527515,1.4,1,0,-0.01424052958958777,0,0.026414056895860093
B0033,159,391,24.0,1.475330178643193,73.76650893215965,4.199907627033468,3.6788232722541436,1.888528315752074,3.3508471294894773,0.3644213731598454,1.8659348672273262,24.762134979630645,54.12307476528604,38.94097771129498,29.360939785655397,3034.25,4.725334679151955,1.4,1,0,-0.01457868522808381,0,0.022884356137210692
B0033,160,393,24.0,1.459830765413703,72.99153827068515,4.199750237010081,3.683020291040092,1.924025874710363,3.355670268634571,0.3658244897830347,1.855665165318928,24.41380786568868,53.773029666511476,38.66654129149028,29.359221800822798,3022.609,4.6773021618096795,1.4,1,0,-0.015499413229489889,0,0.022053622129045446
B0033,161,395,24.0,1.4474169057725728,72.37084528862864,4.200007095257734,3.681766855507581,1.800492506386291,3.353308872329983,0.3715693466529247,1.8545876842709506,24.788447629981274,54.609405212648525,39.336362061944186,29.82095758266725,3028.828,4.686991047308042,1.4,1,0,-0.012413859641130287,0,0.05170583850478172
B0033,162,399,24.0,1.4676323674647154,73.38161837323577,4.193187154613999,3.6804577629949806,1.793120582655924,3.355576427429911,0.3673193359707011,1.8545835473262615,26.122139084679773,55.29324534393817,40.212462412867474,29.171106259258394,3037.875,4.712954957992438,1.4,1,0,0.02021546169214261,1,-0.007303405199229829
B0033,163,401,24.0,1.441552493165527,72.07762465827635,4.191335465387503,3.685587489325032,1.8969132609228214,3.3638323924431814,0.3669760840834832,1.8336175958984313,25.595071957019666,54.26200652741747,39.15441493084491,28.666934570397803,3023.187,4.632906092006409,1.4,1,0,-0.026079874299188344,0,-0.009671274141149943
B0033,164,403,24.0,1.418392873584403,70.91964367922014,4.2001706293322,3.688000087810126,1.8056023837774513,3.3571376570885594,0.38091265454702583,1.8420776445598062,24.16406348278754,54.01880189925328,38.472340837695874,29.854738416465743,2996.922,4.586184963342397,1.4,1,0,-0.023159619581124113,0,-0.011387461011758004
B0033,165,405,24.0,1.4031824838852518,70.15912419426259,4.199985912721998,3.6898132764595406,1.862859289057269,3.361111422960934,0.38004224182817214,1.8314804480842137,23.776630157468176,53.57147874982123,38.10278800382275,29.794848592353055,2986.469,4.5396554952267145,1.4,1,0,-0.015210389699151117,0,-0.01132965630569025
B0033,166,407,24.0,1.3911104661211642,69.5555233060582,4.200092034422385,3.6911332043278944,1.9520601805312336,3.3674136761881366,0.3748227876978567,1.8211984659153593,23.78883700143163,53.4828168564585,38.13961733869117,29.693979855026868,2979.219,4.515921981271505,1.4,1,0,-0.012072017764087617,0,-0.011261287930281716
B0033,167,411,24.0,1.4086019958134537,70.43009979067268,4.192967636550445,3.6906992096130993,1.9878541604164133,3.3717064606024185,0.3695089549839931,1.81241066299999,24.64643545165862,53.870140403015185,38.75498314355583,29.223704951356567,2995.047,4.528431023759953,1.4,1,0,0.01749152969228951,1,-0.011806074330252336
B0033,168,413,24.0,1.4137708903948947,70.68854451974474,4.200173402903593,3.6900957485282504,1.9566455890224006,3.3721296388578876,0.36794976293764514,1.8216175674206458,25.131749433131866,54.16164128030712,39.165872874745595,29.029891847175257,2989.828,4.556104966751035,1.4,1,0,0.005168894581440986,1,-0.00555632055412647
B0033,169,415,24.0,1.412472234540845,70.62361172704225,4.200367739813544,3.6906450864108473,1.8936715311451313,3.370281011025519,0.37261804054308995,1.8208743638517628,25.28376339726478,54.165344351537804,39.025069457187186,28.881580954273023,2989.391,4.543379423318453,1.4,1,0,-0.0012986558540497573,0,-0.001184127808711599
B0033,170,417,24.0,1.3831900026575588,69.15950013287794,4.200227759967035,3.6924943395111622,1.828763483963188,3.364268931307196,0.3841600945159774,1.817964724512839,24.132858253204763,53.79228026466776,38.3251245457817,29.659422011462997,2967.2810000000027,4.479464263493559,1.4,1,0,-0.02928223188328616,0,-0.0039984962455386075
B0033,171,419,24.0,1.3646098107432565,68.23049053716282,4.200007033569212,3.6947940991123094,1.9584399411299582,3.3720392126554684,0.37886648717943994,1.798635457145711,23.742849999407685,53.22509160340434,37.878182669376734,29.482241603996652,2962.609,4.42895926784493,1.4,1,0,-0.01858019191430227,0,-0.005300131075581538
B0033,172,423,24.0,1.369751365782437,68.48756828912185,4.192454644905032,3.694103480773858,1.8220675972367208,3.362230190450641,0.3897701435553071,1.8064452052591595,23.490899995421167,53.57857958784029,37.905840036253096,30.08767959241912,2957.016,4.422827921835751,1.4,1,0,0.0051415550391804565,1,-0.007770126006203348
B0033,173,425,24.0,1.3867946911071662,69.33973455535832,4.199950861106375,3.6911962581074613,1.7715995765672343,3.3636193969648573,0.3842263561014882,1.8174284963018599,24.865045453897732,54.498255010844275,39.1223902532353,29.633209556946543,2973.281,4.496394678929657,1.4,1,0,0.017043325324729297,1,-0.005395239857545686
B0033,174,427,24.0,1.3918615875742792,69.59307937871397,4.191157886642788,3.6914266805354123,1.8584436263684134,3.3703866336965356,0.3756354740453344,1.8069035214035398,25.557108785052314,54.468132892109516,39.39196447810482,28.9110241070572,2968.016,4.4762404975838725,1.4,1,0,0.005066896467113002,1,-0.004122129393313134
B0033,175,429,24.0,1.377162352180965,68.85811760904825,4.191665895078951,3.694197094424096,1.9792800716788903,3.3756959922995033,0.37298980194144354,1.7968118920638934,25.25564912949632,53.89419947351141,38.80564596554866,28.638550344015087,2959.281,4.435023809079577,1.4,1,0,-0.014699235393314192,0,-0.001205530095318741
B0033,176,431,24.0,1.3599525359390852,67.99762679695426,4.200174099897373,3.695493225426338,1.846857607499265,3.366639210990064,0.38685973625966535,1.8043699219153886,24.106756099697847,53.782251370205934,38.29516028833109,29.675495270508087,2942.797000000006,4.406211375154112,1.4,1,0,-0.017209816241879894,0,-0.000931454960834266
B0033,177,435,24.0,1.379779043170725,68.98895215853625,4.170298376292169,3.690317240506416,1.9297681149166706,3.3707194031916488,0.3734019060215807,1.786760951683061,25.711831993225427,54.80009542618075,39.482066579608755,29.08826343295532,2978.89,4.43389080506095,1.4,1,0,0.019826507231639923,1,0.002005535477657627
B0033,178,439,24.0,1.3631373661966442,68.1568683098322,4.193174474439054,3.6947397139458173,1.9404476337602206,3.368376555569585,0.38142924743717616,1.8055442845093443,24.053455348690875,53.59426450012642,38.22420789035359,29.540809151435546,2948.891,4.421730022048137,1.4,1,0,-0.01664167697408092,0,-0.004731464982104416
B0033,179,441,24.0,1.3652295228794809,68.26147614397404,4.200041332683148,3.69426820007469,1.8078076221500168,3.3605555096355064,0.39195679485565293,1.813761282828491,23.78506073974515,53.860038336831,38.212225319933545,30.074977597085855,2938.547,4.412133739844217,1.4,1,0,0.0020921566828366878,0,-0.005326412938959679
B0033,180,443,24.0,1.3498620694059131,67.49310347029565,4.199734233391325,3.6958174794209437,1.901348395168944,3.3664344500865964,0.3866860543811387,1.8029442633329373,23.67834740256779,53.50394440240513,38.03726842877258,29.82559699983734,2925.484,4.373149571544042,1.4,1,0,-0.015367453473567716,0,-0.0054600565550103845
B0033,181,445,24.0,1.3529504172332432,67.64752086166216,4.199766230715077,3.695398410103413,1.820065501803385,3.360999914466085,0.3925366967624878,1.811671140991288,23.649823472230597,53.71091736477066,38.08745383569629,30.06109389254006,2917.297,4.373299103878856,1.4,1,0,0.003088347827330029,0,-0.0014004237411683995
B0033,182,447,24.0,1.3535740542605128,67.67870271302564,4.199220802674783,3.694674413001038,1.781542687267246,3.359714561556011,0.3941049309578578,1.811173186431671,23.952116135831318,53.96609282803159,38.371162533264,30.013976692200274,2918.938,4.374697814766037,1.4,1,0,0.0006236370272696412,0,-0.005240997782042456
B0033,183,451,24.0,1.3432225183905024,67.16112591952512,4.189337598233517,3.69532700262418,1.8027051007685868,3.360790017915932,0.394448471186666,1.799607080950245,23.855627959874454,53.89601837110568,38.21500087152169,30.04039041123123,2918.25,4.33959994314055,1.4,1,0,-0.010351535870010364,0,-0.0039829695612283444
B0033,184,453,24.0,1.3412081769053426,67.06040884526713,4.199234827601777,3.696081102195805,1.845120981293168,3.364551990412796,0.3908898065192888,1.8000478038107868,23.7564206284893,53.58335886886063,38.068361542357145,29.82693824037133,2915.4839999999967,4.342902341503486,1.4,1,0,-0.0020143414851598873,0,-0.004804269194827659
B0033,185,455,24.0,1.3277389969987805,66.38694984993903,4.199025428944479,3.697323859711627,1.9386542857041755,3.370459024271422,0.3858278952605892,1.7893303733112242,23.71942332452391,53.35830232724686,37.98761504071771,29.638879002722952,2906.015,4.311773348186167,1.4,1,0,-0.013469179906562045,0,-0.004424614481426526
B0033,186,457,24.0,1.329778900445409,66.48894502227046,4.197710813920559,3.6914797451444556,1.8652024206914875,3.3647395351261364,0.388491038474324,1.7980277728829637,23.89969121406837,53.56872781314004,38.3556643629041,29.669036599071674,2894.14,4.312735656585877,1.4,1,0,0.0020399034466285215,0,-0.004634303357566827
B0033,187,459,24.0,1.3356045028702495,66.78022514351247,4.194824465751656,3.6969860247650286,1.9741597310368288,3.3724762289358954,0.37975897986875545,1.7871202282133007,24.953435035187546,54.028944257752215,38.587739723836165,29.07550922256467,2892.031,4.297219596135532,1.4,1,0,0.005825602424840426,1,-0.00359391027805267
B0033,188,463,24.0,1.3177489685711123,65.88744842855562,4.190422468532795,3.6992188472343575,1.9140482800494218,3.3682526298407933,0.3902700502879681,1.7864058289054177,23.567020359572574,53.32084823607714,37.84946765760722,29.753827876504566,2888.719,4.272295676608272,1.4,1,0,-0.01785553429913711,0,-0.005094709963878019
B0033,189,465,24.0,1.317605472474197,65.88027362370985,4.199724031292612,3.6988624962203223,1.9249905185886904,3.368834125820871,0.38890739960604365,1.796295261061998,23.455292302786386,53.15804525272694,37.81892879614016,29.702752949940557,2875.641,4.278534727914037,1.4,1,0,-0.00014349609691532983,0,-0.004720540886229108
B0033,190,467,24.0,1.3185279522072382,65.9263976103619,4.19851840639296,3.698749536561362,1.8483263197000261,3.3643721242108837,0.3935536133649714,1.8053146501565176,23.663649637234847,53.44440984728841,37.98975162560657,29.780760210053565,2860.7810000000027,4.275489217848263,1.4,1,0,0.0009224797330411594,0,-0.0018422089583084666
B0033,191,469,24.0,1.3215397269813982,66.07698634906991,4.199051265280784,3.6983865817874984,1.7964863123561203,3.3599563575039135,0.3976552666674065,1.8145360631140475,23.552314519961094,53.71116793928585,38.110497566784815,30.158853419324757,2852.844,4.278585944439616,1.4,1,0,0.0030117747741600365,0,-0.0016478346928021637
B0033,192,471,24.0,1.3046615372928705,65.23307686464352,4.198244533751371,3.6938600206878487,1.9550178000855183,3.3696602072768207,0.38571033230209223,1.794111926207188,23.691188217801727,53.18757385880901,38.158711514227996,29.496385641007283,2854.64,4.245487922354193,1.4,1,0,-0.016878189688527723,0,-0.006188593115475793
B0033,193,475,24.0,1.3280324770208678,66.4016238510434,4.159853250996576,3.6835244924864714,1.9991954704388994,3.3817276755972934,0.35560536419052063,1.7532558725802958,29.44423285279969,56.49572691828426,41.90171461734474,27.051494065484572,2897.844,4.270624227022414,1.4,1,0,0.02337093972799731,1,0.0020567016899510904
B0033,194,477,24.0,1.3634549770713926,68.17274885356963,4.195184914935837,3.6937224217529874,1.982805388419431,3.379780519797374,0.36534979640188925,1.7969598622906684,27.53247419835349,55.32081069602003,40.72593783748325,27.788336497666542,2896.063,4.37220381740462,1.4,1,0,0.03542250005052483,1,0.009169900919439122
B0033,195,479,24.0,1.3291316747402466,66.45658373701234,4.199286359433009,3.696958361716894,1.8088951260538597,3.365666799367813,0.38874865779957807,1.8148755349981136,25.334269611373774,54.57622829352292,39.388005009279006,29.241958682149143,2866.234,4.328393684394401,1.4,1,0,-0.034323302331146,0,0.0021207445066016906
B0033,196,481,24.0,1.3124201086917682,65.62100543458841,4.1997715267621105,3.6995129931885007,1.8655437173642175,3.3648038854052915,0.39136479706472377,1.8130851501746217,24.273739189580184,54.008789265404765,38.64570917130626,29.73505007582458,2836.609,4.266208174917513,1.4,1,0,-0.016711566048478455,0,-0.0018239236579260076
B0033,197,483,24.0,1.3152825503676357,65.76412751838178,4.199637020490028,3.70104888829149,1.9943670583085842,3.371817482414552,0.38523565628276235,1.8021184116514508,24.071663702754314,53.47500454222108,38.3036813037848,29.403340839466765,2829.516,4.23223397045269,1.4,1,0,0.0028624416758675775,0,0.0021242026149530524
B0034,1,1,24.0,0.7459302957645664,37.29651478822832,3.8542753609711045,3.4610207112838625,2.170439265213917,3.1178767585161347,0.35320697402700135,1.9933552708919002,23.6206484175058,51.867480808484146,38.95836982096889,28.246832390978344,1819.406,2.7862110524439747,1.4,1,0,0.0,0,0.1479439532233407
B0034,2,5,24.0,1.6623217152845853,83.11608576422927,4.18502821716582,3.569719591815537,2.184438966859873,3.3022762078952885,0.2909527056017619,1.9787750682870877,25.268778431951397,53.72590623785784,39.10734156415766,28.457127805906445,3260.531,5.398177084037313,1.4,1,0,0.9163914195200189,1,0.1479439532233407
B0034,3,7,24.0,1.645087369694532,82.2543684847266,4.191011619322131,3.6071779291231323,2.1716683590196997,3.3294991412960915,0.30330720073205014,1.9609699675983687,25.492621628413,54.1404555915866,39.20920805238827,28.6478339631736,3265.75,5.371216421879389,1.4,1,0,-0.017234345590053213,0,0.1479439532233407
B0034,4,9,24.0,1.620729289277574,81.0364644638787,4.190305001839791,3.64052099258842,2.182463026326082,3.349383007098789,0.3175337824610183,1.9366801187559786,24.89762595698616,54.228682107998424,38.936075977838854,29.331056151012262,3264.109,5.295698972474417,1.4,1,0,-0.024358080416958083,0,0.1479439532233407
B0034,5,11,24.0,1.5967402025126005,79.83701012563003,4.190367874669205,3.652480048752134,2.0979416663773915,3.3541317530780055,0.3295352415645201,1.9297094547622624,24.5997983727117,54.17641516112459,38.60445981652459,29.57661678841289,3253.531,5.248256059289235,1.4,1,0,-0.023989086764973466,0,0.1479439532233407
B0034,6,13,24.0,1.4856500618812698,74.28250309406349,4.18989933406868,3.676757555511718,2.177479814637099,3.369692035482086,0.3574495380209283,1.8861362687797627,23.786968470621993,54.09745559724325,37.79484872719341,30.310487126621254,3242.578,5.079766000952549,1.4,1,0,-0.11109014063133071,0,0.1479439532233407
B0034,7,17,24.0,1.4866702197497013,74.33351098748506,4.185971911968939,3.678781964938644,2.164719422934807,3.3729072074215103,0.35920528819610253,1.878804757365194,23.81681118289736,54.03810589370243,37.65277428767197,30.22129471080507,3234.625,5.054789730862124,1.4,1,0,0.0010201578684314594,0,-0.035130299106976806
B0034,8,19,24.0,1.4701330958405268,73.50665479202634,4.191866541196004,3.6806686360197607,2.1685179095920546,3.376976361461993,0.36193295940695036,1.8723946646932934,23.763955948780502,54.56296443841966,37.91666092404816,30.79900848963916,3235.36,5.038259308572346,1.4,1,0,-0.0165371239091745,0,-0.034990854770801064
B0034,9,21,24.0,1.4565041801019636,72.82520900509817,4.188434084515168,3.6816451108930175,2.159913301643853,3.3791099564139215,0.3650113893190344,1.8590611481699029,23.794630442715462,54.47381276284677,37.78228277348195,30.679182320131307,3236.125,4.99766127213039,1.4,1,0,-0.013628915738563174,0,-0.03284502183512208
B0034,10,23,24.0,1.4418961035576472,72.09480517788236,4.188365207945444,3.6832022472958235,2.188985459937614,3.3845619896694177,0.36464064498485405,1.8455810936527,23.757056121442645,54.157190141377896,37.5830936155511,30.40013401993525,3230.25,4.960254580249241,1.4,1,0,-0.014608076544316395,0,-0.030968819790990663
B0034,11,25,24.0,1.4370949588970292,71.85474794485145,4.187976084521654,3.6833176085744532,2.161327607707136,3.383128626739751,0.3685763210383205,1.8444852020549727,23.70040853536262,54.45256615419595,37.550522561172464,30.75215761883333,3226.078,4.942960468307584,1.4,1,0,-0.004801144660617984,0,-0.009711020596848119
B0034,12,29,24.0,1.4458703624967404,72.29351812483702,4.185034202370944,3.6833140017848405,2.140456418044363,3.386094893398141,0.36359331253012755,1.8435455623357722,23.891402870199258,54.20147817586685,37.681954258546924,30.310075305667596,3224.5,4.948124319945106,1.4,1,0,0.008775403599711185,1,-0.008159971450592173
B0034,13,31,24.0,1.4321040545618373,71.60520272809187,4.187829429801273,3.6846237557427806,2.170940246075281,3.3916477322319585,0.3628537400996833,1.8296943355588813,23.911265085043414,53.813937104977754,37.440274736517715,29.90267201993434,3222.188,4.914992356636635,1.4,1,0,-0.013766307934903077,0,-0.0076058082557378896
B0034,14,33,24.0,1.426720633302465,71.33603166512324,4.187844043611793,3.6849724464262725,2.1531556355876535,3.3914152987340267,0.36491451894268895,1.8286913393639905,23.85764446672183,53.84994246144553,37.402773880575964,29.9922979947237,3216.546000000002,4.899352315882558,1.4,1,0,-0.005383421259372412,0,-0.005956709359899737
B0034,15,35,24.0,1.4230846885129826,71.15423442564914,4.186569652343309,3.6863141769347765,2.182519668385055,3.3964131813944722,0.36260744789276605,1.8146842425634808,23.89191138188827,53.61278420241196,37.26498054251945,29.720872820523688,3211.859,4.861209164276414,1.4,1,0,-0.0036359447894822594,0,-0.0037622830089329095
B0034,16,37,24.0,1.4409479522418907,72.04739761209453,4.1865541639430575,3.6863963923634366,2.188496149834977,3.403051791482094,0.3528649832203476,1.8075203268976412,24.174354041470213,53.35590902048553,37.570569601089254,29.181554979015313,3215.859,4.866131087838209,1.4,1,0,0.017863263728908008,1,0.0007705986689722887
B0034,17,41,24.0,1.486901544051865,74.34507720259325,4.184312384911318,3.6830423873655618,2.100542699118501,3.4002648970649156,0.3463068470031465,1.8262934110095792,25.20795153183533,53.83102716771526,38.400250729227935,28.623075635879932,3225.125,4.952836354723441,1.4,1,0,0.04595359180997427,1,0.008206236311024906
B0034,18,43,24.0,1.5245313226850703,76.22656613425352,4.187835929449723,3.6812082149809844,2.1129616454982556,3.402154252869035,0.3360252302640339,1.8395318663142037,26.078914071089713,53.994059646351175,39.102942991019354,27.915145575261462,3234.343,5.019551278433872,1.4,1,0,0.03762977863320538,1,0.018485453624646597
B0034,19,45,24.0,1.4629049605190707,73.14524802595353,4.1873752284934485,3.686358589613999,2.1659225933828385,3.407206655670774,0.34690739818987665,1.8047483945772262,24.967058323514774,53.39429065914855,37.80351021576893,28.42723233563378,3218.25,4.8823810336213835,1.4,1,0,-0.06162636216599959,0,0.007236865443321161
B0034,20,47,24.0,1.4230794508549893,71.15397254274947,4.186173516948595,3.6882253306784873,2.148786443036186,3.404574250610661,0.3568617765224085,1.7960015932329965,24.27110512534749,53.38470633939791,37.356060000664904,29.11360121405042,3203.5,4.816020106495148,1.4,1,0,-0.03982550966408138,0,-1.0475315986635535e-06
B0034,21,49,24.0,1.4051040863603435,70.25520431801718,4.183315149710076,3.6901089691497932,2.1763046045885015,3.4067467727915552,0.35898889543328505,1.781271140675487,23.971350314604905,53.12872869294344,37.06076524279572,29.157378378338535,3194.39,4.758374578374557,1.4,1,0,-0.017975364494645873,0,-0.00716877317630944
B0034,22,53,24.0,1.6329463925070862,81.64731962535431,4.171081212108144,3.5781282282920546,2.11932965334224,3.327594909243545,0.2935643870589456,1.9422337538733419,25.94194242418557,55.80847324293826,39.94613025797719,29.866530818752693,3225.219,5.3134609081631385,1.4,1,0,0.22784230614674272,1,0.02920896969104425
B0034,23,57,24.0,1.5687138208259117,78.43569104129558,4.183218895643307,3.6726261099566706,2.1509974200024624,3.387012528508769,0.3327796219053632,1.8689333525333718,24.882404935008786,55.579127556921776,38.718351533776065,30.69672262191299,3252.985,5.151544275503221,1.4,1,0,-0.06423257168117447,0,0.008836499628168282
B0034,24,59,24.0,1.5149520966053402,75.74760483026701,4.188253513502256,3.6824479095931855,2.1142806141482584,3.39384813983459,0.3466969152155936,1.8406484597706716,24.043221140237748,55.5590605953301,38.131331549186825,31.515839455092355,3245.25,5.042896528529863,1.4,1,0,-0.05376172422057146,0,0.010409427217253908
B0034,25,61,24.0,1.4855182940634626,74.27591470317313,4.186410748975229,3.686018968891642,2.1801548663736754,3.4020764335853744,0.3473378221860366,1.8130113115404307,23.878982303277212,55.43438713431678,37.90482918212311,31.555404831039567,3235.031,4.956027039314052,1.4,1,0,-0.029433802541877663,0,0.012487768641694652
B0034,26,63,24.0,1.480771929049074,74.0385964524537,4.187450299943008,3.686578081733821,2.109657199964041,3.400466282848084,0.3518721722403741,1.8111012727322247,23.895338331970752,55.91432751133226,38.06681078125698,32.01898917936151,3228.141,4.935198332123096,1.4,1,0,-0.0047463650143886316,0,0.015133568537746101
B0034,27,65,24.0,1.484026357317059,74.20131786585294,4.1872902257058735,3.6871314884403414,2.1306422513355594,3.4030809584663944,0.34886300540698256,1.809813107933455,24.090291517706056,55.78439633575717,38.24251669378549,31.694104818051116,3217.875,4.916363749554444,1.4,1,0,0.0032544282679849434,0,-0.029784007038005454
B0034,28,69,24.0,1.4922153055506522,74.61076527753261,4.183661802156081,3.686750485990863,2.1787867991793113,3.4070525055582563,0.3421946484992948,1.802132327160996,24.60782869206996,55.819046085150106,38.56098530062726,31.211217393080148,3220.219,4.915785397393077,1.4,1,0,0.008188948233593285,1,-0.015299703055051905
B0034,29,71,24.0,1.473312924099279,73.66564620496395,4.187305166731797,3.688075165495123,2.1208148015326507,3.4060276994838254,0.34795479201642177,1.800825501537,24.44665229230036,55.81813101636483,38.38922286871294,31.37147872406447,3210.234,4.889365746566807,1.4,1,0,-0.01890238145137313,0,-0.00832783450121224
B0034,30,73,24.0,1.441593178980006,72.0796589490003,4.186448964751095,3.6901622771415754,2.1326343880232206,3.408174888188947,0.3531313755712272,1.7789295191019112,23.945532087642057,55.508529806144075,37.90831705954933,31.562997718502018,3210.546,4.819130256743571,1.4,1,0,-0.031719745119273,0,-0.008785023016691308
B0034,31,75,24.0,1.4225873198015788,71.12936599007894,4.1865382627627215,3.690965415547831,2.080806437045425,3.405126191511401,0.3600724391216024,1.7776809738462258,23.58710381562971,55.810474269938815,37.78900459955153,32.223370454309105,3200.969,4.788823347294247,1.4,1,0,-0.01900585917842723,0,-0.011636921849499026
B0034,32,77,24.0,1.4266489379486664,71.33244689743333,4.186924383380348,3.6918927555831567,2.153621018125857,3.409764436063523,0.353594751322159,1.7758741756780152,23.74742029854323,55.5580463265768,37.868460669545925,31.81062602803357,3188.625,4.776014958442446,1.4,1,0,0.004061618147087609,0,-0.011475483873678494
B0034,33,81,24.0,1.4596775560238577,72.98387780119289,4.18555925571961,3.69045528775458,2.16386574936286,3.410480218060336,0.3478147672012557,1.7820113215152444,24.238197216685375,55.7456104997617,38.32719437027863,31.50741328307633,3191.735,4.812914992026236,1.4,1,0,0.03302861807519131,1,-0.006507549905358889
B0034,34,83,24.0,1.4396159938545154,71.98079969272577,4.1869557307114755,3.6914589971280916,2.110862355108561,3.4102489283524573,0.3523265551399723,1.7740993914343244,24.181214445850472,55.88273287086187,38.222749634083,31.7015184250114,3190.313,4.784254953100325,1.4,1,0,-0.020061562169342295,0,-0.006739386048952722
B0034,35,85,24.0,1.4195512657848512,70.97756328924257,4.187953553733828,3.69484419462526,2.1889361346194556,3.4144357338683236,0.3533120859527023,1.758238315042278,23.728970391939818,55.520919470345916,37.708662488006475,31.7919490784061,3182.156,4.722351101885022,1.4,1,0,-0.020064728069664195,0,-0.004408382639030961
B0034,36,87,24.0,1.4118101714470452,70.59050857235226,4.186573417418747,3.693406095936799,2.076995222056859,3.408669177651725,0.360153710626744,1.7644936008571876,23.648177442106746,56.03798112972515,37.8703638417689,32.38980368761841,3180.156,4.724737527860888,1.4,1,0,-0.007741094337806009,0,-0.002155429670906717
B0034,37,89,24.0,1.4044196701845313,70.22098350922657,4.187221060943136,3.694760595109032,2.138330613016186,3.4118322352896917,0.35633484434950413,1.7625385344166264,23.692116089967907,55.7872631992585,37.83489284744581,32.09514710929059,3171.953,4.710733403259069,1.4,1,0,-0.007390501262513949,0,-0.0044458535528270286
B0034,38,93,24.0,1.4735059098606866,73.67529549303433,4.184778521750498,3.688748107701924,2.163289759388807,3.412313772481234,0.3407674346276511,1.7852478572717474,25.329082225461935,56.29505678813318,39.269306296372,30.965974562671246,3192.172,4.83756167407186,1.4,1,0,0.06908623967615535,1,0.00276567076736578
B0034,39,95,24.0,1.492658600645149,74.63293003225745,4.186128497194753,3.686272741131182,2.011759892668098,3.4055246588869954,0.34357011853689406,1.8061297342260072,26.070815185624948,57.203641711448896,40.1506450904851,31.132826525823948,3194.735,4.89685690664659,1.4,1,0,0.019152690784462356,1,0.01060852135812671
B0034,40,97,24.0,1.4820260149945934,74.10130074972967,4.1861780561954705,3.6890979765352783,2.162343975515107,3.412772999015033,0.34019463536696976,1.7899851853281945,26.000107198212493,56.48442346523092,39.44313364004617,30.484316267018425,3178.75,4.830105923595707,1.4,1,0,-0.010632585650555582,0,0.012494949841948433
B0034,41,99,24.0,1.423575357658995,71.17876788294974,4.185923800763679,3.694474114219967,2.1921995805381784,3.4159307513752806,0.3488973487126684,1.7589356071725388,24.458540144713968,55.71155596776208,38.29706396735563,31.253015823048113,3165.359,4.709307575319049,1.4,1,0,-0.05845065733559851,0,0.0023530372423899324
B0034,42,101,24.0,1.4038252197245347,70.19126098622674,4.187209229680338,3.6958094970374473,2.16034888083278,3.414462463305671,0.35399403780458966,1.7569782611764002,23.948796481551096,55.725184853786985,38.00009263186772,31.77638837223589,3155.25,4.680562358247084,1.4,1,0,-0.019750137934460232,0,-0.0001188900919993241
B0034,43,105,24.0,1.5363173478836125,76.81586739418063,4.17632192115446,3.6790252497049347,2.165521364045302,3.3922002422487143,0.33503397412564767,1.8535747834116671,25.313871057837193,56.68734909187956,39.66453202372922,31.373478034042368,3173.766,4.992748852247705,1.4,1,0,0.13249212815907785,1,0.012562287604585175
B0034,44,109,24.0,1.5440367168176732,77.20183584088366,4.186404586081194,3.679772271279711,2.0714906018792005,3.3972119520639095,0.3353688239056382,1.8470027030693916,26.320500253494163,57.523569542125074,40.503647950320534,31.20306928863091,3199.485,5.031416285481284,1.4,1,0,0.007719368934060666,1,0.010275623234504839
B0034,45,111,24.0,1.507892155360249,75.39460776801245,4.186719390563678,3.685945393225432,2.160000438530016,3.407734218697208,0.33730038665707307,1.809738643568896,25.817393392530448,56.64647124225468,39.602225792574906,30.82907784972423,3196.015,4.917262850886013,1.4,1,0,-0.036144561457424285,0,0.005173228073131098
B0034,46,113,24.0,1.8203060058691092,91.01530029345545,4.267712791687086,3.533767789289108,2.07023691471502,3.3050275542473186,0.28271876092555637,1.951674467634044,27.492078726346985,61.22071154968515,43.00893271743553,33.72863282333816,3595.281,5.976481592275429,1.4,1,0,0.3124138505088603,1,0.07934612964202285
B0034,47,117,24.0,1.5936575758226643,79.68287879113322,4.183147061073988,3.6346124948481884,2.0513249674406295,3.350291194323394,0.32670882126987183,1.9208770535561435,25.867187355726315,58.28488787096781,40.64495633031262,32.41770051524149,3198.0,5.191880068276738,1.4,1,0,-0.22664843004644486,0,0.03796647121962593
B0034,48,119,24.0,1.533070464968097,76.65352324840485,4.186094144264648,3.6762412624294756,2.126099692893142,3.378826251452736,0.34577949983937906,1.8756334454613608,24.879021800635957,57.592019665372526,39.63966215341089,32.712997864736565,3183.516,5.039448418709611,1.4,1,0,-0.06058711085456725,0,-0.0006493765831030896
B0034,49,121,24.0,1.4862143093107285,74.31071546553642,4.186530263556706,3.684067305073578,2.1895562891910765,3.3905180732853615,0.35031725597441127,1.8375586042336385,24.50767925297907,57.28443182001311,39.16680148065847,32.77675256703404,3183.797,4.9339677215194895,1.4,1,0,-0.04685615565736856,0,-0.011564481501388935
B0034,50,123,24.0,1.5029318848267783,75.14659424133892,4.185388369887496,3.6821740915898094,2.074340759266504,3.387526907959532,0.35126275343655844,1.8377216600929431,24.90487757765792,57.872088061267284,39.82254974386062,32.967210483609364,3191.516,4.944391824016423,1.4,1,0,0.0167175755160498,1,-0.000992054106694118
B0034,51,125,24.0,1.5202185406928062,76.0109270346403,4.186540363518264,3.680780727872025,2.1265733975652816,3.3911818711119515,0.3411810509394167,1.8447646924855279,26.168294081196557,58.01475740778219,40.67552783597674,31.846463326585635,3189.985,4.98010996752123,1.4,1,0,0.017286655866027845,1,-0.060017493035260605
B0034,52,129,24.0,1.5118194735004464,75.59097367502233,4.182873974713039,3.682019900459505,2.062739747604538,3.390835631837091,0.3459934906417769,1.8363998169086417,26.434837838562657,58.312052179468594,40.582538417129676,31.877214340905937,3189.734,4.946490101154973,1.4,1,0,-0.008399067192359722,0,-0.016367620464443577
B0034,53,131,24.0,1.464601301820905,73.23006509104525,4.183550817744195,3.6865825470686953,2.1030377322448675,3.396934021472626,0.35314192155049984,1.8048569444391065,25.237731252945544,57.74556007237976,39.684346755235566,32.507828819434216,3176.016,4.830004378229691,1.4,1,0,-0.047218171679541454,0,-0.013693832629438418
B0034,54,133,24.0,1.4546140961511749,72.73070480755874,4.1861820620734616,3.687845770901311,2.1244761059896846,3.3994906529891598,0.3543496535665387,1.7965459276527906,25.01535733928186,57.59063118746153,39.47995207463314,32.57527384817968,3171.36,4.7985356710052836,1.4,1,0,-0.009987205669730104,0,-0.006320042631910727
B0034,55,135,24.0,1.4333400490204142,71.6670024510207,4.184762302875813,3.687847958571749,2.0601307559265187,3.3981483429417363,0.3593788351971245,1.788026401638822,24.862290749499962,57.760237316191684,39.48992781243277,32.89794656669172,3170.843,4.766529112802805,1.4,1,0,-0.021274047130760643,0,-0.013918367161272815
B0034,56,137,24.0,1.4493262346396159,72.4663117319808,4.185022396532557,3.6875307058867146,2.066307670696809,3.3988819411159534,0.3549830733289258,1.7945055340922254,25.247118919096376,57.843854984407734,39.852310270589804,32.59673606531136,3164.672,4.782794713423027,1.4,1,0,0.01598618561920162,1,-0.01417846121063806
B0034,57,141,24.0,1.495199821798908,74.7599910899454,4.183906394520297,3.685293941842625,2.063118102136468,3.3979295593430394,0.34753903976165357,1.8100461507144519,26.38591994823214,58.50818415025991,40.873690307547484,32.122264202027765,3177.453,4.858511179767552,1.4,1,0,0.04587358715929213,1,-0.00332393034030769
B0034,58,143,24.0,1.4720590241846008,73.60295120923004,4.18478065365082,3.686634681165349,2.015578277968309,3.3987236708202504,0.3516426437173529,1.8015755609908257,26.53466908282157,58.39804679399696,40.55984735939729,31.863377711175392,3172.375,4.823841550167061,1.4,1,0,-0.023140797614307207,0,0.001491544472739159
B0034,59,145,24.0,1.4097383014648728,70.48691507324364,4.184572904357356,3.6929433567265035,2.1825208655708153,3.4080267118315724,0.35683069391971145,1.7534624908973893,24.70011610941673,57.19671566450291,38.988662122088876,32.49659955508618,3158.406,4.659890044508326,1.4,1,0,-0.062320722719727994,0,-0.008975158937260419
B0034,60,147,24.0,1.3861944181384176,69.30972090692087,4.18617507115644,3.694993239040884,2.177635067318021,3.4076313780555267,0.36104457651077476,1.7513348268515343,24.290893917281362,57.093582209047106,38.71511147644418,32.80268829176575,3141.578,4.622977716162523,1.4,1,0,-0.023543883326455184,0,-0.009429126176399327
B0034,61,149,24.0,1.3624125407550536,68.12062703775268,4.185511777611227,3.69650916093345,2.1675497721171437,3.407885887358127,0.3643903723092391,1.7425277851045473,24.0376303901118,57.056434523826645,38.51149851182021,33.018804133714845,3138.187,4.58613069299996,1.4,1,0,-0.023781877383364014,0,-0.017382738776912453
B0034,62,153,24.0,1.4471377445077278,72.35688722538639,4.184793360238704,3.68887412600704,2.0235981843621835,3.4003875411941866,0.35687111643317954,1.782680833777068,25.39144286008065,57.99096942950453,40.112479285456395,32.59952656942388,3157.969,4.738177034694674,1.4,1,0,0.08472520375267423,1,-0.009612415458236035
B0034,63,155,24.0,1.4554483390450048,72.77241695225024,4.181287766887205,3.687864833147013,2.184010507272112,3.4076622967245975,0.343583027342952,1.7740918104733483,26.542766505120174,58.16328313862759,40.84012758949483,31.620516633507417,3159.281,4.746713838885401,1.4,1,0,0.008310594537277005,1,-0.003322137027919192
B0034,64,157,24.0,1.4423952167302958,72.11976083651479,4.186738174269114,3.689635045129931,2.0392577121107047,3.4032529056881784,0.354380472614341,1.7809841749397886,26.324548862325166,58.29542391419101,40.348969230016365,31.970875051865846,3150.375,4.733820851117551,1.4,1,0,-0.01305312231470901,0,0.006531383053084605
B0034,65,159,24.0,1.377541945989605,68.87709729948025,4.185676926963049,3.695738523410934,2.0999808615526177,3.406174357529073,0.3641455000131914,1.7471880211297464,24.533752258308116,57.375182540416354,38.95729074496056,32.841430282108234,3134.078,4.595237215873414,1.4,1,0,-0.0648532707406908,0,-0.0017304944297625191
B0034,66,161,24.0,1.3539935892900532,67.69967946450267,4.183540384328263,3.6966933733569296,2.063136946201327,3.4049736944362246,0.3690328986359115,1.7381475651358784,24.16478875458729,57.42041259082052,38.73711200799833,33.25562383623323,3129.797,4.556224804859717,1.4,1,0,-0.023548356699551798,0,-0.001683790293000076
B0034,67,165,24.0,1.5509038861664448,77.54519430832224,4.173127150790551,3.65211969312403,2.120762756881349,3.3580774287935817,0.33344063996609996,1.8824246476342092,24.866479127721593,57.71520595046742,40.231060876384255,32.84872682274583,3161.89,5.015335454077421,1.4,1,0,0.1969102968763916,1,0.020753228331743402
B0034,68,169,24.0,1.5562932697752867,77.81466348876434,4.183913051884235,3.6707091289011076,2.19170788700899,3.38250056099739,0.33243708740382455,1.8524024614367005,26.211618143788463,58.17136403259683,40.929553501935686,31.959745888808364,3196.859,5.020357712974118,1.4,1,0,0.005389383608841891,1,0.02016898614605638
B0034,69,171,24.0,1.5067526605064707,75.33763302532354,4.185455613390746,3.6815342214187607,2.1203887966971293,3.390086865994553,0.34616655299360993,1.82653591475856,25.622787886920637,57.753084428922655,39.993709319022244,32.130296542002014,3171.906,4.895143309548978,1.4,1,0,-0.04954060926881598,0,0.012871488755234983
B0034,70,173,24.0,1.444138733302766,72.2069366651383,4.183582231077479,3.6866524993296825,2.0630039985317543,3.392978809154906,0.3592247068218171,1.793004404774759,24.45092086263077,57.5103657978898,39.1022619385273,33.05944493525902,3160.8429999999935,4.764719696577878,1.4,1,0,-0.06261392720370473,0,0.013319357462632197
B0034,71,175,24.0,1.4144103811292437,70.72051905646218,4.183035133274732,3.6900109121532414,2.1811524820912926,3.400527096110287,0.3584099861227993,1.767981180147508,24.01694812582096,56.86348453612092,38.63703610404588,32.84653641029996,3147.141,4.674042964153883,1.4,1,0,-0.02972835217352232,0,0.012083358367838092
B0034,72,177,24.0,1.3897574212362729,69.48787106181365,4.184231960595375,3.6916342367055286,2.155432405052415,3.4009920061492966,0.3629029783444623,1.7592553782469809,23.764797027402782,56.97607576818629,38.457946337552535,33.21127874078351,3141.203,4.635550929863931,1.4,1,0,-0.024652959892970783,0,-0.032229292986034386
B0034,73,181,24.0,1.449968311475299,72.49841557376496,4.1839152437949645,3.6869724804919732,2.0671609840346776,3.395963139634734,0.3552265806757272,1.7913624328840858,25.126150529910998,57.956995411354825,39.988534225003114,32.830844881443824,3151.047,4.751496764747742,1.4,1,0,0.06021089023902615,1,-0.021264991659997533
B0034,74,183,24.0,1.4678653068012166,73.39326534006084,4.184717109573573,3.6857312238547992,2.1233368877812127,3.399629787670528,0.34687580677357,1.791336126982861,26.338198948832957,58.3663921180059,40.84025138634754,32.02819316917294,3159.172,4.7814768950406,1.4,1,0,0.017896995325917597,1,-0.007777470741050818
B0034,75,185,24.0,1.4290644310445066,71.45322155222533,4.184006161598658,3.6895858060904385,2.032509026773449,3.3983167205445777,0.36040304735308965,1.7734094053339464,25.148680870013376,57.883249801186295,39.64173378499159,32.734568931172916,3141.047,4.681189044478081,1.4,1,0,-0.038800875756709985,0,-0.0030148604516518685
B0034,76,187,24.0,1.376744834668327,68.83724173341635,4.182749347441237,3.692893871183382,2.0100958477489637,3.398539512076107,0.37031008838571106,1.747723781773115,24.03742793057767,57.62604602919208,38.82196729294636,33.58861809861441,3135.0310000000027,4.58552080638277,1.4,1,0,-0.052319596376179556,0,-0.007533109292183315
B0034,77,189,24.0,1.3515813262521057,67.57906631260528,4.182137288697796,3.6969175152115956,2.1845053475658913,3.4065465230061798,0.3659171324749039,1.7290932853839172,23.682035505485516,56.803768142247485,38.27601981086532,33.12173263676197,3117.984,4.5160844066454775,1.4,1,0,-0.025163508416221392,0,-0.007635218996833437
B0034,78,193,24.0,1.353993472828928,67.6996736414464,4.1833235259541075,3.697403360677615,2.1991319506434475,3.4067781130872956,0.3655810893267727,1.7291042035547066,23.476440459224182,56.88027382398077,38.30615482092432,33.40383336475659,3125.328,4.523698754957141,1.4,1,0,0.002412146576822316,0,-0.019194967729274204
B0034,79,195,24.0,1.3577165116893766,67.88582558446883,4.18535045289718,3.696508313437771,2.1256164107912863,3.4044214192090116,0.36740222980980614,1.736102566926026,23.745377412262677,57.11228470728586,38.50347850214561,33.36690729502318,3120.172,4.535656792562707,1.4,1,0,0.0037230388604485576,0,-0.022029759022368013
B0034,80,197,24.0,1.334169315351027,66.70846576755135,4.182766239696235,3.6973695432748106,2.0595928588832932,3.4020136665550305,0.37399786491906367,1.7267121342258214,23.349041384364785,57.23777746505438,38.25735173096823,33.8887360806896,3116.641,4.494150181620725,1.4,1,0,-0.023547196338349563,0,-0.018979023138695927
B0034,81,199,24.0,1.3372147888783987,66.86073944391994,4.181782187808557,3.698565441760067,2.196715966153447,3.408929572366065,0.3659791397629172,1.7171808120951697,23.583280651048277,56.79550408983589,38.29433048905591,33.21222343878761,3110.844,4.475384392021979,1.4,1,0,0.0030454735273717226,0,-0.007906009157985672
B0034,82,201,24.0,1.339045224276927,66.95226121384636,4.185467467204124,3.7001578603511764,2.179169443366329,3.407512024075691,0.36843896337633836,1.7243536634662822,23.456477601865824,56.74357378980126,38.19006452807094,33.28709618793543,3101.406,4.478584645360941,1.4,1,0,0.0018304353985283406,0,-0.002507220395035725
B0034,83,205,24.0,1.3439244604756322,67.19622302378161,4.180805215482706,3.697647020957797,2.0729178734316847,3.4012246723873067,0.3734976697868644,1.7314101258115537,23.400188076894867,57.1850535860252,38.326737735855446,33.78486550913033,3099.563,4.4836967826099245,1.4,1,0,0.004879236198705117,0,-0.002013802470659165
B0034,84,207,24.0,1.3454786192090245,67.27393096045122,4.1854178694827215,3.698302552639697,2.0585536221704452,3.4019343263921806,0.37402978145330523,1.7315588125572303,23.39996123171042,57.131636004992664,38.326112920062165,33.73167477328224,3104.64,4.489637545603193,1.4,1,0,0.0015541587333922635,0,-0.002447578496070424
B0034,85,209,24.0,1.3482263029682544,67.41131514841273,4.18465855924667,3.6999187144653845,2.1859283824053053,3.4080993396118826,0.3674792317231355,1.7218693596318888,23.60972405829791,56.68621589748299,38.2504483640825,33.07649183918508,3099.875,4.467457010583345,1.4,1,0,0.0027476837592299574,0,0.0028113975234454803
B0034,86,211,24.0,1.3373192299576058,66.86596149788029,4.184776951807234,3.6989950932046773,2.047929270109934,3.4012585484878985,0.3758659116232624,1.7290075860455774,23.276456947851614,57.14457415944487,38.2552215314073,33.86811721159326,3093.25,4.462742875057647,1.4,1,0,-0.010907073010648638,0,2.0888215841408098e-05
B0034,87,213,24.0,1.3402523341553034,67.01261670776518,4.184920385211051,3.6984005095945145,2.0282334120244614,3.400118948427692,0.375142059792088,1.7363791085179334,23.51412847695946,57.289854087208134,38.4827926779255,33.77572561024867,3086.688,4.475071143857857,1.4,1,0,0.0029331041976976557,0,0.00024142197567527112
B0034,88,217,24.0,1.3290965682379121,66.4548284118956,4.181326694340018,3.7001372346167085,2.128944717359417,3.4044380735101045,0.37237093806325683,1.719228099598437,23.304801188973578,56.90074118043176,38.208311929566015,33.59593999145818,3094.281,4.443161504790347,1.4,1,0,-0.011155765917391314,0,-0.002965578447544015
B0034,89,219,24.0,1.3323485655766352,66.61742827883175,4.184446438207182,3.6995647202678423,2.080780257241255,3.4027761465827293,0.37372718815332134,1.7265727401462612,23.41547578713875,57.126183132620525,38.37963443029051,33.71070734548178,3088.328,4.454339500498795,1.4,1,0,0.003251997338723056,0,-0.0026260107264778564
B0034,90,221,24.0,1.3501541310555516,67.50770655277758,4.185605719737862,3.6986748227138766,2.18178697368346,3.407661438923026,0.3644346419805944,1.726654599534716,23.984891529990932,57.09006956503022,38.847888287026734,33.10517803503929,3095.687,4.482718892564588,1.4,1,0,0.01780556547891643,1,0.00038556561745943795
B0034,91,223,24.0,1.381523441054128,69.0761720527064,4.188177492671976,3.695807960223112,2.1600430451609207,3.406219322901771,0.36014378952785037,1.7439880801204648,24.79113634686574,57.56129571557157,39.55793696996327,32.770159368705826,3102.062,4.546245430652878,1.4,1,0,0.031369309998576345,1,0.008840842219304434
B0034,92,225,24.0,1.3835971952817807,69.17985976408903,4.181845471289827,3.6937670917926937,2.0578741386350488,3.403483836522725,0.361199131963742,1.7439039797874396,25.6128390117907,58.12885115554352,39.995989656775905,32.51601214375282,3107.141,4.551642707955429,1.4,1,0,0.0020737542276527687,0,0.008668972225295456
B0034,93,229,24.0,1.3301161862080901,66.5058093104045,4.180083219210065,3.6982766329689043,2.0545776989805833,3.401643655881062,0.37339479229168565,1.7240232458512306,23.785855051860043,57.35750604508094,38.637111363644244,33.5716509932209,3090.719,4.448925711160957,1.4,1,0,-0.05348100907369058,0,0.00020392359403560435
B0034,94,231,24.0,1.3176982121703233,65.88491060851617,4.1821779958572005,3.701305206194247,2.0610721424538947,3.401100143150002,0.37793902776325977,1.721576289861668,23.159730827647774,57.07647448385972,38.17458507378806,33.91674365621195,3069.812,4.404346366224462,1.4,1,0,-0.012417974037766788,0,-0.0029300706812623646
B0034,95,233,24.0,1.3063657719651272,65.31828859825636,4.183669811318627,3.704460375412854,2.1769630360366774,3.406245698013471,0.3751691670313866,1.7115354875979534,22.914541519390408,56.56265009891403,37.84309122903104,33.64810857952362,3064.437,4.3743660784006755,1.4,1,0,-0.011332440205196193,0,-0.00875767181808489
B0034,96,235,24.0,1.3381567383793782,66.90783691896891,4.1828283000910265,3.6991602276823894,2.123117073996824,3.404609654515602,0.3693917888271339,1.7218364755496434,23.684946508038756,57.16856231635899,38.7849806497393,33.48361580832023,3083.25,4.439178217219985,1.4,1,0,0.031790966414251054,1,-0.008673340534949947
B0034,97,237,24.0,1.3563258092165067,67.81629046082533,4.18511444486662,3.6962286900083554,1.992728560786441,3.3978374456616303,0.37203535158484086,1.746424610116049,24.220736022753695,57.902838661735686,39.47058624854092,33.68210263898199,3076.484,4.493919750550901,1.4,1,0,0.018169070837128487,1,-0.005454277213054803
B0034,98,241,24.0,1.3648997529550058,68.24498764775029,4.183402573013137,3.694994804805415,1.9677573642714887,3.3958647763622594,0.3720821888402611,1.7536351163253248,24.763738375202024,58.115178902093014,39.61654428235802,33.35144052689099,3081.297,4.523152744551199,1.4,1,0,0.008573943738499068,1,0.0069567133493831255
B0034,99,243,24.0,1.3337639975535058,66.68819987767529,4.184543366342335,3.7011080580114517,2.1243524375356397,3.4029256137765205,0.3730986629314619,1.7265318546475839,23.61904245521269,56.98035659049231,38.42381623938057,33.36131413527963,3065.953,4.421173714372487,1.4,1,0,-0.03113575540149993,0,0.003213157076636497
B0034,100,245,24.0,1.3060123668658763,65.30061834329382,4.18481289618272,3.7037621408646824,2.1817137827751827,3.4052852363977686,0.37379389978575606,1.716350035591278,23.14750586872684,56.672084425511734,38.11461669687029,33.524578556784896,3055.828,4.3796437112755,1.4,1,0,-0.027751630687629536,0,-7.068101985017173e-05
B0034,101,247,24.0,1.3101868361375808,65.50934180687904,4.182816385597531,3.701686498427063,2.087539695609617,3.4007629589889867,0.37682602890181,1.7241037426046357,23.241477117987625,57.04472631715234,38.33391837467719,33.80324919916471,3051.468,4.388763416301323,1.4,1,0,0.004174469271704506,0,-0.005593980448359482
B0034,102,249,24.0,1.3567668941696103,67.83834470848052,4.182086976575588,3.697139339087963,2.068960188840925,3.4011297944340977,0.36877365393172956,1.7342683107975019,24.36549586778333,57.64730160708694,39.42514383600653,33.28180573930361,3069.0,4.4570519115686125,1.4,1,0,0.04658005803202947,1,8.821699062071531e-05
B0034,103,253,24.0,1.3916857433587717,69.58428716793858,4.181559459677035,3.6935708706933137,2.0596285731276476,3.399331416433363,0.3633305303838452,1.7519686144906164,25.42968156748701,58.29336025761747,40.315066740163225,32.86367869013046,3079.235,4.531550748335035,1.4,1,0,0.03491884918916144,1,0.005357198080753189
B0034,104,255,24.0,1.3629935079344777,68.14967539672388,4.182529313505233,3.696185500839972,1.9953872570984859,3.3981521617785853,0.3714736791341355,1.741676575046759,24.759695537233807,57.95445943311949,39.53448316157278,33.194763895885686,3070.344,4.4751991922587475,1.4,1,0,-0.028692235424294,0,0.0058459020761943755
B0034,105,257,24.0,1.3211711973900628,66.05855986950314,4.184076013914204,3.7025959863203344,2.1529421051579973,3.4035091903916523,0.3736614739227387,1.7213583653193913,23.55536972504944,56.91514213395795,38.37203224972586,33.35977240890851,3051.4839999999967,4.385224620565973,1.4,1,0,-0.041822310544414876,0,0.003031766104837308
B0034,106,259,24.0,1.3074869015593356,65.37434507796678,4.184435637134828,3.7022153440382595,2.0405401202035574,3.3990218794534157,0.38039868580780545,1.7213431863858566,23.15733332811672,57.19634917626827,38.3101923015924,34.03901584815155,3054.812,4.377159725156721,1.4,1,0,-0.013684295830727278,0,-0.0005399869156490489
B0034,107,261,24.0,1.3105881895483489,65.52940947741745,4.182198079486951,3.7036864360029376,2.197033181830859,3.4057934055092884,0.3728672541476979,1.7112341030733693,23.325582324453944,56.74944920850043,38.27774779605142,33.42386688404649,3046.532,4.354042179509745,1.4,1,0,0.003101287989013324,0,-0.009235740924252278
B0034,108,265,24.0,1.376312668196664,68.8156334098332,4.18257252176705,3.6938099702610048,1.9756647286286777,3.3956244120578263,0.36839066731690007,1.756916276698593,25.494805919687078,58.608348897573435,40.334191485925615,33.113542977886354,3071.782,4.526484783344347,1.4,1,0,0.0657244786483151,1,-0.003074615032421546
B0034,109,267,24.0,1.391764929132287,69.58824645661436,4.184144535847567,3.6932965757997533,2.083403258487322,3.400151892919731,0.36015637320282223,1.757472358582005,26.140582124289093,58.69313490028398,40.79229920392578,32.55255277599488,3074.532,4.542968177634956,1.4,1,0,0.01545226093562313,1,0.00575428423956188
B0034,110,269,24.0,1.3649746353453525,68.24873176726763,4.183522485643733,3.695452176566573,1.9776004444482063,3.395401002342427,0.3713052294494829,1.7545789749302803,25.236639467278017,58.287617732907975,39.99900717802979,33.05097826562996,3053.656,4.485748096740359,1.4,1,0,-0.02679029378693465,0,0.008760687591057924
B0034,111,271,24.0,1.3219093937291897,66.09546968645948,4.182564922322223,3.7009994943377995,2.0648428293008756,3.3978188140801495,0.3766626637007517,1.7346140728561315,23.821951695157907,57.38456939785952,38.793911542282345,33.562617702701615,3031.953,4.387136842391155,1.4,1,0,-0.043065241616162764,0,0.002884498433970828
B0034,112,273,24.0,1.3090033888073913,65.45016944036956,4.184775055814293,3.7010357462672365,1.966575784508242,3.392562018908607,0.38410193126352715,1.7419815147499944,23.398956258521324,57.58115209169171,38.67005005769116,34.18219583317039,3023.5,4.382018540021138,1.4,1,0,-0.012906004921798386,0,-0.0003169601481915141
B0034,113,277,24.0,1.3327005721973733,66.63502860986867,4.182256888930097,3.701365373204017,2.1711822809863026,3.40172041057263,0.3724017018288093,1.7240372988847368,23.556684182579744,57.13289738293001,38.826649526191886,33.57621320035027,3042.703,4.380590529906716,1.4,1,0,0.023697183389981946,1,-0.008722419199858144
B0034,114,279,24.0,1.7423975189669398,87.11987594834699,4.444554927574261,3.721540020582682,2.069253006874651,3.483606791060758,0.3434164937405887,1.513912006764154,27.196423537639372,61.43732341776916,40.05350414099234,34.24089988012979,4424.203,5.755868218739938,1.4,1,0,0.4096969467695666,1,0.07012651796693055
B0034,115,283,24.0,1.37734756281946,68.867378140973,4.1818300082740905,3.6949376188800214,2.1429326564674485,3.4027541068274787,0.3605103839967495,1.7448643036753848,25.386985109640076,57.73883179659806,39.89751111071057,32.351846686957984,3066.766,4.499402527704703,1.4,1,0,-0.3650499561474798,0,0.002474585494821513
B0034,116,285,24.0,1.34875988767775,67.4379943838875,4.182851214537815,3.6970850979105725,2.0661656290024695,3.399518032588874,0.3687369554872807,1.7422904387538094,24.449893699541676,57.386080612263264,39.197243061406944,32.93618691272159,3046.125,4.4429877014533785,1.4,1,0,-0.02858767514171001,0,0.005370098789712063
B0034,117,287,24.0,1.3501504559881146,67.50752279940573,4.183452701161303,3.6998729715709247,2.1996082620797504,3.4048948132853294,0.3652962096940128,1.7317655890635542,24.230377062519604,56.89633685865634,38.90698912730004,32.66595979613673,3033.625,4.405538725725354,1.4,1,0,0.0013905683103645483,0,0.00822941343614465
B0034,118,289,24.0,1.3387814875085953,66.93907437542977,4.184086373500983,3.6990328426629033,2.0698222657269465,3.3989458032986057,0.3721186269639581,1.7394712458278938,24.025867678024085,57.238769179765264,38.91493347992841,33.21290150174118,3028.562,4.406546919230623,1.4,1,0,-0.011368968479519292,0,0.0012161830622444026
B0034,119,291,24.0,1.3253371210402685,66.26685605201342,4.180084668986179,3.6997588410151243,2.1637591808058576,3.402552549263599,0.36873212823783624,1.7291852801439969,23.960864075123077,56.92287178370967,38.753372299612906,32.96200770858659,3020.984,4.370009727578996,1.4,1,0,-0.013444366468326807,0,-0.08341207958533428
B0034,120,295,24.0,1.3308160596334049,66.54080298167024,4.182272685375916,3.697526032971068,1.9665760341302796,3.3917372089469744,0.37788647094705236,1.7552053099717762,23.932791955381077,57.63060311370659,39.091854428154555,33.697811158325514,3017.391,4.420960634421331,1.4,1,0,0.005478938593136418,1,-0.009306300637211029
B0034,121,297,24.0,1.333083376618503,66.65416883092516,4.183571382297645,3.699390915279102,2.0993400599564533,3.399163910018903,0.37198232407029475,1.737149313452521,23.91798513501662,57.01462861282404,38.79791433490267,33.09664347780742,3022.14,4.391046260703605,1.4,1,0,0.002267316985098189,0,-0.003135302211849389
B0034,122,299,24.0,1.3333226534895923,66.66613267447961,4.183678963001913,3.699143930272442,2.051523215347617,3.3961519106185554,0.37490965347626387,1.7450526641182944,23.85580920819036,57.17373710163345,38.87342544692156,33.317927893443084,3009.016,4.38666252253069,1.4,1,0,0.00023927687108926676,0,-0.0033655604997044454
B0034,123,301,24.0,1.3264281097516475,66.32140548758237,4.183626166105732,3.700383951180837,2.127535513157563,3.3999185413871995,0.37224712763275075,1.7342053921612108,23.837593538860677,56.96912010183172,38.72429474171124,33.13152656297105,3014.672,4.371347750669045,1.4,1,0,-0.006894543737944847,0,-0.0024706755513895563
B0034,124,303,24.0,1.323971040986857,66.19855204934285,4.181576984850351,3.700274823663255,2.0823277676119383,3.397850235603045,0.3747384474446145,1.7344236592760864,23.757885610171712,57.103594586187974,38.693927613601694,33.34570897601626,3010.703,4.3584122127236915,1.4,1,0,-0.00245706876479046,0,-0.0002732160106822867
B0034,125,307,24.0,1.3249364225071156,66.24682112535578,4.181291322139056,3.7006780385761195,2.1365617064803337,3.399278705498605,0.37222493331542544,1.7344675718165805,23.862096030039655,57.068326741336485,38.83689474258564,33.206230711296826,3011.75,4.365158510167977,1.4,1,0,0.0009653815202586014,0,-0.00117592742525785
B0034,126,309,24.0,1.3283067675570923,66.41533837785461,4.181374592570342,3.698986597552277,1.9941210557405098,3.393991029909916,0.37789405609957344,1.7422959477100837,23.941103199980912,57.42601185667435,38.98262569198278,33.484908656693435,3005.734,4.367403010652801,1.4,1,0,0.0033703450499766863,0,-0.0009553218122821505
B0034,127,311,24.0,1.314584348909226,65.7292174454613,4.184561249691651,3.699797664766319,1.9772527709370782,3.3920728040875394,0.3801219628139757,1.750607068915268,23.891588699661355,57.61101162387096,39.051031869034375,33.7194229242096,2993.75,4.371549232257056,1.4,1,0,-0.013722418647866386,0,-0.003747660916073281
B0034,128,313,24.0,1.3166841798543303,65.83420899271651,4.183605741258281,3.7016448341550214,2.126873333723975,3.3991110461098466,0.3745652158276003,1.7318011089547243,23.834580658119705,57.13778358983724,38.79001119015603,33.303202931717536,2998.125,4.337429252443285,1.4,1,0,0.002099830945104353,0,-0.001948785979463441
B0034,129,315,24.0,1.3041727649654073,65.20863824827036,4.184759199835684,3.7013241405938473,2.0395114895210718,3.395190942431077,0.3788185092461381,1.7399925580186633,23.795363652282692,57.23603082155364,38.89401391225135,33.44066716927095,2990.859,4.342559447417427,1.4,1,0,-0.012511414888922934,0,-0.003959655204289936
B0034,130,319,24.0,1.3534450073572306,67.67225036786154,4.181703662668309,3.697000618515456,2.0358214749013905,3.3964846031258618,0.37049402486647665,1.7427011000827153,24.95061784926869,58.39093066235441,40.171574663158054,33.44031281308572,3024.453,4.413334631412981,1.4,1,0,0.04927224239182326,1,0.005701716970022997
B0034,131,321,24.0,1.371294082513786,68.5647041256893,4.184099784769044,3.693786834919276,1.9730425062614987,3.394474869519725,0.3672121915754649,1.7611850183091633,26.383076500084766,58.90073826779548,41.036063659744045,32.51766176771072,3030.765,4.480111371922043,1.4,1,0,0.017849075156555427,1,0.008597462991338744
B0034,132,323,24.0,1.357699321922511,67.88496609612555,4.183085983606556,3.6961517873105163,2.0280193684749017,3.396433031795198,0.3682987390428935,1.7510127934789865,25.80947699877746,58.27129279916865,40.43961489235273,32.46181580039119,3020.813,4.434636963466097,1.4,1,0,-0.013594760591274957,0,0.00862299460265703
B0034,133,325,24.0,1.3286903090919502,66.43451545459752,4.183090426902681,3.698604493598102,1.9435482703621492,3.391155270712207,0.38005544719190654,1.7476808993643003,24.614714162928127,58.03064804249352,39.651877682602084,33.41593387956539,2998.156,4.369803700077971,1.4,1,0,-0.0290090128305609,0,0.00240122584752398
B0034,134,327,24.0,1.3143943268181724,65.71971634090862,4.184001846460157,3.701548731599884,2.0636905936063763,3.395487164367482,0.3778446402934429,1.737132841849628,24.080444454924347,57.376456720947886,39.179107326892364,33.29601226602354,2986.766,4.327712364154028,1.4,1,0,-0.014295982273777819,0,0.002044312370553003
B0034,135,331,24.0,1.3866783030110723,69.33391515055362,4.172932987709618,3.689974457912647,1.9437968709766946,3.3795305779550775,0.37436144319736553,1.7833514969895126,24.687432563106967,58.48728985101988,40.11810121003218,33.799857287912914,3032.328,4.521647258830555,1.4,1,0,0.07228397619289995,1,0.00664665913076834
B0034,136,335,24.0,1.3868330458429208,69.34165229214604,4.181768359109135,3.691048514594982,2.071041778175654,3.392303218262864,0.36219923204953647,1.7702350019120185,25.7688641707561,58.63748276638773,40.80596825835928,32.86861859563163,3047.703,4.533951327234174,1.4,1,0,0.0001547428318484645,0,0.0031077926658269472
B0034,137,337,24.0,1.3548037379291014,67.74018689645507,4.182301042571854,3.6963590869893626,2.185338383273266,3.4001334063326003,0.36401944438974265,1.7401783923806777,25.051904263751346,57.63608525053667,39.68459882372221,32.58418098678532,3034.968,4.430076645220511,1.4,1,0,-0.032029307913819416,0,-0.0005791167986819445
B0034,138,339,24.0,1.3255787669951669,66.27893834975835,4.178121720093713,3.69722539584919,2.0310061849780774,3.393642423268678,0.37538320806870185,1.7373454408025162,24.420038754220744,57.60594379182819,39.35391690299883,33.18590503760744,3011.7339999999967,4.367054655464034,1.4,1,0,-0.029224970933934502,0,-0.0006223084193566653
B0034,139,341,24.0,1.3119728676377553,65.59864338188777,4.181856458554027,3.7007900412832697,2.1906611266270994,3.401001567788519,0.370934410528928,1.726421739308256,24.148041243686954,56.80159282025973,38.774974385595264,32.653551576572774,3002.922,4.336097379980405,1.4,1,0,-0.013605899357411522,0,-0.0004842918360834059
B0034,140,343,24.0,1.3064487948795198,65.32243974397599,4.183597024644063,3.7027645550219446,2.142279706628003,3.400303147037451,0.37617378073026325,1.7242103804366378,24.028629657676618,56.21047251769452,38.265844006523615,32.1818428600179,2986.718,4.314449081181615,1.4,1,0,-0.005524072758235521,0,-0.016045901626310498
B0034,141,347,24.0,1.3418431880549024,67.09215940274512,4.18042035109737,3.697725013654597,2.160163197204225,3.4014259376568985,0.36576931282343067,1.7352631240732408,25.64171815965767,57.153953136576106,39.684480872315234,31.512234976918435,3006.203,4.395290134321346,1.4,1,0,0.03539439317538262,1,-0.008997971557603669
B0034,142,349,24.0,1.3609210170759327,68.04605085379663,4.184641086874572,3.6948636858240267,1.955449063066795,3.3937688197583187,0.37153923400975486,1.7542912065406973,26.339955683734832,58.22840707938393,40.52184920089412,31.888451395649096,3011.609,4.44927874220309,1.4,1,0,0.01907782902103028,1,0.0012234558293662712
B0034,143,351,24.0,1.3299603677394973,66.49801838697486,4.184095138168309,3.7005901751606296,2.186393196562525,3.40281516420186,0.36801812103517795,1.7326335898363263,25.476794316400905,56.896536733279625,39.34384441360489,31.41974241687872,2985.953,4.356887408069522,1.4,1,0,-0.030960649336435386,0,0.0008763201488660944
B0034,144,353,24.0,1.299069387625936,64.9534693812968,4.183061789610872,3.70342079278689,2.1725626411969494,3.402086089777065,0.3740681702393197,1.7211553304454028,24.53174618034204,56.43024249534344,38.612144786286876,31.898496315001402,2976.3129999999946,4.298704906534779,1.4,1,0,-0.030890980113561284,0,-0.002580696002363858
B0034,145,355,24.0,1.2984544371955695,64.92272185977848,4.182343885917443,3.702876598031195,2.107521375414201,3.3974407926386454,0.3779435373270901,1.7293251908726686,24.138492108667336,56.60428484008346,38.61589548680076,32.46579273141612,2964.75,4.2880128717504,1.4,1,0,-0.0006149504303665232,0,-0.0015988715367900586
B0034,146,359,24.0,1.3176486091610087,65.88243045805044,4.181677931125044,3.6992578132487477,1.9724956503793716,3.3900153291758635,0.3809385034211551,1.748688834226016,24.571172921635785,57.47493245382511,39.405725006770766,32.903759532189326,2969.953,4.343095381980074,1.4,1,0,0.019194171965439155,1,-0.004838915778778752
B0034,147,361,24.0,1.3360648564106594,66.80324282053297,4.184377456853175,3.698353423378639,2.15288424756184,3.4000590460263824,0.36685828665744374,1.7409400126466616,25.764316512925873,57.43585109945852,39.93466601122023,31.671534586532644,2988.453,4.378045268204473,1.4,1,0,0.01841624724965074,1,-0.004971232133054659
B0034,148,363,24.0,1.3635797361860138,68.1789868093007,4.18186449908591,3.6945543306599635,2.175170885643991,3.3987353103697178,0.36020007998010495,1.7514878598438763,26.675609141707522,59.12207312090748,41.55493252456659,32.44646397919996,3001.235,4.421892663267126,1.4,1,0,0.027514879775354384,1,0.006723873689303295
B0034,149,365,24.0,1.3333112541544827,66.66556270772413,4.180540072451056,3.6976520423582198,2.0442124222047857,3.3928187346829195,0.3735916769616042,1.7489965075817655,25.514612683173546,58.23289082409849,40.30936955838523,32.718278140924944,2976.234,4.35455057200153,1.4,1,0,-0.030268482031531097,0,0.0068483733057093325
B0034,150,367,24.0,1.3023273463118925,65.11636731559463,4.179766813903975,3.700205992644465,2.030057772957424,3.3901374196096965,0.3803530339163775,1.746342778912585,24.518233170202066,57.69877961341635,39.63376472877464,33.18054644321428,2950.39,4.293644648806052,1.4,1,0,-0.030983907842590197,0,0.0007745818232645973
B0034,151,371,24.0,1.2888728444455875,64.44364222227938,4.180263086800403,3.70061038619309,1.9600053057358238,3.38449140744984,0.38758715276672046,1.7543721585445997,23.991098161620744,57.777112656377554,39.397264101530574,33.78601449475681,2941.719,4.28822184950713,1.4,1,0,-0.013454501866305035,0,-0.00575515294308424
B0034,152,373,24.0,1.2902746194203034,64.51373097101516,4.180694045918213,3.702893383771305,2.097517979952191,3.3921220546792745,0.3821333291796395,1.7347224899446092,23.823475184494256,57.23966158430743,39.0556543100656,33.41618639981317,2946.969,4.250995192959542,1.4,1,0,0.0014017749747159414,0,-0.0091580473980712
B0034,153,375,24.0,1.292407565676824,64.62037828384119,4.181975326462034,3.7023837220559797,2.063176636612858,3.389816955641987,0.38357428662046106,1.74335963945485,23.894911918833603,57.39229514777536,39.19214857830457,33.49738322894176,2936.171,4.257149263743414,1.4,1,0,0.002132946256520496,0,-0.014234434101837978
B0034,154,377,24.0,1.2954091505102339,64.77045752551169,4.1832960690677,3.702079654209764,2.050195394002453,3.3881964986011384,0.3838460918723193,1.7522539962144894,24.00219310383197,57.49397345620112,39.3246784315448,33.49178035236915,2927.281,4.267765549753762,1.4,1,0,0.0030015848334099537,0,-0.007580420728849768
B0034,155,379,24.0,1.283229881592695,64.16149407963475,4.182149140275156,3.7038673402793028,2.142448068324373,3.392372693620385,0.38140766172257895,1.740660404263611,23.83249797750721,57.117778050999135,39.020958953665634,33.285280073491926,2924.422,4.2362341690290855,1.4,1,0,-0.012179268917538844,0,-0.0038194929438394977
B0034,156,383,24.0,1.4557454024367817,72.78727012183909,4.166461260721402,3.6707325765268997,2.132265781269793,3.3581270184036267,0.3507723817126879,1.8482512574133536,25.459930209970125,59.0081622348613,41.16886509114223,33.54823202489118,3023.859,4.691352609049758,1.4,1,0,0.17251552084408672,1,0.03337451159823886
B0034,157,387,24.0,1.454676342673242,72.7338171336621,4.183046790056729,3.6750431887290875,1.9849347747870358,3.3640532409111272,0.35741911807135307,1.8494655045222,26.424145107625467,59.53806687629183,41.53076127734769,33.11392176866636,3056.172,4.746985499445585,1.4,1,0,-0.0010690597635396593,0,0.032880344650587735
B0034,158,389,24.0,1.423427718198495,71.17138590992475,4.180462670872903,3.684978659107436,2.1394084619831197,3.38037517618057,0.3600112326929229,1.7995371699014029,25.361558074214376,58.40787633507069,40.35674808373947,33.04631826085631,3045.078,4.59641426029534,1.4,1,0,-0.03124862447474719,0,0.026204030504334196
B0034,159,391,24.0,1.392551210363313,69.62756051816565,4.182665046607197,3.6880865111889776,2.04587233974925,3.379746726032651,0.3705377487304697,1.7883518694322504,24.66236464921229,58.34388806897325,39.90529016402678,33.681523419760964,3034.25,4.5342066350574095,1.4,1,0,-0.03087650783518181,0,0.019428411970615844
B0034,160,393,24.0,1.3765732493746907,68.82866246873454,4.183508397164232,3.690256233123313,2.0970875648564333,3.383744830197482,0.3712928827852244,1.7775400800465013,24.371185974131794,58.00881689774913,39.6263343523975,33.63763092361734,3022.609,4.486007136116568,1.4,1,0,-0.015977960988622364,0,0.01866867355639914
B0034,161,395,24.0,1.3810190828982352,69.05095414491176,4.1842627466652536,3.6894454159539323,2.0432611124631137,3.382914022586479,0.37134314116056544,1.7774037049680702,24.759439309467485,58.52325787492752,40.251117050644716,33.76381856546004,3028.828,4.500354760354375,1.4,1,0,0.00444583352354444,0,-0.014945263907709316
B0034,162,399,24.0,1.4007568321672863,70.03784160836432,4.183179545311975,3.6865069313432692,1.961939116178396,3.378266732241365,0.3697454527303949,1.796976944461578,26.00978667302614,59.508378271914516,41.28365494023095,33.498591598888375,3037.875,4.56976430352936,1.4,1,0,0.01973774926905114,1,-0.010783902101191156
B0034,163,401,24.0,1.374645303479972,68.7322651739986,4.186122527731293,3.6909207833875306,2.0966495970812926,3.386601516930242,0.3692530378085966,1.7752061939046586,25.39282406906626,58.58184665309335,40.27720417425089,33.189022584027086,3023.187,4.491048032922345,1.4,1,0,-0.026111528687314367,0,-0.009756482943704592
B0034,164,403,24.0,1.3345924114397838,66.72962057198919,4.187372242173173,3.694915948151172,2.126944667717326,3.3873478555743035,0.37606625701477014,1.7638618290732972,24.14009992070368,57.97580640887124,39.458737885900284,33.83570648816756,2996.922,4.403754278204658,1.4,1,0,-0.04005289204018814,0,-0.011591759784705858
B0034,165,405,24.0,1.336396621564738,66.8198310782369,4.194441292072135,3.6959321933803797,2.0654092965524384,3.3839254722198504,0.3816911276585305,1.772600253770069,23.636769576161004,58.05700140061033,39.29135666075848,34.42023182444933,2986.469,4.4005314749808235,1.4,1,0,0.001804210124954242,0,-0.008035325561990537
B0034,166,407,24.0,1.3069152971756248,65.34576485878124,4.178978876708447,3.6964707185517938,2.148229610932935,3.389334235413473,0.37819845129951546,1.7406273194455326,23.694684606750155,57.78193242469556,39.19247737595363,34.08724781794541,2979.219,4.312251819722209,1.4,1,0,-0.029481324389113217,0,-0.014820757144522068
B0034,167,411,24.0,1.341539456674081,67.07697283370405,4.180760079138194,3.6945308850151712,2.1586251956084066,3.3898762516669514,0.37245467796396914,1.752369528791636,24.53360766699073,58.20713739139197,39.892115077092285,33.673529724401234,2995.047,4.379087385664846,1.4,1,0,0.03462415949845621,1,-0.011843475098641055
B0034,168,413,24.0,1.346388970161922,67.3194485080961,4.1815749331430805,3.692861320585676,2.095346963555327,3.387534636174606,0.37244479453912904,1.7614729733820915,25.030938754599013,58.613406449206195,40.35117578100876,33.58246769460718,2989.828,4.398953447742369,1.4,1,0,0.004849513487841017,0,-0.005651266663609977
B0034,169,415,24.0,1.344989807277774,67.2494903638887,4.182056202732491,3.6935240938998795,2.0626265502864713,3.3867620663269333,0.3747592906047798,1.7613022715477178,25.20613108177132,58.64476637032693,40.23284401135697,33.4386352885556,2989.391,4.390681438916895,1.4,1,0,-0.0013991628841480974,0,0.0020794791675980305
B0034,170,417,24.0,1.3158760805047784,65.79380402523893,4.1854264107973345,3.696684284285937,2.076505393409293,3.3856540718379167,0.3812170467383692,1.7587841210720874,24.098714186752613,58.05107392892897,39.47675997912519,33.952359742176355,2967.2810000000027,4.340343622243618,1.4,1,0,-0.029113726772995507,0,-0.004104108211991919
B0034,171,419,24.0,1.2972766889740088,64.86383444870044,4.185142368568812,3.69666705550128,1.9787021969242387,3.3809895778096553,0.3885685717013748,1.7582560608451738,23.686728239155272,58.291445432401005,39.32483875925542,34.60471719324573,2962.609,4.320293755424331,1.4,1,0,-0.018599391530769616,0,-0.0019277216403231988
B0034,172,423,24.0,1.2851255211005648,64.25627605502824,4.178872649323495,3.697650382425411,2.0077745341235347,3.381603206447632,0.38939460330360304,1.7466327134137827,23.362607463217138,58.02893221948005,39.06556270503843,34.66632475626291,2957.016,4.278493986237225,1.4,1,0,-0.012151167873444058,0,-0.011282787114703253
B0034,173,425,24.0,1.3190209156530253,65.95104578265126,4.179834719405946,3.6936458699524404,1.984631695912844,3.3826507314858842,0.38077239239255634,1.758399711843396,24.721890051754144,58.80693345869639,40.25366972386004,34.08504340694225,2973.281,4.352052542546724,1.4,1,0,0.03389539455246049,1,-0.005473610901779358
B0034,174,427,24.0,1.3410097849290994,67.05048924645497,4.185045158748098,3.6940446962011206,2.120505374633019,3.3872757037197703,0.37232162938522956,1.7678047326355646,25.33608966851966,58.770145898372334,40.60644361981523,33.43405622985267,2968.016,4.386209158593194,1.4,1,0,0.02198886927607413,1,-0.0007960044697349122
B0034,175,429,24.0,1.326126983882746,66.3063491941373,4.179746730828125,3.6951745708779544,2.082697161198142,3.3863391572789534,0.3771336242359494,1.75604455190909,24.996247456788637,58.49257429310864,40.11087407785343,33.49632683632,2959.281,4.330084962863147,1.4,1,0,-0.014882801046353311,0,0.002050180675593527
B0034,176,431,24.0,1.3091442679990724,65.45721339995362,4.185599509953072,3.6973008326044168,1.9993127386412168,3.3808981042387045,0.38663564827585883,1.76490236118719,24.086606071558826,58.33204656703581,39.612138446886284,34.245440495476984,2942.797000000006,4.313056489246966,1.4,1,0,-0.016982715883673727,0,0.0023735158050127046
B0034,177,435,24.0,1.363001289617145,68.15006448085725,4.169799130983922,3.688622024079579,2.0166716234512476,3.3749959210790252,0.3731942220086469,1.7884175858149567,25.56031765463616,59.3603280691461,40.95422192099372,33.80001041450994,2978.89,4.444591342433238,1.4,1,0,0.05385702161807271,1,0.015575153703316058
B0034,178,439,24.0,1.329285701687194,66.4642850843597,4.180121774157645,3.69636780992595,2.1864172793825265,3.385047602248052,0.3766141380001661,1.7651175661948966,23.918525707932087,57.712318998766975,39.368332915328914,33.793793290834884,2948.891,4.33556668475244,1.4,1,0,-0.03371558792995111,0,0.0020529572068337387
B0034,179,441,24.0,1.2969085930621855,64.84542965310928,4.179716866697393,3.697628176371499,2.1668802335410113,3.3857894711790375,0.3799136622465345,1.7533361843271522,23.650895018760462,57.633102922228126,39.15337098937444,33.98220790346767,2938.547,4.2839367409732825,1.4,1,0,-0.03237710862500842,0,-0.008820238373382772
B0034,180,443,24.0,1.2986285924941396,64.93142962470698,4.1811581938647935,3.6974202846408635,2.073777619248528,3.380809465968222,0.3854608895681402,1.7623544327636462,23.552587136457177,57.87686984231968,39.243985033148604,34.3242827058625,2925.484,4.280291506856405,1.4,1,0,0.0017199994319541112,0,-0.005499678277721287
B0034,181,445,24.0,1.2840657611821942,64.20328805910971,4.179417995861986,3.699217977834176,2.1762844479074928,3.385818012946154,0.38216580112780785,1.750192491651476,23.519523511324056,57.47417762924851,39.03574242025546,33.95465411792445,2917.297,4.241359430305302,1.4,1,0,-0.014562831311945468,0,-0.005015701363375635
B0034,182,447,24.0,1.3021015914136362,65.10507957068181,4.192681708507562,3.6995476729754584,2.178495224886361,3.3852891991053005,0.3801527245826607,1.7716415609189622,23.712232797870413,57.69186868894567,39.362600417809674,33.979635891075255,2918.938,4.306532901869723,1.4,1,0,0.018035830231442063,1,-0.012179939640701765
B0034,183,451,24.0,1.3089076351731335,65.44538175865668,4.187389514083172,3.6983076902083205,2.003802772888259,3.375861800258899,0.3900034625458464,1.7808467524862919,23.50436545843329,58.235126532756595,39.45158799429391,34.730761074323304,2918.25,4.3088354333893335,1.4,1,0,0.006806043759497227,1,-0.004075613302812098
B0034,184,453,24.0,1.2722519696513912,63.61259848256956,4.179967885403278,3.6984036121026707,1.9787571590097042,3.3766457982542852,0.392665523692233,1.7593469071219419,23.491229203915147,58.159040648414255,39.280231448753895,34.66781144449911,2915.4839999999967,4.242132066519437,1.4,1,0,-0.036655665521742264,0,-0.004931324682158867
B0034,185,455,24.0,1.276011534360331,63.80057671801656,4.180528142405268,3.7006220260911116,2.137223761530643,3.383954937211064,0.38635486474698727,1.7475161646907458,23.45974425955568,57.66508009332591,39.093994194844335,34.205335833770235,2906.015,4.2116089526955065,1.4,1,0,0.0037595647089399,0,-0.004523411626761708
B0034,186,457,24.0,1.2605053003103004,63.02526501551502,4.179001965339458,3.6996335756889156,2.026812719380422,3.378072965642498,0.39192893704368376,1.7569362618147326,23.39547406263242,57.950977227160536,39.19231540051725,34.55550316452812,2894.14,4.208650089825017,1.4,1,0,-0.01550623405003071,0,-0.004712092174378757
B0034,187,459,24.0,1.2660681251347115,63.30340625673557,4.18007797929506,3.7021722430840076,2.1955750105431733,3.386411304876093,0.3847948018804107,1.744631720395958,23.54834819824031,57.50629199129354,39.05035096355298,33.95794379305323,2892.031,4.186671720597471,1.4,1,0,0.005562824824411061,1,-0.007206693255784958
B0034,188,463,24.0,1.265829016865281,63.29145084326405,4.177670453895943,3.7022784709091416,2.198015566541252,3.3853753800263027,0.38550961144833673,1.7446100069469985,23.349176993084246,57.45114086897508,38.99238106302636,34.10196387589083,2888.719,4.182063232337644,1.4,1,0,-0.0002391082694304103,0,-0.008615723661570485
B0034,189,465,24.0,1.2655873898206993,63.27936949103496,4.180261202227871,3.7024440081681576,2.1741564738787473,3.3831949117830207,0.3872610592372027,1.7538811483261647,23.303340049099244,57.51486337636169,39.013996139611024,34.21152332726244,2875.641,4.179511985145884,1.4,1,0,-0.00024162704458174922,0,-0.0013329159661383816
B0034,190,467,24.0,1.2663598323027554,63.31799161513777,4.18393830549056,3.7000192207379534,1.9597037966635267,3.3703776888462564,0.39758859696348764,1.7848158750715826,23.33829372111869,58.24937682662199,39.39352264576831,34.9110831055033,2860.7810000000027,4.219924642091867,1.4,1,0,0.0007724424820561016,0,-0.0019303404115151412
B0034,191,469,24.0,1.2868479432728903,64.34239716364452,4.193094086276328,3.701455092473973,2.0588486889378887,3.37385872825505,0.39219806332576945,1.795227519811869,23.283013385861324,57.97580626211991,39.40321172109691,34.692792876258586,2852.844,4.242705752977032,1.4,1,0,0.02048811097013492,1,0.005268528592517985
B0034,192,471,24.0,1.270026164613209,63.50130823066045,4.184570393579243,3.702376220607653,2.1472699436122746,3.3788676910292508,0.3892753675908848,1.7733004083919222,23.33153677192807,57.6936935982226,39.209002406361016,34.36215682629453,2854.64,4.192933131893785,1.4,1,0,-0.016821778659681375,0,0.0007916078956994976
B0034,193,475,24.0,1.34598253292492,67.299126646246,4.179142866728917,3.6929233723951698,2.046243465893371,3.3775187954558987,0.375231821024851,1.7981891817251408,26.511755128565657,59.714275603056464,41.7029996329405,33.20252047449081,2897.844,4.354674361064314,1.4,1,0,0.07595636831171104,1,0.016030703211927788
B0034,194,477,24.0,1.3286875315413778,66.43437657706889,4.183823497630528,3.6938063485561257,2.0152140329169153,3.3764102425962137,0.3786962689013795,1.7979822250919189,26.12189208281959,59.59622829096066,41.54042703429465,33.47433620814107,2896.063,4.347848934463158,1.4,1,0,-0.01729500138354223,0,0.012620028344135692
B0034,195,479,24.0,1.31203071983408,65.601535991704,4.183327325241743,3.6968747631886223,2.0220579671885415,3.374457339617825,0.38514156757032986,1.795586068723611,25.075827558308593,58.94389183765572,40.70765268927143,33.868064279347124,2866.234,4.282024627789333,1.4,1,0,-0.016656811707297825,0,0.009134177506264907
B0034,196,481,24.0,1.295125492961198,64.7562746480599,4.193111305781164,3.6991078254435044,1.9943823501630709,3.369493571122545,0.39167834928598577,1.815444212082474,24.09832956344647,58.684673836382025,40.21142863220933,34.586344272935555,2836.609,4.275200468732065,1.4,1,0,-0.016905226872881984,0,0.0016555099376615256
B0034,197,483,24.0,1.2802601605963335,64.01300802981667,4.182734512107648,3.699089681094616,1.961659201159055,3.3671763894263442,0.3958989022425629,1.8021623313447368,23.93933295948579,58.63989407541342,40.0046687891377,34.700561115927634,2829.516,4.2170623732570105,1.4,1,0,-0.014865332364864425,0,0.0020467991966249153
B0036,1,1,24.0,1.001982588175331,50.09912940876655,3.848136609578083,2.692363558999662,2.692363558999662,3.3100621558905616,0.15121412992919514,1.9773749348609408,23.91297719702689,25.25510878948548,24.892073733003087,1.342131592458589,1819.406,3.3112237277044034,1.4,1,0,0.0,0,0.15820278669941218
B0036,2,5,24.0,1.8011007566288924,90.05503783144462,4.176511038116691,2.685636595881031,2.685636595881031,3.4631992414146664,0.20459006447599415,1.9856445663953957,24.880038541066188,26.547068220384585,25.959062630105592,1.6670296793183965,3260.531,6.226873033243677,1.4,1,0,0.7991181684535613,1,0.15820278669941218
B0036,3,7,24.0,1.8044229856020628,90.22114928010313,4.183288040976774,2.662489466857697,2.662489466857697,3.4699576163352273,0.2085554163703513,1.9861832158636734,24.541597265004793,26.495839445842005,25.802571879383937,1.9542421808372126,3265.75,6.25019893693725,1.4,1,0,0.0033222289731704713,0,0.15820278669941218
B0036,4,9,24.0,1.804388833772829,90.21944168864145,4.1841614854004145,2.6573808763123017,2.6573808763123017,3.4705857000702847,0.20805385440842072,1.987062297874344,24.219559402389528,26.383869073507284,25.60229945293067,2.1643096711177563,3264.109,6.251317299683642,1.4,1,0,-3.415182923371951e-05,0,0.15820278669941218
B0036,5,11,24.0,1.7989248871784247,89.94624435892123,4.18413822475754,2.663543957344219,2.663543957344219,3.4698672359538234,0.208861472712923,1.98745848474138,24.0083780752814,26.038513721787698,25.340807182068417,2.0301356465062987,3253.531,6.231026800280113,1.4,1,0,-0.005463946594404412,0,0.15820278669941218
B0036,6,13,24.0,1.792996521672392,89.6498260836196,4.184490871998835,2.6678994227263173,2.6678994227263173,3.463667726287471,0.20806446226015415,1.9875372326723815,23.750010106743638,25.52893924273116,25.066700521969093,1.7789291359875214,3242.578,6.199550656347952,1.4,1,0,-0.005928365506032707,0,0.15820278669941218
B0036,7,17,24.0,1.7885507985621891,89.42753992810945,4.18000056083009,2.6568692251182435,2.6568692251182435,3.4626756481952126,0.20887305991839164,1.9873918540732374,23.784786109809392,25.434898613415253,24.87901399238054,1.650112503605861,3234.625,6.182700273671638,1.4,1,0,-0.004445723110202859,0,-0.0025099916133406452
B0036,8,19,24.0,1.7890856930727703,89.45428465363851,4.184814968147981,2.682881821919537,2.682881821919537,3.466538555244563,0.2072987543158736,1.9874986659392755,23.78662493765738,25.49992828339642,24.962178834594535,1.7133033457390425,3235.36,6.191255666376427,1.4,1,0,0.0005348945105811964,0,-0.0030674585058585004
B0036,9,21,24.0,1.7893137312833287,89.46568656416643,4.184936056128164,2.643495320901669,2.643495320901669,3.465990459572376,0.2108148844083557,1.9873121102019284,23.85300457170225,25.538807420659257,24.97176766201835,1.6858028489570067,3236.125,6.190982214313147,1.4,1,0,0.00022803821055839002,0,-0.003015020497900078
B0036,10,23,24.0,1.7860759459480868,89.30379729740434,4.185159966585472,2.6529146015025353,2.6529146015025353,3.466849428071611,0.2104923771918124,1.9871920484366135,23.79704775333155,25.42021899627584,24.904899107239256,1.623171242944288,3230.25,6.18143904354037,1.4,1,0,-0.003237785335241883,0,-0.0025697882460675725
B0036,11,25,24.0,1.7836324249650817,89.18162124825409,4.185259470361049,2.6640070437952477,2.6640070437952477,3.467879751690846,0.20990982585282708,1.986994298783672,23.708580361865003,25.376173446672198,24.82894570331574,1.6675930848071943,3226.078,6.174728058136805,1.4,1,0,-0.002443520983005154,0,-0.001872819341462062
B0036,12,29,24.0,1.7829728738072719,89.1486436903636,4.180655805950688,2.6528698625456295,2.6528698625456295,3.4680189335962623,0.20999170251382793,1.9872186588415872,24.00382621756918,25.609167303887258,25.10525347823647,1.6053410863180773,3224.5,6.172772166309956,1.4,1,0,-0.0006595511578098012,0,-0.0011155849509834504
B0036,13,31,24.0,1.7813775963259668,89.06887981629833,4.185452668161143,2.6683619850669116,2.6683619850669116,3.470195201959518,0.2098884224140964,1.986822691116423,23.897375606764882,25.488141454729305,24.951154809529978,1.5907658479644233,3222.188,6.171062463378074,1.4,1,0,-0.0015952774813050574,0,-0.001541619349360701
B0036,14,33,24.0,1.7785359545932946,88.92679772966473,4.185644073979811,2.6856316852084854,2.6856316852084854,3.471307979909313,0.20888296776065596,1.9870379004309504,23.79897282368755,25.39250622395775,24.904434158959226,1.5935334002702,3216.546000000002,6.163072666729577,1.4,1,0,-0.0028416417326722065,0,-0.0021555553380068204
B0036,15,35,24.0,1.7759043090943398,88.795215454717,4.1855690457286165,2.683085255855837,2.683085255855837,3.4716713367418284,0.20931652835500952,1.9869312681166182,23.812004489447684,25.45190297763985,24.887170444449442,1.6398984881921663,3211.859,6.154617138344019,1.4,1,0,-0.002631645498954782,0,-0.0020343273707494
B0036,16,37,24.0,1.7780426649905914,88.90213324952957,4.1854366878064155,2.6821176155277855,2.6821176155277855,3.474226898019182,0.20901550680468103,1.986804032971213,24.386810794306925,26.00580839279124,25.527212929862493,1.6189975984843166,3215.859,6.166594392487106,1.4,1,0,0.0021383558962515536,0,-0.0011179519948980587
B0036,17,41,24.0,1.7830029333591655,89.15014666795827,4.18175155698921,2.6596681327390566,2.6596681327390566,3.4759464645675298,0.21013082032304958,1.9866252110882103,25.46478344823031,26.845307972510515,26.409994049975936,1.3805245242802044,3225.125,6.1873534355399595,1.4,1,0,0.004960268368574106,0,6.011910378722618e-06
B0036,18,43,24.0,1.7883000424613877,89.41500212306939,4.18601707914653,2.6726649868851067,2.6726649868851067,3.4817927176696424,0.20996564756958844,1.9868092429179038,26.03181712440799,27.815052029087454,27.24956363748299,1.783234904679464,3234.343,6.2158994724991805,1.4,1,0,0.005297109102222253,1,0.0013844892270841846
B0036,19,45,24.0,1.779294712578026,88.96473562890131,4.185429868468947,2.6506943508802054,2.6506943508802054,3.4752876993515778,0.21219436967666805,1.9866026335678093,24.931486553226904,26.20275128566912,25.79213906476866,1.2712647324422157,3218.25,6.1731569122056955,1.4,1,0,-0.009005329883361668,0,0.00015175159694629236
B0036,20,47,24.0,1.7709235500451854,88.54617750225927,4.183946382168659,2.6668651734647586,2.6668651734647586,3.47360641557491,0.21057865517957025,1.9863244377080878,24.449893022671812,25.704404765618435,25.237865068781456,1.2545117429466224,3203.5,6.140878493531767,1.4,1,0,-0.008371162532840648,0,-0.0009961518098308808
B0036,21,49,24.0,1.7659050180801104,88.29525090400551,4.184483195811819,2.699376305602087,2.699376305602087,3.474225056890293,0.20822652705754516,1.9862809909576005,23.97812689204398,25.460838794232757,24.99097283085835,1.4827119021887754,3194.39,6.124530742985899,1.4,1,0,-0.005018531965075068,0,-0.0024275293820962053
B0036,22,53,24.0,1.7826929241469245,89.13464620734622,4.166505229896513,2.627373237504619,2.627373237504619,3.476093760887936,0.20589762199464917,1.9858147027956174,25.981165706416682,37.62543555779899,32.801252523370806,11.644269851382305,3225.219,6.187822643770701,1.4,1,0,0.01678790606681413,1,-6.20018424482005e-05
B0036,23,57,24.0,1.7964662072920203,89.82331036460101,4.181691190398081,2.6486517814110364,2.6486517814110364,3.478693083596387,0.20771631264489343,1.9840774818957672,24.91553718736853,36.14360152332376,31.56958368042232,11.228064335955231,3252.985,6.240191634140168,1.4,1,0,0.01377328314509585,1,0.0016332329661265187
B0036,24,59,24.0,1.7909083533422898,89.54541766711449,4.184954917937507,2.6240374089622858,2.6240374089622858,3.4750535971066037,0.21022994850778973,1.9825278870850223,24.107418958023576,35.625609247013934,30.90999308530252,11.518190288990358,3245.25,6.213866575911104,1.4,1,0,-0.005557853949730518,0,0.0023227281528527487
B0036,25,61,24.0,1.78518002808874,89.259001404437,4.186460975475055,2.626618792448541,2.626618792448541,3.473958373265381,0.21055528732788378,1.982424743717115,23.90437862033045,35.57170100720283,30.76520980990786,11.667322386872382,3235.031,6.192258947385241,1.4,1,0,-0.005728325253549826,0,0.002851295608710913
B0036,26,63,24.0,1.7811343176546524,89.05671588273262,4.186163586614144,2.6336670386490053,2.6336670386490053,3.473907031933396,0.2103072969996321,1.9820980837755804,23.941484433499085,35.70160875626844,30.827871356237775,11.760124322769357,3228.141,6.178080431895299,1.4,1,0,-0.004045710434087635,0,0.0030458599149083996
B0036,27,65,24.0,1.7755577789223567,88.77788894611783,4.186271381082588,2.663548100827095,2.663548100827095,3.4760652075601257,0.20831631349546095,1.9821580301612136,24.136290344195277,35.94641088579465,31.04477819361822,11.810120541599371,3217.875,6.162215316016807,1.4,1,0,-0.005576538732295688,0,-0.0014270290449135636
B0036,28,69,24.0,1.776885870616115,88.84429353080576,4.1822811861971285,2.645759955186599,2.645759955186599,3.4762696586688855,0.20926047658945054,1.9821407736423282,24.66851129856288,36.334410213773005,31.495558048290054,11.665898915210125,3220.219,6.167466173909512,1.4,1,0,0.0013280916937583598,0,-0.003916067335181061
B0036,29,71,24.0,1.7713083410378214,88.56541705189107,4.1851989243326,2.682232775431839,2.682232775431839,3.4773296157781552,0.20739566138590101,1.9819872402861454,24.485219119000256,35.97981353599547,31.22858520243483,11.494594416995213,3210.234,6.149859461164542,1.4,1,0,-0.005577529578293605,0,-0.003920002460893679
B0036,30,73,24.0,1.7713348840874137,88.56674420437068,4.186613141003604,2.636976729427503,2.636976729427503,3.4741834201518116,0.21094693769497538,1.981820086973132,23.990578670471287,35.59540889841283,30.77808307184711,11.604830227941541,3210.546,6.144608227984872,1.4,1,0,2.6543049592264722e-05,0,-0.002769028800265261
B0036,31,75,24.0,1.7660842866405053,88.30421433202527,4.184959584091136,2.6254732315495026,2.6254732315495026,3.4723504122251145,0.21163909263005223,1.9817861525113654,23.691359489281016,35.45428075393079,30.558421734854203,11.762921264649773,3200.969,6.123083476627802,1.4,1,0,-0.005250597446908367,0,-0.0030100062028294073
B0036,32,77,24.0,1.7592793663412327,87.96396831706164,4.184793481944206,2.6876812013759497,2.6876812013759497,3.4751627339527484,0.2073845965568258,1.9817252941957082,23.84698767974936,35.64366066127881,30.72558468538039,11.796672981529447,3188.625,6.104164632630329,1.4,1,0,-0.006804920299272599,0,-0.0032556825162247892
B0036,33,81,24.0,1.7610368813762423,88.05184406881212,4.182513698980909,2.68500337747393,2.68500337747393,3.476326267904414,0.20709138393559964,1.9817660120442022,24.35424355585658,36.101132129359335,31.23295964013785,11.746888573502755,3191.735,6.112558147203519,1.4,1,0,0.001757515035009538,0,-0.0031697978479745537
B0036,34,83,24.0,1.760242767365706,88.01213836828529,4.185287638546102,2.6519664988321767,2.6519664988321767,3.475057563311369,0.2101378915980111,1.9816902385826145,24.285647877362063,35.918627450147724,31.072817634800376,11.632979572785661,3190.313,6.107596930742631,1.4,1,0,-0.0007941140105363065,0,-0.002213114734423094
B0036,35,85,24.0,1.7555899416034397,87.77949708017199,4.1849685069062055,2.6336440877825646,2.6336440877825646,3.4727432532131424,0.21152910389543728,1.981485223109768,23.83052200040961,35.53291026153138,30.6408857593701,11.702388261121769,3182.156,6.0871977842132985,1.4,1,0,-0.004652825762266222,0,-0.003148988496794791
B0036,36,87,24.0,1.7545602176655593,87.72801088327796,4.186322425483099,2.627746605322606,2.627746605322606,3.472459772164966,0.21221126351930145,1.9815563461101453,23.735102484763033,35.58661163053266,30.615000516436165,11.851509145769626,3180.156,6.0832009580567945,1.4,1,0,-0.0010297239378804779,0,-0.0023048137949892135
B0036,37,89,24.0,1.7499108336094897,87.49554168047449,4.184728941577888,2.6356796620702037,2.6356796620702037,3.4727100432360887,0.21149288853018594,1.9813008900975513,23.741660277789848,35.60387176093939,30.62198587167864,11.862211483149544,3171.953,6.0671243562270964,1.4,1,0,-0.0046493840560695165,0,-0.001873706546348597
B0036,38,93,24.0,1.7610225525303758,88.05112762651879,4.18258364766547,2.6450931525551966,2.6450931525551966,3.4792060334218475,0.21028231717528387,1.9813367014782532,25.41189377127626,37.150900989394586,32.233363947568954,11.739007218118324,3192.172,6.117619969910738,1.4,1,0,0.011111718920886027,1,-2.865769173299171e-06
B0036,39,95,24.0,1.7624094574337117,88.12047287168558,4.1850359474371075,2.6704116794436663,2.6704116794436663,3.483370799287766,0.20921067906125035,1.9812253431229576,26.16442266241173,37.80882382148786,32.95844838713035,11.644401159076132,3194.735,6.129695806125903,1.4,1,0,0.0013869049033359282,0,0.0004333380136011478
B0036,40,97,24.0,1.7536170397120676,87.68085198560338,4.184439660191505,2.6837393111584085,2.6837393111584085,3.481411230676488,0.20923082074891775,1.9811725960467894,25.99456142578159,36.917059178726916,32.33796562819801,10.922497752945326,3178.75,6.095441661855873,1.4,1,0,-0.008792417721644075,0,-0.0003945803782744228
B0036,41,99,24.0,1.7462044775191679,87.3102238759584,4.184857659714457,2.654784886935533,2.654784886935533,3.4750001030504976,0.21098699359308076,1.981126497626356,24.474986145405406,36.08766208839117,31.201004004004968,11.612675942985764,3165.359,6.058565124949467,1.4,1,0,-0.007412562192899763,0,-0.0016711480292782798
B0036,42,101,24.0,1.7406176172769725,87.03088086384862,4.184391042617079,2.650821200008131,2.650821200008131,3.4729861560107773,0.21117302559653625,1.9810182087266737,24.017669040862195,35.833124475553674,30.844212128034435,11.81545543469148,3155.25,6.035641819183662,1.4,1,0,-0.005586860242195346,0,-0.0018586432665034457
B0036,43,105,24.0,1.750690404425682,87.5345202212841,4.1737970037050784,2.6761945611553157,2.6761945611553157,3.4793522768122993,0.20589240720461213,1.9808915610510243,25.414644923356676,37.01706025174733,32.19294879984907,11.602415328390656,3173.766,6.081988001088798,1.4,1,0,0.010072787148709406,1,-0.00206642962093877
B0036,44,109,24.0,1.765112055153915,88.25560275769575,4.18216296627966,2.679442027657799,2.679442027657799,3.4863598949467836,0.207359954861254,1.9811169585618567,26.407735720708327,37.72356956982813,33.06146735060497,11.315833849119802,3199.485,6.144534333831901,1.4,1,0,0.014421650728233093,1,0.0005405195440406629
B0036,45,111,24.0,1.7631888267564881,88.1594413378244,4.185045339068736,2.656640378340114,2.656640378340114,3.4833864674331436,0.20986313308240825,1.9811266494742925,25.848956125552924,36.98324646085538,32.35366819628823,11.13429033530246,3196.015,6.132375164122778,1.4,1,0,-0.0019232283974268682,0,0.0019143574088841043
B0036,46,113,24.0,1.9854929528970957,99.27464764485478,4.290021871695731,2.697143455219266,2.697143455219266,3.521360251690921,0.23112372966891737,1.9836817212075872,27.560547850365246,39.35953919640877,34.70040609904863,11.798991346043522,3595.281,6.980198518730616,1.4,1,0,0.22230412614060757,1,0.04785769507558557
B0036,47,117,24.0,1.7653557308133239,88.2677865406662,4.182221579047507,2.6612712387136295,2.6612712387136295,3.481761447167762,0.20812295583514032,1.9822350506501858,25.88469734380239,37.027075053721425,32.421923396380706,11.142377709919035,3198.0,6.137098079746489,1.4,1,0,-0.22013722208377184,0,0.0049476227072702715
B0036,48,119,24.0,1.7571880383127276,87.85940191563638,4.184685800633224,2.6908838763824483,2.6908838763824483,3.4797578588851743,0.20595875003304429,1.9820268271645947,24.912114695714084,36.34456840908186,31.609192155405946,11.432453713367774,3183.516,6.104987945788442,1.4,1,0,-0.008167692500596235,0,0.0012995267774091434
B0036,49,121,24.0,1.7573770661844437,87.86885330922219,4.184560765856749,2.6365640724626367,2.6365640724626367,3.4759650916373124,0.21018082640468938,1.9820222805220724,24.567941919048007,36.1535770040422,31.31596403602263,11.585635084994191,3183.797,6.099134923382595,1.4,1,0,0.00018902787171604096,0,-0.001546997793894267
B0036,50,123,24.0,1.7617376127979814,88.08688063989906,4.186186804679722,2.6235919177171154,2.6235919177171154,3.4781154314639453,0.21106210561327018,1.9821008022150315,25.078566873029445,37.00649086775502,31.998588265349394,11.927923994725575,3191.516,6.118052753767485,1.4,1,0,0.004360546613537686,0,-0.00029024279170135613
B0036,51,125,24.0,1.7606892547636663,88.03446273818332,4.18445632292153,2.6614571813493306,2.6614571813493306,3.4830514284703322,0.20819672624970564,1.981813383736276,26.22323533635798,37.85686718856992,32.98892411466723,11.633631852211941,3189.985,6.122894058032891,1.4,1,0,-0.0010483580343150223,0,-0.044960739626685876
B0036,52,129,24.0,1.760669562156983,88.03347810784915,4.1823560692950785,2.640601067759597,2.640601067759597,3.4809173250237535,0.2100287036404246,1.9819214923373463,26.461302690629214,37.45005504798,32.83558656237567,10.988752357350787,3189.734,6.118946450240706,1.4,1,0,-1.9692606683330283e-05,0,-0.0009372337312681722
B0036,53,131,24.0,1.752963802649152,87.6481901324576,4.1845961576838935,2.6732282064652693,2.6732282064652693,3.478940078791892,0.20750086787463462,1.981676320977873,25.272284146546227,36.77795934417618,31.97863874379167,11.505675197629955,3176.016,6.088666968378648,1.4,1,0,-0.007705759507830923,0,-0.0008448471327151097
B0036,54,133,24.0,1.750535708024147,87.52678540120735,4.184400507018663,2.668754575341305,2.668754575341305,3.4777534118948465,0.20788717270791393,1.9818237973110902,25.022539251844616,36.644215074090106,31.7958885352369,11.62167582224549,3171.36,6.078122320547783,1.4,1,0,-0.0024280946250050395,0,-0.0013682716320593258
B0036,55,135,24.0,1.7500761995337284,87.50380997668643,4.184427133733743,2.658195971284472,2.658195971284472,3.4766647808370212,0.20838328388576463,1.9816263251080133,24.8990725500416,37.138598100953445,31.804649399184477,12.239525550911846,3170.843,6.074692198631979,1.4,1,0,-0.0004595084904186475,0,-0.0023322826528505924
B0036,56,137,24.0,1.7465957802278385,87.32978901139192,4.184151039310892,2.6846493703739718,2.6846493703739718,3.4791247798630294,0.20672107028353873,1.98151142532868,25.306975358284788,37.11821986816654,32.18425444090601,11.811244509881753,3164.672,6.066841630155113,1.4,1,0,-0.003480419305889937,0,-0.0028186949071655754
B0036,57,141,24.0,1.753614286788707,87.68071433943535,4.1823205235968235,2.668665957651981,2.668665957651981,3.4818392989655798,0.20777962570415184,1.9814622792671595,26.479829417070007,38.21028860245779,33.27019350164624,11.73045918538778,3177.453,6.096003516240995,1.4,1,0,0.007018506560868554,1,-0.0014110550736551985
B0036,58,143,24.0,1.750725029920349,87.53625149601744,4.1847408536372885,2.6672344803975685,2.6672344803975685,3.4813626313858914,0.20900849429023283,1.9813436819375347,26.543190983774423,37.5096400873081,32.91813190932092,10.966449103533677,3172.375,6.0851462248633945,1.4,1,0,-0.002889256868358059,0,-0.0004477545457606258
B0036,59,145,24.0,1.7433053490810113,87.16526745405056,4.1839841806183,2.627654590987336,2.627654590987336,3.473301690187071,0.21152284750960007,1.9815304164901284,24.761400322269875,36.38797733722857,31.48100878915281,11.626577014958695,3158.406,6.045299397414326,1.4,1,0,-0.007419680839337639,0,-0.0014460717886271457
B0036,60,147,24.0,1.7336625052776187,86.68312526388094,4.1840998008627395,2.6888969070187216,2.6888969070187216,3.4736758521826694,0.20709992533399763,1.9810876831465265,24.308531879586823,36.055083131001204,31.127100398792322,11.746551251414381,3141.578,6.012484437845275,1.4,1,0,-0.009642843803392642,0,-0.003282738851221945
B0036,61,149,24.0,1.7319207051538927,86.59603525769464,4.1839906397375035,2.6648936078550007,2.6648936078550007,3.4715154587275445,0.2089320578874458,1.981234977739969,24.065452515615515,35.91912656959304,30.925481627228724,11.853674053977524,3138.187,6.002559768843633,1.4,1,0,-0.001741800123725934,0,-0.002935015014789144
B0036,62,153,24.0,1.7428604522751463,87.14302261375731,4.181891771142459,2.652977190328466,2.652977190328466,3.476844269698795,0.20887351333916337,1.9812570591809957,25.5007081189472,37.598391918046985,32.53816915596416,12.097683799099787,3157.969,6.049798235284541,1.4,1,0,0.010939747121253562,1,-0.002150766902712142
B0036,63,155,24.0,1.743306971099712,87.1653485549856,4.184541597131144,2.69728379874788,2.69728379874788,3.4828021334350594,0.20660782723078558,1.980916655360661,26.633984253177278,38.473409883226125,33.5082870689835,11.839425630048847,3159.281,6.0619685337777085,1.4,1,0,0.00044651882456570036,0,-0.0014836117641273904
B0036,64,157,24.0,1.738524506272696,86.9262253136348,4.184300987548265,2.666438804228148,2.666438804228148,3.4787179923634985,0.20981329444527963,1.9810059695302538,26.30307854532974,37.37835847467748,32.72223824057796,11.075279929347744,3150.375,6.038079639282812,1.4,1,0,-0.004782464827016053,0,-0.0009561685616630733
B0036,65,159,24.0,1.7295622663746972,86.47811331873486,4.1838772124619785,2.644225504233063,2.644225504233063,3.47116141622232,0.2110692050437975,1.9809786114709511,24.5519901037265,36.32515383321495,31.339643544788586,11.773163729488449,3134.078,5.993787696304066,1.4,1,0,-0.008962239897998714,0,-0.0008200477805842876
B0036,66,161,24.0,1.7273036765742085,86.36518382871043,4.183821312988277,2.6270672485920983,2.6270672485920983,3.469009856426531,0.21228630701353168,1.981059447271351,24.245776697525848,36.17136327433497,31.09122546658414,11.925586576809124,3129.797,5.982308581203633,1.4,1,0,-0.002258589800488764,0,-0.0009234057159368536
B0036,67,165,24.0,1.7449370491071912,87.24685245535956,4.1715485738177795,2.681073460503821,2.681073460503821,3.4757008802735143,0.20278318205135074,1.9810177631821901,24.992630661766285,36.94271187003511,32.074525923461515,11.950081208268827,3161.89,6.05536401025216,1.4,1,0,0.017633372532982694,1,0.0004153193664089727
B0036,68,169,24.0,1.7642432071133693,88.21216035566847,4.182258304676385,2.6173518629094725,2.6173518629094725,3.4820950413929173,0.21077249462416273,1.9810749842802888,26.33517804868461,37.96104323229247,33.167208512161885,11.625865183607857,3196.859,6.133852216310956,1.4,1,0,0.019306158006178187,1,0.00418724720273147
B0036,69,171,24.0,1.7504882032049596,87.52441016024798,4.184454856344911,2.6882522902609858,2.6882522902609858,3.480244357608362,0.20707175920380455,1.9809975649315257,25.62926614860831,36.73214755581345,32.14047774193924,11.102881407205139,3171.906,6.082442811909813,1.4,1,0,-0.01375500390840978,0,0.0023927393864527245
B0036,70,173,24.0,1.7442710815479923,87.2135540773996,4.184058614018653,2.639398647353621,2.639398647353621,3.473582906957752,0.21055164717490013,1.9807582643680772,24.499067333846575,36.082389553135755,31.245399132402053,11.58332221928918,3160.8429999999935,6.049284087045593,1.4,1,0,-0.006217121656967306,0,0.002941763034659006
B0036,71,175,24.0,1.7365413923373951,86.82706961686975,4.183841281165487,2.6623791019309224,2.6623791019309224,3.4722242034096427,0.2091913332222344,1.9805282406081717,24.10678905352516,35.84834420893077,30.941808328244683,11.74155515540561,3147.141,6.019803194247284,1.4,1,0,-0.007729689210597135,0,0.0018475431526373321
B0036,72,177,24.0,1.733223093105756,86.6611546552878,4.183975300289575,2.6561014633579925,2.6561014633579925,3.4700774937906473,0.20988890533145813,1.9804746484714413,23.847360832588603,35.70394071930231,30.729579296950984,11.856579886713707,3141.203,6.004621255699789,1.4,1,0,-0.003318299231639177,0,-0.002342791200287042
B0036,73,181,24.0,1.73860622908762,86.930311454381,4.181961942180511,2.6878503046332485,2.6878503046332485,3.4765508294649767,0.20689287372111406,1.98039190119071,25.234658226278317,37.23120350609712,32.241219078736684,11.9965452798188,3151.047,6.034424795789242,1.4,1,0,0.005383135981864129,1,-0.005127395605149854
B0036,74,183,24.0,1.7432134953746192,87.16067476873096,4.183342596486669,2.606635521236163,2.606635521236163,3.478023823464381,0.2129587599506431,1.9805091135572959,26.40911537502441,38.21827936701842,33.273484981762124,11.809163991994009,3159.172,6.05313741047712,1.4,1,0,0.004607266286999145,0,-0.0014549415660680687
B0036,75,185,24.0,1.7332698214832971,86.66349107416485,4.1839733173874905,2.684954312438798,2.684954312438798,3.4748978056910036,0.20840882596496152,1.9805025193431716,25.184149951840894,36.626274908995,31.82186022608825,11.442124957154107,3141.047,6.012962625914085,1.4,1,0,-0.009943673891322113,0,-0.0022002520129390303
B0036,76,187,24.0,1.7298906291663272,86.49453145831636,4.184050915758624,2.6296325002671597,2.6296325002671597,3.468132135397358,0.21234448868256456,1.9804477654001484,24.067371525766912,36.01597323994527,30.953485299150877,11.948601714178356,3135.0310000000027,5.989806692724923,1.4,1,0,-0.0033791923169699256,0,-0.0013301526342135884
B0036,77,189,24.0,1.7204403348841348,86.02201674420674,4.183757537025025,2.676552998785705,2.676552998785705,3.4677152773874327,0.20944655112620308,1.9802957447258618,23.724967354398615,35.64214686208444,30.594113322212998,11.917179507685823,3117.984,5.956073457995883,1.4,1,0,-0.00945029428219235,0,-0.002556551644324223
B0036,78,193,24.0,1.724420729012913,86.22103645064566,4.182829034438173,2.62514939238803,2.62514939238803,3.464870080840597,0.21288373735800203,1.9802142730957342,23.555843058882743,35.82141559167005,30.621050708667628,12.26557253278731,3125.328,5.964896473416185,1.4,1,0,0.003980394128778153,0,-0.0028371000149414183
B0036,79,195,24.0,1.7214872814061166,86.07436407030583,4.183818903348512,2.628502877540015,2.628502877540015,3.4658543618027586,0.21299638380128014,1.9800833052331595,23.802368517349294,35.84687241575459,30.73760557478901,12.044503898405296,3120.172,5.956563097764763,1.4,1,0,-0.002933447606796369,0,-0.004345242793700521
B0036,80,197,24.0,1.7197448773569262,85.9872438678463,4.183839437859511,2.619866867748,2.619866867748,3.463489697714707,0.2138073015248058,1.980268967910438,23.415512262900588,35.6948403215532,30.475687104433288,12.279328058652613,3116.641,5.946521230223229,1.4,1,0,-0.0017424040491904602,0,-0.0027049888252741903
B0036,81,199,24.0,1.7164304142145894,85.82152071072947,4.1837645974398825,2.6612878285284127,2.6612878285284127,3.4657104202129614,0.21092906256103924,1.980057929657538,23.65051935505161,35.819676472043525,30.665478038053948,12.169157116991915,3110.844,5.938687688320355,1.4,1,0,-0.0033144631423367432,0,-0.002692042990347554
B0036,82,201,24.0,1.7112029253299619,85.5601462664981,4.18376521232271,2.6699917743429817,2.6699917743429817,3.4645909946616262,0.21080085620163833,1.9800230190313004,23.50814288174156,35.629734084261784,30.48169086494209,12.121591202520225,3101.406,5.918683003801222,1.4,1,0,-0.00522748888462754,0,-0.001847481910834592
B0036,83,205,24.0,1.7102343231599222,85.5117161579961,4.181908017913433,2.6688661295694205,2.6688661295694205,3.4629772764216105,0.21059232109243245,1.9800140007357074,23.473337429945143,35.66196676336087,30.501790386236014,12.18862933341573,3099.563,5.912680371454189,1.4,1,0,-0.0009686021700396896,0,-0.0028372811705981603
B0036,84,207,24.0,1.713096882151029,85.65484410755145,4.1838810012271175,2.6222751020303923,2.6222751020303923,3.4616288821771044,0.2145727519530141,1.980072672691808,23.443528173226028,35.75183992747387,30.48295279202987,12.308311754247839,3104.64,5.92008099540575,1.4,1,0,0.0028625589911068783,0,-0.001678079851017511
B0036,85,209,24.0,1.7103708617208135,85.51854308604068,4.183859782071598,2.643376209522438,2.643376209522438,3.4628964155593924,0.2132169682784042,1.9799210298032588,23.660746588520688,35.77783462667514,30.592002581671938,12.11708803815445,3099.875,5.912718539228392,1.4,1,0,-0.0027260204302155255,0,-0.0018748031272225242
B0036,86,211,24.0,1.7064617296121434,85.32308648060717,4.183763340739041,2.6362266436030413,2.6362266436030413,3.4611295820153054,0.21371949006326918,1.9796449702564978,23.348087077972224,35.713721223369035,30.424569049276556,12.365634145396811,3093.25,5.8962181587042135,1.4,1,0,-0.003909132108670166,0,-0.0019937369204892086
B0036,87,213,24.0,1.7029429979110946,85.14714989555473,4.183680554471844,2.6753943315026825,2.6753943315026825,3.4632231738970973,0.21102405024589305,1.9797208473969017,23.549043857643277,35.725860691702124,30.570652220376168,12.176816834058847,3086.688,5.887514884793816,1.4,1,0,-0.0035187317010487718,0,-0.0016519854837734548
B0036,88,217,24.0,1.7072612643840062,85.36306321920031,4.182843320959444,2.626280067476453,2.626280067476453,3.4594353969848526,0.2147831210072031,1.9798193556242383,23.334482034397343,35.768527567848494,30.460459721443804,12.434045533451151,3094.281,5.8961714577660995,1.4,1,0,0.004318266472911558,0,-0.0005946117551832053
B0036,89,219,24.0,1.7038637196766078,85.19318598383039,4.18362497235851,2.6699754309728454,2.6699754309728454,3.4619323762511636,0.21148835958644896,1.9796708243361156,23.46007919041173,35.84926876193408,30.547691944309644,12.389189571522348,3088.328,5.888575751094214,1.4,1,0,-0.003397544707398392,0,-0.0018466324948842594
B0036,90,221,24.0,1.7079617948422274,85.39808974211137,4.183750461912779,2.6485692977117936,2.6485692977117936,3.4640211108291785,0.21260527731475087,1.9796986341756921,24.025225326685558,36.56783936040424,31.189572257243857,12.542614033718685,3095.687,5.9063098819235895,1.4,1,0,0.0040980751656196635,0,-0.0004818133757172216
B0036,91,223,24.0,1.7113022833627787,85.56511416813893,4.183786894340978,2.652784779103966,2.652784779103966,3.4674082899150327,0.21256586511688075,1.9795447080949824,24.80543230121374,37.22026804863562,31.898081785720198,12.414835747421876,3102.062,5.9236122517455465,1.4,1,0,0.0033404885205512436,0,0.0009681107501270603
B0036,92,225,24.0,1.714122057472244,85.7061028736122,4.1838730463698965,2.61112320884266,2.61112320884266,3.467669094088933,0.21667769420861402,1.9794620575291975,25.662194727321772,37.24354714231705,32.32306890954346,11.581352414995276,3107.141,5.933853444616601,1.4,1,0,0.002819774109465323,0,0.002235811912229879
B0036,93,229,24.0,1.7053324925701605,85.26662462850803,4.182910559206333,2.6171931724123265,2.6171931724123265,3.4590063160949422,0.2163848573822507,1.979668515306621,23.84369959552233,36.101954503621805,30.83436798904695,12.258254908099474,3090.719,5.888598127376972,1.4,1,0,-0.008789564902083491,0,-0.0003857543627691307
B0036,94,231,24.0,1.6934609472531408,84.67304736265704,4.183616020558508,2.6630699292303373,2.6630699292303373,3.4580229191527696,0.2133190221158428,1.9792552718561545,23.221692679840743,35.590895284221084,30.287043848864634,12.369202604380341,3069.812,5.845756338538282,1.4,1,0,-0.011871545317019727,0,-0.0020805544846933975
B0036,95,233,24.0,1.6905244127230223,84.52622063615112,4.1835063699815285,2.659720848238619,2.659720848238619,3.4563349020618155,0.21395345634016938,1.9792443099751138,22.977390527256336,35.41708929698686,30.072000414523774,12.439698769730523,3064.437,5.83264418753972,1.4,1,0,-0.00293653453011844,0,-0.0034874764238410185
B0036,96,235,24.0,1.7007774858498304,85.03887429249151,4.1862295732164165,2.6273527452578365,2.6273527452578365,3.460450149170936,0.21575766181728762,1.9791194191351382,23.74244827227352,36.542285984903515,31.093661069729663,12.799837712629994,3083.25,5.875214713339081,1.4,1,0,0.01025307312680801,1,-0.002104959502589665
B0036,97,237,24.0,1.6971104467944576,84.85552233972288,4.183727110735532,2.679397409659904,2.679397409659904,3.463960681885895,0.21120302977806496,1.9791613878366452,24.294519975232284,37.06815080209899,31.607623511235108,12.773630826866707,3076.484,5.8684568249980575,1.4,1,0,-0.0036670390553728005,0,-0.0034023221355572895
B0036,98,241,24.0,1.6997924522951837,84.98962261475918,4.182001342341362,2.6638409912727004,2.6638409912727004,3.4630674142567415,0.21328182741424384,1.979091763193608,24.805322638103345,36.82684422999281,31.68782676208534,12.021521591889464,3081.297,5.876286333579297,1.4,1,0,0.00268200550072617,0,-0.0011080080549953574
B0036,99,243,24.0,1.6912704773954121,84.5635238697706,4.183505107711148,2.638750759665419,2.638750759665419,3.456673276206162,0.21624169239686444,1.9790766827277793,23.661190502986518,35.92988720620677,30.64130472367544,12.268696703220254,3065.953,5.835842482751122,1.4,1,0,-0.008521974899771578,0,-0.00043809397154572773
B0036,100,245,24.0,1.6857127009469863,84.28563504734932,4.183301376056718,2.6521564133104056,2.6521564133104056,3.455027058159508,0.21519013371079945,1.979038060944376,23.208814738328577,35.781290058222865,30.35775664232519,12.572475319894288,3055.828,5.81397355013465,1.4,1,0,-0.005557776448425811,0,-0.0009623423552072019
B0036,101,247,24.0,1.6832093771286156,84.16046885643078,4.183240444954854,2.6736629264226712,2.6736629264226712,3.456388317029322,0.2135460436397791,1.9788327303856925,23.314433450654956,35.83938701624516,30.46760275047682,12.524953565590206,3051.468,5.807573233383649,1.4,1,0,-0.0025033238183707063,0,-0.0035136217442429452
B0036,102,249,24.0,1.692886364169521,84.64431820847605,4.183494017304386,2.665966871855665,2.665966871855665,3.462072409842235,0.2133634851618049,1.9788745442826565,24.450687551804663,37.17156479403066,31.690335464880064,12.720877242225995,3069.0,5.850643107599378,1.4,1,0,0.009676987040905471,1,-0.0008448165249872908
B0036,103,253,24.0,1.6984668174144633,84.92334087072317,4.181646831165721,2.6818321771597287,2.6818321771597287,3.466006130026554,0.21180424354807437,1.9787981178503085,25.50907751971739,37.84191340591018,32.58002111430288,12.332835886192786,3079.235,5.876818539332298,1.4,1,0,0.005580453244942163,1,-0.0002651269761440922
B0036,104,255,24.0,1.6935813413828429,84.67906706914215,4.183467994187793,2.6354438765341697,2.6354438765341697,3.4601239314707923,0.21694500188240512,1.9788051627908367,24.798483747337496,36.94021929474592,31.69291039725797,12.141735547408427,3070.344,5.849783337448645,1.4,1,0,-0.004885476031620373,0,0.0004621727974861489
B0036,105,257,24.0,1.6830951253781283,84.15475626890641,4.1834014802387,2.633581331346773,2.633581331346773,3.453593464720813,0.2180817098649479,1.978575532876541,23.589215774205197,35.979852438003704,30.608400390292736,12.390636663798507,3051.4839999999967,5.802376004393963,1.4,1,0,-0.010486216004714555,0,-0.0005235151137715999
B0036,106,259,24.0,1.6850462226942986,84.25231113471493,4.18648088216282,2.6164895194312585,2.6164895194312585,3.4519795194744436,0.2197823432151976,1.9787606413982342,23.19246986040044,35.91143435448471,30.399652022711006,12.718964494084272,3054.812,5.806330911277851,1.4,1,0,0.0019510973161702694,0,0.00036736911313659524
B0036,107,261,24.0,1.6803098840017598,84.01549420008799,4.18650094380192,2.662037646915503,2.662037646915503,3.4544340644325837,0.21622914543323957,1.9785255298300461,23.354242699450616,36.0224357923641,30.547315574796166,12.668193092913484,3046.532,5.794109406285324,1.4,1,0,-0.004736338692538755,0,-0.00251529603355225
B0036,108,265,24.0,1.6944038437227715,84.72019218613858,4.182814594549196,2.6705894388847278,2.6705894388847278,3.4638257834252806,0.21435869343209082,1.9786658818521448,25.55119070794383,37.65075812929836,32.47851626978816,12.099567421354529,3071.782,5.858760140231236,1.4,1,0,0.014093959721011684,1,-0.0008125947383383458
B0036,109,267,24.0,1.6955686127180103,84.77843063590052,4.183468801907699,2.668638829617292,2.668638829617292,3.4669219935055278,0.21436754054335802,1.978303548943712,26.198226095290853,38.27191158762031,33.085111849545555,12.073685492329457,3074.532,5.867739347029989,1.4,1,0,0.001164768995238763,0,0.0003974542670334813
B0036,110,269,24.0,1.6841854728350405,84.20927364175202,4.18350666932616,2.6931351824491827,2.6931351824491827,3.4626538753824714,0.21353943721847377,1.9783071872539106,25.301707461328977,37.26845925037034,32.12056072268224,11.966751789041364,3053.656,5.821148055892008,1.4,1,0,-0.011383139882969795,0,0.00021806949138243327
B0036,111,271,24.0,1.6722180144870118,83.61090072435059,4.183400261585032,2.6913462011853904,2.6913462011853904,3.4554390863736857,0.21433636606372564,1.978252788411394,23.887764821648776,36.23919416621716,30.90915966232928,12.351429344568384,3031.953,5.767637752952111,1.4,1,0,-0.011967458348028703,0,-0.002565641641457361
B0036,112,273,24.0,1.6675976965747183,83.37988482873591,4.182983775132015,2.6988025346836504,2.6988025346836504,3.453636642746737,0.2140637606109361,1.9782840417249774,23.46091272019914,35.989930424393194,30.586499493516442,12.529017704194054,3023.5,5.748603531555614,1.4,1,0,-0.004620317912293448,0,-0.0025424374854082997
B0036,113,277,24.0,1.6781873787039017,83.90936893519509,4.182242945113323,2.6523436778902467,2.6523436778902467,3.4530724754532334,0.21679766127171937,1.978213800283229,23.655956556678372,36.752805224654765,31.078305845971443,13.096848667976392,3042.703,5.784333257846317,1.4,1,0,0.01058968212918332,1,-0.003243293003773973
B0036,114,279,24.0,2.4440624320786557,122.20312160393279,4.519252349646744,2.691307184686052,2.691307184686052,3.626510481777051,0.32343985961524574,1.9837057741381123,26.964036538169903,38.49714613607372,33.98757612493629,11.533109597903813,4424.203,8.847102780602796,1.4,1,0,0.765875053374754,1,0.14969876387212908
B0036,115,283,24.0,1.6913403148932205,84.56701574466102,4.181498148571605,2.6565288043863395,2.6565288043863395,3.466145279289297,0.21668145112376222,1.9781440584613479,25.485015028975592,37.31224141481378,32.26010764297862,11.827226385838191,3066.766,5.852028493016052,1.4,1,0,-0.7527221171854352,0,0.001430968411635991
B0036,116,285,24.0,1.6802787096613283,84.01393548306642,4.183236182358282,2.680162151919943,2.680162151919943,3.4640146950069006,0.21583834637061894,1.9784600594573567,24.536217553074003,36.59740421257035,31.42619925446257,12.06118665949635,3046.125,5.8098346587257845,1.4,1,0,-0.011061605231892147,0,0.0016121390348633024
B0036,117,287,24.0,1.673147301023026,83.6573650511513,4.183459695379538,2.686423419926791,2.686423419926791,3.4626259258314476,0.21564278067210368,1.9781834973907693,24.313945631849275,36.44126696853565,31.20956154006514,12.127321336686375,3033.625,5.7830137125067935,1.4,1,0,-0.007131408638302306,0,0.001109920889661531
B0036,118,289,24.0,1.6704292090032429,83.52146045016214,4.183446864929328,2.672431142055385,2.672431142055385,3.4609363258654184,0.21686005559202942,1.97816336280146,24.159402325759643,36.32670051789851,31.078110221174402,12.167298192138865,3028.562,5.7706796315228885,1.4,1,0,-0.002718092019783125,0,-0.001551633940131758
B0036,119,291,24.0,1.6659903350115992,83.29951675057995,4.1830220046964035,2.6906755654263526,2.6906755654263526,3.4616449511434926,0.21557973457186877,1.9778390299632154,24.11047746783248,36.29811998606583,31.053614094154142,12.187642518233346,3020.984,5.756331396631544,1.4,1,0,-0.004438873991643666,0,-0.1556144194134113
B0036,120,295,24.0,1.664241575272447,83.21207876362236,4.180942847373935,2.697829479340451,2.697829479340451,3.46014320685645,0.21472701579467898,1.9780641124929104,24.040366415833333,36.315665405173284,31.06053283354067,12.275298989339952,3017.391,5.747934920014112,1.4,1,0,-0.001748759739152117,0,-0.005419747924154672
B0036,121,297,24.0,1.6668450767774965,83.34225383887483,4.182939031295494,2.6506127411002423,2.6506127411002423,3.4580980197093147,0.21932461355617713,1.9780348126637537,23.98776681809267,36.31712206468977,30.97728291917627,12.3293552465971,3022.14,5.75361937098484,1.4,1,0,0.0026035015050493993,0,-0.002686726576766363
B0036,122,299,24.0,1.6594501560667536,82.97250780333768,4.183242834674278,2.690672074169337,2.690672074169337,3.459389982444422,0.215964267564871,1.9777931454666962,23.93192130983737,36.228571111440864,30.93918723715448,12.296649801603493,3009.016,5.729995280522284,1.4,1,0,-0.0073949207107428805,0,-0.0027394289912544777
B0036,123,301,24.0,1.662412523067319,83.12062615336595,4.183686841202558,2.6272249252599598,2.6272249252599598,3.455631406481116,0.22179176413709617,1.9775654046883246,23.916275195556413,36.35810336081934,30.926289651305336,12.44182816526293,3014.672,5.7341259623588705,1.4,1,0,0.0029623670005654024,0,-0.0016033371871847723
B0036,124,303,24.0,1.6603526083225701,83.01763041612851,4.183358354217051,2.6243035932050947,2.6243035932050947,3.4549175745634897,0.22223928174550103,1.9777096278151205,23.85422362012047,36.29901438256062,30.863054927475556,12.44479076244015,3010.703,5.725760283937072,1.4,1,0,-0.0020599147447488697,0,-0.001127545337805813
B0036,125,307,24.0,1.6610231379633236,83.05115689816618,4.182728484057378,2.6669662761212,2.6669662761212,3.4567232383364708,0.21860565314184593,1.977833418220376,23.973964763529754,36.42868217427085,31.038017243387284,12.454717410741093,3011.75,5.730986464688112,1.4,1,0,0.0006705296407534256,0,-0.0006436874618247046
B0036,126,309,24.0,1.6575187557321613,82.87593778660806,4.183261908566686,2.6573427494924386,2.6573427494924386,3.4566056806279244,0.21964114797237452,1.977513435934886,24.044500439757304,36.39664144336581,31.04050751190746,12.352141003608505,3005.734,5.718651746146993,1.4,1,0,-0.0035043822311622286,0,-0.0018652642090670301
B0036,127,311,24.0,1.6507877959674548,82.53938979837274,4.18311243036497,2.6914302974482167,2.6914302974482167,3.457263997632369,0.21680050519250443,1.9773123626836613,23.933794489972804,36.317435246585276,30.957302786226403,12.383640756612472,2993.75,5.696556190174296,1.4,1,0,-0.006730959764706501,0,-0.0017324720198597543
B0036,128,313,24.0,1.6532570062110141,82.66285031055071,4.183070833738956,2.641029666264374,2.641029666264374,3.4540018182289085,0.2214115099962362,1.9773999985000372,23.882500321932156,36.40596657880105,30.945276932009087,12.523466256868893,2998.125,5.699769419583031,1.4,1,0,0.0024692102435592833,0,-0.001831103371260978
B0036,129,315,24.0,1.6494214846772686,82.47107423386343,4.183138406019062,2.6663067674348446,2.6663067674348446,3.454729708764956,0.2194998327137389,1.9775454272489617,23.85889839933444,36.28093983069052,30.888914324823496,12.422041431356082,2990.859,5.687675901818477,1.4,1,0,-0.003835521533745556,0,-0.0021862247290603152
B0036,130,319,24.0,1.6678591915666705,83.39295957833353,4.182455979762661,2.6520245119510846,2.6520245119510846,3.4602322781016106,0.219298472969814,1.977556174123632,25.077183710470603,37.95295717388789,32.321489418619095,12.875773463417286,3024.453,5.76064658372959,1.4,1,0,0.01843770688940194,1,0.0013672107206693872
B0036,131,321,24.0,1.670862764324967,83.54313821624835,4.183464386226038,2.650846498933422,2.650846498933422,3.4653467037084007,0.21964975499698547,1.9769835735935626,26.427334914499774,38.41829396059596,33.23510488083581,11.990959046096187,3030.765,5.779449528087726,1.4,1,0,0.0030035727582964356,0,0.00266880171856112
B0036,132,323,24.0,1.6658118164053368,83.29059082026684,4.1834582213062665,2.636443131108017,2.636443131108017,3.4612961227490118,0.22153680064258716,1.9774113966642073,25.91192188569918,37.82488704281872,32.672384089467116,11.912965157119544,3020.813,5.75525682420666,1.4,1,0,-0.005050947919630122,0,0.003004804087576396
B0036,133,325,24.0,1.6532998517617,82.664992588085,4.183218486473692,2.6573768263158466,2.6573768263158466,3.4568319834213184,0.22055099860532276,1.9773199609696597,24.731468669929278,36.92206046060923,31.627875999689845,12.190591790679953,2998.156,5.704377145193412,1.4,1,0,-0.012511964643636908,0,8.569110137157665e-06
B0036,134,327,24.0,1.6468787023528522,82.3439351176426,4.183226539078387,2.661750337550587,2.661750337550587,3.454274871932744,0.22039215943858695,1.9771073220010116,24.187424047418236,36.61884081007243,31.234092745007935,12.431416762654191,2986.766,5.678023066877706,1.4,1,0,-0.006421149408847748,0,-0.0005085564648832808
B0036,135,331,24.0,1.6718953249703756,83.59476624851878,4.174188697059862,2.6766475071440374,2.6766475071440374,3.459039144301172,0.21556994833318247,1.9761775564887942,24.797361685163395,37.26760229905419,31.95070753872921,12.470240613890795,3032.328,5.772256844777555,1.4,1,0,0.025016622617523465,1,0.0008072266807410244
B0036,136,335,24.0,1.6807743463585727,84.03871731792863,4.181276067644604,2.683234032060573,2.683234032060573,3.466556169993412,0.21557113440173237,1.9775382652377453,25.886324791761123,38.257226591815964,32.94223311807837,12.370901800054842,3047.703,5.815912791039335,1.4,1,0,0.008879021388197073,1,0.001982316406721152
B0036,137,337,24.0,1.6737717086703074,83.68858543351537,4.18302191595724,2.622356052772389,2.622356052772389,3.4591810827626084,0.22263234156430609,1.977527154273711,25.126850170632515,37.22999793294153,31.941852555671353,12.103147762309014,3034.968,5.779216614986392,1.4,1,0,-0.007002637688265256,0,0.001591978452994125
B0036,138,339,24.0,1.6605773762487392,83.02886881243697,4.183316981130492,2.6656468752025866,2.6656468752025866,3.4577876655294553,0.21931649544518309,1.9769664559960938,24.5201326514295,36.750095375605376,31.44720711271493,12.229962724175877,3011.7339999999967,5.731218877916372,1.4,1,0,-0.0131943324215682,0,0.0014555048974078666
B0036,139,341,24.0,1.655987781146086,82.7993890573043,4.18287034740269,2.6416903037262225,2.6416903037262225,3.454417180570097,0.22226889008335923,1.9771854714072983,24.24149688736979,36.461339694064534,31.12482497372082,12.219842806694743,3002.922,5.709697730059362,1.4,1,0,-0.004589595102653332,0,0.0018218157586467499
B0036,140,343,24.0,1.6468623183898439,82.34311591949219,4.1822874952480555,2.6595878021770023,2.6595878021770023,3.4527482715790674,0.2218500245087435,1.9768884059107226,24.09094831485414,36.121581178683655,30.75545169222773,12.030632863829517,2986.718,5.676003551660643,1.4,1,0,-0.009125462756242042,0,-0.0050066013161063514
B0036,141,347,24.0,1.6574621175432847,82.87310587716424,4.18108382304436,2.687257575540443,2.687257575540443,3.460599249296477,0.21833213346610744,1.9767960110088925,25.751254773128128,37.62901534109348,32.32491302674166,11.87776056796535,3006.203,5.7257238334670975,1.4,1,0,0.010599799153440781,1,-0.00466244576305761
B0036,142,349,24.0,1.6603991175216894,83.01995587608447,4.18258237874211,2.6749338603361448,2.6749338603361448,3.4634741461937795,0.21944312050787482,1.9766590715947012,26.42828853226754,38.17206500603514,32.9527098749988,11.7437764737676,3011.609,5.740812372302785,1.4,1,0,0.0029369999784047973,0,-0.0026745182297235994
B0036,143,351,24.0,1.6460789092837111,82.30394546418556,4.182469644453435,2.6883490982654625,2.6883490982654625,3.458931693641407,0.21951566449703488,1.9763441035961147,25.550759498017122,37.074417465672504,31.963338156822648,11.523657967655382,2985.953,5.683606569046745,1.4,1,0,-0.014320208237978305,0,-0.0028996933930056203
B0036,144,353,24.0,1.6408366462659327,82.04183231329664,4.182289875103196,2.6341133806914536,2.6341133806914536,3.4515443093644445,0.22490428721657654,1.976398819741924,24.621886696110437,36.555960407488875,31.192560893948695,11.934073711378439,2976.3129999999946,5.6533473244396815,1.4,1,0,-0.005242263017778415,0,-0.0030302269760306365
B0036,145,355,24.0,1.6344408920281601,81.722044601408,4.182381246517502,2.6535520046660226,2.6535520046660226,3.451340191696518,0.22320709035139324,1.9763560129084317,24.262742575974304,36.35822055804636,31.01189616418059,12.095477982072058,2964.75,5.63039439394061,1.4,1,0,-0.006395754237772611,0,-0.0024842852723367505
B0036,146,359,24.0,1.6374039186504212,81.87019593252106,4.18080325573756,2.682065697865543,2.682065697865543,3.4541105051819967,0.2197676646558832,1.9764726236625383,24.686907008789447,37.04815005782166,31.59342641124915,12.361243049032211,2969.953,5.645313660071476,1.4,1,0,0.0029630266222611112,0,-0.004011639778572685
B0036,147,361,24.0,1.64738207540524,82.369103770262,4.182113945486228,2.623022825320866,2.623022825320866,3.456542656900933,0.22518607963561932,1.9761971299509842,25.816866325416914,37.78142773101782,32.451352345308976,11.964561405600907,2988.453,5.684006141953082,1.4,1,0,0.009978156754818723,1,-0.002603408423289899
B0036,148,363,24.0,1.6545646441622355,82.72823220811178,4.1824959224325715,2.638877668106794,2.638877668106794,3.462836576734922,0.22182402096532275,1.976435899887901,26.755245728305425,38.98412239569435,33.70907658061942,12.228876667388924,3001.235,5.718762613761539,1.4,1,0,0.007182568756995522,1,0.0016971469757048664
B0036,149,365,24.0,1.640896560729935,82.04482803649675,4.182691760459621,2.6345026369215763,2.6345026369215763,3.455642847223531,0.22382263866916685,1.9764723723079625,25.58869683230516,37.65911041193654,32.3628652503866,12.070413579631378,2976.234,5.659586393503177,1.4,1,0,-0.013668083432300415,0,1.198289280046616e-05
B0036,150,367,24.0,1.6265229979339635,81.32614989669817,4.182876278594965,2.6856425973144904,2.6856425973144904,3.453765407751183,0.2198334411977994,1.9762622330108464,24.619139864586174,36.92167189475025,31.558941182174713,12.302532030164073,2950.39,5.606705557644838,1.4,1,0,-0.014373562795971573,0,-0.0015835788188393262
B0036,151,371,24.0,1.6217349144630457,81.08674572315229,4.180649883777921,2.68786797873656,2.68786797873656,3.4500406564088526,0.21993037010917416,1.9761878164815234,24.10244601797147,36.59954969750561,31.135887556686384,12.497103679534138,2941.719,5.584052652175034,1.4,1,0,-0.004788083470917748,0,-0.003133800837475098
B0036,152,373,24.0,1.6248200059639546,81.24100029819773,4.182680164994964,2.6302060684262494,2.6302060684262494,3.447400483446299,0.2252548542639541,1.9763905482451505,23.95082865990807,36.62217023847058,31.04112225235265,12.671341578562512,2946.969,5.590241131342415,1.4,1,0,0.003085091500908854,0,-0.004512413888257072
B0036,153,375,24.0,1.61880119736137,80.9400598680685,4.182616597040702,2.6641914790243417,2.6641914790243417,3.449026045033965,0.22249807020490783,1.9763256382870518,23.999137351199927,36.590898812608955,31.054879323980543,12.591761461409028,2936.171,5.57226789322107,1.4,1,0,-0.0060188086025845244,0,-0.007152689360173081
B0036,154,377,24.0,1.6137350490334217,80.68675245167108,4.1822968821994175,2.689303373660729,2.689303373660729,3.450376630404453,0.22037799066578243,1.9759798296965352,24.081987559678097,36.59234456560626,31.10833607101402,12.510357005928164,2927.281,5.557032887228387,1.4,1,0,-0.005066148327948383,0,-0.0054323023393026745
B0036,155,379,24.0,1.612012823654141,80.60064118270705,4.182535478785295,2.65147651386545,2.65147651386545,3.447000121773302,0.22414682459865776,1.9758094796920176,23.902612817030516,36.48018480302178,30.944663670795183,12.577571985991263,2924.422,5.54553396401982,1.4,1,0,-0.0017222253792807951,0,-0.0029020348559645193
B0036,156,383,24.0,1.6671032556887178,83.35516278443589,4.168926346337092,2.6896892125914618,2.6896892125914618,3.4669760884346075,0.21019274465767648,1.9763325577592548,25.52595713846892,38.23567263982747,32.6791979812127,12.709715501358549,3023.859,5.7692918999128215,1.4,1,0,0.055090432034576864,1,0.009073668245134402
B0036,157,387,24.0,1.6850133383886254,84.25066691943127,4.181261244136992,2.6628469651561684,2.6628469651561684,3.4736386683731344,0.21636924766242918,1.9764828677632524,26.485016945616803,37.930952706812825,33.03296653786076,11.445935761196022,3056.172,5.842196926192604,1.4,1,0,0.01791008269990768,1,0.01203866648493417
B0036,158,389,24.0,1.6786654987614698,83.93327493807348,4.182790224481656,2.626900680068646,2.626900680068646,3.467958204671299,0.2196489481680712,1.9762113672371753,25.44849328171353,37.19257582780181,32.14080730031082,11.74408254608828,3045.078,5.810708305207834,1.4,1,0,-0.0063478396271556825,0,0.011972860280019936
B0036,159,391,24.0,1.6729763502191373,83.64881751095686,4.182456210343196,2.6081515730092875,2.6081515730092875,3.4632760700749996,0.22114993904938612,1.9764506704962272,24.733537220313277,36.76201438343683,31.54659714469647,12.02847716312355,3034.25,5.783261507144639,1.4,1,0,-0.0056891485423324895,0,0.011848260237143115
B0036,160,393,24.0,1.666489034299654,83.3244517149827,4.182764774519028,2.6357331981420877,2.6357331981420877,3.4628276335315356,0.21909914268759315,1.976336702286546,24.45996796354211,36.54833629882202,31.32211217550974,12.088368335279913,3022.609,5.759639593819206,1.4,1,0,-0.006487315919483372,0,0.0108952421291026
B0036,161,395,24.0,1.6698420840710908,83.49210420355455,4.18302689884869,2.629018498984386,2.629018498984386,3.4646012546935614,0.21900275132599561,1.976177626775224,24.83899714715284,37.37954300419149,31.944476209251814,12.540545857038651,3028.828,5.7745684872540775,1.4,1,0,0.003353049771436911,0,0.0005477656764746097
B0036,162,399,24.0,1.6746744228027035,83.73372114013517,4.180963257164536,2.6266603184816235,2.6266603184816235,3.4679372219489957,0.21921718084252587,1.9760041905736139,26.090290835837656,38.17965570439169,32.95970790517297,12.089364868554036,3037.875,5.79668178802323,1.4,1,0,0.0048323387316127064,0,-0.002067783117184385
B0036,163,401,24.0,1.6665045335145643,83.32522667572822,4.182690496903405,2.602450788874241,2.602450788874241,3.462497796397771,0.22288065993874887,1.975873938296025,25.366922141971123,37.06880928199277,31.94954978552722,11.701887140021647,3023.187,5.759489768833133,1.4,1,0,-0.00816988928813922,0,-0.002432193049381093
B0036,164,403,24.0,1.6522220848347273,82.61110424173637,4.182466447324255,2.662872873818505,2.662872873818505,3.4597555835668237,0.21786848429966169,1.976044015388604,24.102557617438656,36.3207199175235,31.016509562928245,12.218162300084842,2996.922,5.705054546009839,1.4,1,0,-0.014282448679836968,0,-0.004150853076881988
B0036,165,405,24.0,1.6462718275099526,82.31359137549762,4.182351343336321,2.6641259048235493,2.6641259048235493,3.4575027462160053,0.2180255552135915,1.9757551706068877,23.71272299638352,36.10688426616758,30.717850318637232,12.394161269784064,2986.469,5.680703016366021,1.4,1,0,-0.0059502573247747215,0,-0.004043441357940258
B0036,166,407,24.0,1.642399234692521,82.11996173462605,4.182754745413883,2.6980994427054057,2.6980994427054057,3.4593887120996203,0.21514927990906424,1.9758263113357128,23.744852385408038,36.31248307899438,30.879779806825745,12.567630693586345,2979.219,5.670446937674487,1.4,1,0,-0.003872592817431686,0,-0.0054885698757139775
B0036,167,411,24.0,1.651178607099992,82.5589303549996,4.180861110367055,2.649240292513478,2.649240292513478,3.459697403340653,0.21880074751113185,1.9759776263748132,24.593066334491724,37.07549861586275,31.650221324336044,12.482432281371025,2995.047,5.701390232817082,1.4,1,0,0.008779372407471175,1,-0.004699163140542284
B0036,168,413,24.0,1.6481683120281931,82.40841560140966,4.182794520703595,2.691344905562854,2.691344905562854,3.4641295904583864,0.2158803102970941,1.975719002321735,25.086817061257822,37.414877687125575,32.06625589927076,12.328060625867753,2989.828,5.698328081013211,1.4,1,0,-0.003010295071798952,0,-0.0036672442972742305
B0036,169,415,24.0,1.6478887725428397,82.39443862714198,4.182556061512275,2.6312837349184783,2.6312837349184783,3.460169463632063,0.22175114525304535,1.9757064745971156,25.19916169623783,37.09639528593206,31.895952062496796,11.897233589694231,2989.391,5.690763490625737,1.4,1,0,-0.00027953948535341944,0,-0.0008666624583775207
B0036,170,417,24.0,1.635843650915682,81.7921825457841,4.182810830291452,2.6584363442335084,2.6584363442335084,3.4561756716228116,0.21983833031795239,1.9757629054586396,24.06432938230644,36.366051667033084,30.985495506316067,12.301722284726644,2967.2810000000027,5.642391626845797,1.4,1,0,-0.012045121627157762,0,-0.0020856353188541286
B0036,171,419,24.0,1.6332362811945516,81.66181405972758,4.182635286848819,2.6231998193879877,2.6231998193879877,3.452053305545746,0.22295661802671277,1.9757208321303017,23.69221429084063,36.234238027710575,30.72140290899611,12.542023736869943,2962.609,5.6269159301577325,1.4,1,0,-0.0026073697211304037,0,-0.0018325906995938722
B0036,172,423,24.0,1.629926467682987,81.49632338414935,4.180865480888278,2.633671931011382,2.633671931011382,3.4498706612134633,0.22221912606401995,1.9753838232885894,23.39948513363078,36.13330283566238,30.525764579406868,12.733817702031597,2957.016,5.611920244922284,1.4,1,0,-0.0033098135115645633,0,-0.00425042788340102
B0036,173,425,24.0,1.6387862629287224,81.93931314643612,4.182278121427216,2.613160298710749,2.613160298710749,3.4562888987795763,0.22344397621008863,1.9753747226034408,24.79490684441731,37.40631592104371,31.861104818689885,12.611409076626405,2973.281,5.6531205278775145,1.4,1,0,0.008859795245735436,1,-0.0018764098198941425
B0036,174,427,24.0,1.6359654863840773,81.79827431920387,4.182870580087216,2.664776371262019,2.664776371262019,3.4606240664312637,0.21925592037773944,1.9753588071492805,25.35080339320395,37.77076533558071,32.31201872670814,12.419961942376762,2968.016,5.650320358769515,1.4,1,0,-0.002820776544645076,0,-0.002384657231752474
B0036,175,429,24.0,1.631137043967566,81.55685219837831,4.1827611176443975,2.632939371611515,2.632939371611515,3.456019242182233,0.22322340245297523,1.975257971644178,25.02376482743271,37.14813436098321,31.793010248024903,12.124369533550496,2959.281,5.625964133047641,1.4,1,0,-0.004828442416511258,0,-0.0009413213896231731
B0036,176,431,24.0,1.6220189720888463,81.10094860444231,4.182395237195288,2.6282834158429433,2.6282834158429433,3.450712115143618,0.22397735313990255,1.9752191259041325,24.04981502008897,36.53239990681521,31.01748043918613,12.482584886726237,2942.797000000006,5.585957416590344,1.4,1,0,-0.009118071878719824,0,-0.0022434618211410575
B0036,177,435,24.0,1.6416044978422155,82.08022489211078,4.174632559195338,2.6382695335398956,2.6382695335398956,3.457628617948717,0.22022226751940596,1.974872083562542,25.605066892024084,37.81511547301817,32.52627247756125,12.210048580994084,2978.89,5.6651170390472,1.4,1,0,0.01958552575336925,1,0.002335606031845705
B0036,178,439,24.0,1.6253090231457805,81.26545115728902,4.180584396863127,2.666855394758346,2.666855394758346,3.453055943057908,0.2199759421932337,1.9750892690302662,23.961298770311092,36.404593910301536,30.971239918679984,12.443295139990443,2948.891,5.601060763192658,1.4,1,0,-0.016295474696434997,0,-0.0026954479565883815
B0036,179,441,24.0,1.6196134522239483,80.9806726111974,4.182257880042593,2.645771603606621,2.645771603606621,3.450668341610227,0.22232710357911042,1.9750429933939881,23.699185975414434,36.31178502135717,30.76463270446893,12.612599045942734,2938.547,5.577507748235072,1.4,1,0,-0.00569557092183226,0,-0.0032704068320258185
B0036,180,443,24.0,1.6124236174774371,80.62118087387185,4.1825612222864805,2.6749192828697232,2.6749192828697232,3.450902810317066,0.22029118342795845,1.9749799926549043,23.596112011288277,36.180551238597374,30.660177115279623,12.584439227309097,2925.484,5.553080549879548,1.4,1,0,-0.007189834746511137,0,-0.003742685298025794
B0036,181,445,24.0,1.6077701029913394,80.38850514956697,4.18253016588314,2.6772635289500464,2.6772635289500464,3.4500594839606094,0.22048025062971296,1.97477870534949,23.538863073507855,36.10348020899565,30.586674094126863,12.564617135487794,2917.297,5.535538854319744,1.4,1,0,-0.004653514486097743,0,-0.0028497738195013777
B0036,182,447,24.0,1.6088077531981582,80.44038765990791,4.1821683496152,2.651409246777448,2.651409246777448,3.449110812692783,0.22279449524075134,1.9749290488260167,23.77839028946409,36.398158452424276,30.83253477381729,12.619768162960185,2918.938,5.537681578502675,1.4,1,0,0.0010376502068187854,0,-0.00655934892881147
B0036,183,451,24.0,1.6083556258734268,80.41778129367134,4.180042578142461,2.6359845840555653,2.6359845840555653,3.4458169090139847,0.2242177261168236,1.9747449903353,23.5423470621367,36.348677496156625,30.68860522383244,12.806330434019927,2918.25,5.5308457466776355,1.4,1,0,-0.0004521273247313218,0,-0.003390679454470735
B0036,184,453,24.0,1.6068202519011539,80.34101259505769,4.18247008024948,2.6203632515294,2.6203632515294,3.4453799620249113,0.22630771219057688,1.9747270429184278,23.518786512911753,36.30340414585353,30.620490468656016,12.784617632941774,2915.4839999999967,5.524638004096327,1.4,1,0,-0.0015353739722729909,0,-0.0025586400645588813
B0036,185,455,24.0,1.601770977206713,80.08854886033565,4.182316019784006,2.6353503124760125,2.6353503124760125,3.445133112798374,0.22538269344027287,1.9748519715505966,23.47888485326248,36.26566178605087,30.598226708173872,12.786776932788392,2906.015,5.50705334367197,1.4,1,0,-0.005049274694440831,0,-0.00213052805414482
B0036,186,457,24.0,1.594911734692208,79.7455867346104,4.182271283338991,2.665160202735034,2.665160202735034,3.4458558996634645,0.2229604095203474,1.9743987343803497,23.39662363977643,36.17313667131571,30.522404975221356,12.776513031539281,2894.14,5.4844605889213645,1.4,1,0,-0.006859242514505093,0,-0.00257167365982629
B0036,187,459,24.0,1.5938139125387372,79.69069562693686,4.182247103438741,2.6439462094074133,2.6439462094074133,3.4444897117952333,0.22512786561253603,1.9743953769070435,23.49715874641186,36.20038317528244,30.572012594415884,12.70322442887058,2892.031,5.47845766969112,1.4,1,0,-0.0010978221534707622,0,-0.0029987681318841995
B0036,188,463,24.0,1.5920273129504596,79.60136564752298,4.182668785784587,2.680823910703161,2.680823910703161,3.4452529094036595,0.22231309486729872,1.9745565504466334,23.384507843620888,36.12974352283867,30.525594309542488,12.745235679217785,2888.719,5.473697528316486,1.4,1,0,-0.0017865995882775376,0,-0.003265662584593443
B0036,189,465,24.0,1.5847361549778751,79.23680774889375,4.182325389472558,2.6584332895177942,2.6584332895177942,3.4433682977623126,0.22445475555271213,1.9743485288471663,23.33389160673618,36.15128962766672,30.460152624234137,12.81739802093054,2875.641,5.445274459281244,1.4,1,0,-0.0072911579725845055,0,-0.004416819384655745
B0036,190,467,24.0,1.5763429363936798,78.817146819684,4.1817196130714,2.6858136443865597,2.6858136443865597,3.444044633354944,0.22215546087009977,1.9740794817151763,23.31766376604005,36.06503580876304,30.42634729502671,12.747372042722994,2860.7810000000027,5.4173796240832255,1.4,1,0,-0.008393218584195283,0,-0.005085608162606637
B0036,191,469,24.0,1.5720229174642286,78.60114587321144,4.1819812339971225,2.686590802386354,2.686590802386354,3.4436657042772842,0.22227527135617425,1.9739791964844613,23.35410575614813,36.12802521407918,30.477932880980596,12.77391945793105,2852.844,5.40181035872165,1.4,1,0,-0.004320018929451219,0,-0.004577763445595862
B0036,192,471,24.0,1.5729874285512353,78.64937142756176,4.182031710997783,2.6569680605487678,2.6569680605487678,3.4414697554582165,0.22512412328638,1.9739892815959978,23.28005395267094,36.26774799217623,30.47370962894708,12.987694039505293,2854.64,5.401732803856277,1.4,1,0,0.0009645110870066809,0,-0.004165296797500373
B0036,193,475,24.0,1.596985400389019,79.84927001945094,4.1803143719336,2.676038889381632,2.676038889381632,3.4563046908197936,0.22212151395008622,1.9743635806531243,26.39047325775337,38.43630283495838,33.14386747805384,12.045829577205012,2897.844,5.5082626462286335,1.4,1,0,0.023997971837783627,1,0.00099161748771186
B0036,194,477,24.0,1.595726023703856,79.7863011851928,4.182021692835025,2.6188084347235887,2.6188084347235887,3.452089547010762,0.22758843050180735,1.9739686530082488,26.030348585874783,38.52063845392343,32.934539010545976,12.490289868048649,2896.063,5.497445585486012,1.4,1,0,-0.0012593766851629606,0,0.002197973745196169
B0036,195,479,24.0,1.579500338340559,78.97501691702796,4.182097383940862,2.645949573946669,2.645949573946669,3.4477573593842226,0.22634449575408988,1.9740791048008228,25.061429711988,37.489412293667954,31.954024468442526,12.427982581679952,2866.234,5.4343963429432085,1.4,1,0,-0.016225685363296938,0,0.000631480389375838
B0036,196,481,24.0,1.5629469877520186,78.14734938760093,4.181635590494091,2.6883439532038187,2.6883439532038187,3.4451953986146564,0.22287660240619994,1.9736801463901485,24.174865132255213,36.78751789975617,31.19189073934152,12.612652767500954,2836.609,5.3730809368679715,1.4,1,0,-0.01655335058854046,0,-0.0018151859424420103
B0036,197,483,24.0,1.5591129431541175,77.95564715770588,4.182118777318184,2.67894320816739,2.67894320816739,3.4432584336378476,0.2242079025207889,1.9737323749924904,23.931898582036833,36.62637340717898,30.99297651094941,12.694474825142148,2829.516,5.356684895328864,1.4,1,0,-0.003834044597901043,0,-0.002774897079423555
B0038,1,1,24.0,0.8980573709676724,44.902868548383616,4.053116638334503,2.1981645845929387,2.1981645845929387,2.883239659655731,0.270159849712368,3.952127452371893,25.045828878659496,51.693778100060996,38.8265055747093,26.6479492214015,982.938,3.1012193399700205,1.4,1,0,0.0,0,0.025788097693525792
B0038,2,5,24.0,1.1026236331914077,55.13118165957038,4.185045742756273,3.739176144590141,2.173538006790758,3.1713316750997853,0.390208836903272,2.99722690705762,26.196493190799377,51.136880141242045,40.49651673815248,24.94038695044267,1489.953,3.688031305636979,1.4,1,0,0.2045662622237353,1,0.025788097693525792
B0038,3,7,24.0,1.0885801879473431,54.42900939736715,4.18694152805074,3.74565835268959,2.191128315273502,3.1803732612872655,0.39163720318161793,2.957884019744667,25.227701500387003,51.3517572303697,40.3082686076966,26.124055729982697,1479.703,3.6161268970264557,1.4,1,0,-0.014043445244064534,0,0.025788097693525792
B0038,4,9,24.0,1.0613249847591086,53.06624923795543,4.187310082648276,3.754866896209215,2.1749283790642226,3.2014600077361552,0.39321590334519796,2.890891500138237,25.640112774955472,49.541551118224994,39.93347404849829,23.901438343269522,1468.172,3.5144260798278486,1.4,1,0,-0.02725520318823449,0,0.025788097693525792
B0038,5,11,24.0,1.0347062057983545,51.73531028991773,4.185977695675653,3.7569330382120274,2.1623047751632316,3.2011146598082543,0.4005242417468472,2.875691989787786,25.752349228851504,49.944004344349516,39.949996492029705,24.191655115498012,1457.0,3.4647344775602655,1.4,1,0,-0.026618778960754153,0,0.025788097693525792
B0038,6,13,24.0,1.0269978594353013,51.349892971765065,4.187105297284753,3.757563391717666,2.1523889970129018,3.1928056969575156,0.40616499929378097,2.899480377067548,25.941735119508724,50.47284162905345,40.03056196708513,24.531106509544724,1437.047,3.4400242520981723,1.4,1,0,-0.007708346363053176,0,0.025788097693525792
B0038,7,17,24.0,1.0785019710989419,53.92509855494709,4.1801269499252065,3.691515898182489,2.1947161370182617,3.0561380160526412,0.3169073344240922,3.65723892716497,25.583477326453725,49.83589725328242,39.44913263410249,24.252419926828694,1170.531,3.5697916390762074,1.4,1,0,0.05150411166364055,1,-0.00482433241849316
B0038,8,21,24.0,1.0638897478802845,53.194487394014224,4.183287084495845,3.749368155853596,2.1463956973341785,3.181450544509047,0.3939377338575549,2.967468445105371,25.519767465182188,50.058224679961086,40.058567746287395,24.538457214778898,1436.141,3.5259608476731006,1.4,1,0,-0.014612223218657405,0,-0.004938088013411735
B0038,9,23,24.0,1.0366551223324423,51.832756116622114,4.186120317256443,3.7557277312589634,2.1983669967426582,3.192741049083457,0.3930513054314971,2.9319888511060146,25.60075276084075,49.70254627455938,39.916070861462195,24.101793513718633,1420.172,3.4489388991899763,1.4,1,0,-0.027234625547842173,0,-0.004933972485333271
B0038,10,25,24.0,1.030941327482094,51.5470663741047,4.185843165124554,3.752340735576699,2.1858064268526136,3.167665290347624,0.40076113061554247,2.994495446145827,26.303485743705554,51.354295522888854,40.27645391572808,25.0508097791833,1397.0,3.446558267657953,1.4,1,0,-0.005713794850348286,0,-0.0007529756632520979
B0038,11,27,24.0,1.0140084541034655,50.700422705173274,4.18577643150753,3.75572124705977,2.151862863027953,3.1781927267469925,0.4038944063577585,2.9580193436340854,25.843775975618836,50.44246795838984,40.1754669430076,24.598691982771005,1393.25,3.4031485522727842,1.4,1,0,-0.016932873378628477,0,-0.002597881066367158
B0038,12,29,24.0,1.008516095994519,50.425804799725945,4.186351056855524,3.7526282593770146,2.164578187429903,3.1613474600189155,0.40660069742190136,3.001260117107958,26.26536642717303,51.33205933952721,40.41336717515726,25.06669291235418,1380.938,3.409965002168699,1.4,1,0,-0.005492358108946549,0,-0.013997175020884578
B0038,13,33,44.0,1.7419245088095903,87.09622544047951,4.177730241404494,2.544146072894049,2.180206803089782,3.608926624109929,0.2662108836921174,1.0022813853258807,29.07978656830067,49.52801806570102,44.29688064198706,20.44823149740035,6375.828,6.413867559599745,1.4,1,0,0.7334084128150713,1,0.13560695218586116
B0038,14,37,44.0,1.779741859708433,88.98709298542164,4.186047952234058,2.7548065144309724,2.1921466685430167,3.6118191487524745,0.2725590669442928,0.985523491989515,45.45025267019005,49.28701938671706,47.195451017988766,3.836766716527009,6574.671,6.532857484363489,1.4,1,0,0.03781735089884264,1,0.1486173474751981
B0038,15,39,44.0,1.7815666306452766,89.07833153226383,4.1888697784856515,2.7430478523430897,2.16658130125341,3.614149636005495,0.2708591808740772,0.9870171236405828,45.42053939905735,49.17905905171433,47.146072926598166,3.758519652656986,6571.156000000003,6.542236544524249,1.4,1,0,0.0018247709368437448,0,0.15012506063263653
B0038,16,41,44.0,1.7834859577156017,89.17429788578008,4.189402399305119,2.729451305200942,2.1366453580856253,3.6144683724527336,0.2704290047505109,0.9884125593394552,45.37067300223374,49.180910484252195,47.127641701986995,3.810237482018458,6569.11,6.5482693701997094,1.4,1,0,0.0019193270703250498,0,0.15389550072242725
B0038,17,43,44.0,1.7864411650415675,89.32205825207838,4.189680909293885,2.7474181899163344,2.1909799678189845,3.6165883435722845,0.2630497986714659,0.9883523609236716,45.33488321338891,49.05688408240341,47.09918641441624,3.7220008690144937,6558.75,6.54159431107518,1.4,1,0,0.0029552073259657696,0,0.1555850138094097
B0038,18,45,44.0,1.7859997608067948,89.29998804033974,4.190888869705268,2.740592156077783,2.166402675362294,3.6160610851845387,0.26517238502482754,0.9884509077751611,45.37150112359022,49.130320508041244,47.133209565495285,3.758819384451023,6567.516,6.550372459114254,1.4,1,0,-0.00044140423477267987,0,0.008815050399440905
B0038,19,49,44.0,1.7769523773001608,88.84761886500804,4.181002283827033,2.145739105715045,2.145739105715045,3.6257089708628913,0.24225513238004287,1.003966417823918,45.37791462670728,49.23198595690627,47.15436113022586,3.854071330198991,6430.172,6.505269525166644,1.4,1,0,-0.009047383506634032,0,-0.0005578964816544297
B0038,20,53,44.0,1.781428917321899,89.07144586609495,4.185716420658905,2.731697945279899,2.139096537674337,3.613285312724596,0.2662976941066206,0.9879674131883375,45.3907377329746,49.16417337699806,47.16342394557887,3.7734356440234578,6554.327999999994,6.529701206948877,1.4,1,0,0.00447654002173814,0,-2.7542664675550556e-05
B0038,21,55,44.0,1.7859452772697197,89.29726386348598,4.189305104838886,2.7384326313591996,2.1550256706410824,3.615119723068454,0.26424822858528424,0.9878904726854575,45.43325617987323,49.04035070342245,47.14213994735863,3.6070945235492147,6560.922,6.539024068301383,1.4,1,0,0.004516359947820847,0,0.000491863910823609
B0038,22,57,44.0,1.785208429691551,89.26042148457755,4.18986493402373,2.746400794000612,2.1776344857025127,3.6158365688729885,0.26205975032601236,0.9878187430421663,45.33971152172204,48.97912041843542,47.07812277465954,3.639408896713384,6559.047,6.537952261311548,1.4,1,0,-0.0007368475781688311,0,-0.0002465470700033112
B0038,23,59,44.0,1.783596609584544,89.17983047922719,4.18969019099711,2.747630527620357,2.1804158381574807,3.615503145763946,0.2616779337404626,0.9877368963424067,45.319344488667305,48.978872169562095,47.07326100880018,3.65952768089479,6553.781,6.531677018209842,1.4,1,0,-0.0016118201070070004,0,-0.00048063024445017534
B0038,24,61,44.0,1.7796783152744713,88.98391576372356,4.188353739927258,2.719823616034473,2.1075006723313274,3.6139392243174577,0.26609421180474707,0.9892953816503839,45.31900735151199,49.04045996790738,47.08146790123274,3.721452616395389,6540.187,6.524024762725713,1.4,1,0,-0.003918294310072623,0,0.0005451875948621066
B0038,25,65,44.0,1.7841102592788645,89.20551296394322,4.1880636486598535,2.737609337884886,2.1931517470679913,3.61791112455575,0.2555781052181191,0.9906537351245918,45.320651932078135,48.958853345028835,47.087615537529175,3.6382014129507,6535.922,6.533659658101392,1.4,1,0,0.0044319440043931735,0,0.0005362683913931132
B0038,26,67,44.0,1.7833032331592193,89.16516165796097,4.18971330698209,2.7361293707619,2.1577326042974923,3.615792342161085,0.26099628879884984,0.989093271752985,45.37139562907675,49.017772603097235,47.09422579980021,3.646376974020484,6544.078,6.529982352969588,1.4,1,0,-0.0008070261196451156,0,-0.0005284088221000794
B0038,27,69,44.0,1.7796186141356956,88.98093070678478,4.188131880621521,2.739028355835794,2.1621899189117855,3.6151540820598718,0.26039259325048403,0.9890153352338132,45.34607219062815,48.99249018111872,47.083185115341905,3.646417990490569,6531.187,6.515663243904871,1.4,1,0,-0.003684619023523794,0,-0.001117963111171072
B0038,28,71,44.0,1.7816592334352586,89.08296167176293,4.188632995029552,2.7505277338667278,2.199945094089768,3.616195897791123,0.2573635551390016,0.9888803362572581,45.33310592917303,48.94618497316047,47.06402084308688,3.6130790439874403,6528.562,6.513896458914072,1.4,1,0,0.002040619299563007,0,-0.0003874752298570705
B0038,29,73,44.0,1.7775911304124035,88.87955652062017,4.187315567169326,2.7316508139937423,2.1302151249881103,3.6135506508279374,0.2632459123283905,0.9888411357420203,45.3294590214142,49.0209427982368,47.07142767555465,3.6914837768226008,6525.187,6.506515506007616,1.4,1,0,-0.004068103022855096,0,-0.0004174369724135651
B0038,30,77,44.0,1.777701881971679,88.88509409858395,4.185614061431052,2.7349435129159385,2.164304791761506,3.615401963428833,0.2574330790233709,0.990311695204241,45.34515047350429,49.014180829264426,47.094941474493815,3.6690303557601354,6515.938,6.507817523563908,1.4,1,0,0.00011075155927553482,0,-0.0012816754614370929
B0038,31,79,44.0,1.7789547618270618,88.94773809135309,4.187423443092429,2.7268006092680546,2.103101288221301,3.6125287354843523,0.26533131510248703,0.9886847879265132,45.36159840464037,49.08755174393166,47.0995133510692,3.7259533392912942,6532.015,6.510614087226465,1.4,1,0,0.0012528798553828047,0,-0.0008696942664315089
B0038,32,81,44.0,1.7807753731135043,89.03876865567521,4.189956556608376,2.7298528786198637,2.1449886066523933,3.6160020417093457,0.2595407442060298,0.9902725483840611,45.32533979160533,49.000307836809725,47.07452189489319,3.6749680452043947,6527.922,6.520782896100187,1.4,1,0,0.0018206112864425084,0,0.00023135179556175168
B0038,33,83,44.0,1.778415319026661,88.92076595133305,4.188638643848675,2.72109627356931,2.1205293855533207,3.6145930156040587,0.26163690748531376,0.9902807469221099,45.365121647310644,49.05042538685695,47.12153419194554,3.685303739546306,6519.328,6.510255365600374,1.4,1,0,-0.002360054086843366,0,-0.0006487828817195229
B0038,34,85,44.0,1.7789773899108463,88.94886949554231,4.18985406755735,2.715835595747787,2.1339834463152427,3.616664144234103,0.2583148135069539,0.9919115001416685,45.41868911230955,49.08198729235301,47.15829653400459,3.663298180043462,6510.063,6.513357829984232,1.4,1,0,0.0005620708841853617,0,0.00027725189968856866
B0038,35,89,44.0,1.7792479347236045,88.96239673618022,4.187426609935154,2.6974556314530753,2.1093887147366805,3.616763225911199,0.2572154958946968,0.9933993302020114,45.40774909091807,49.132796873113755,47.161612217353984,3.7250477821956878,6501.718,6.512378929706905,1.4,1,0,0.0002705448127582333,0,0.00030921055038510834
B0038,36,91,44.0,1.7779204573685081,88.8960228684254,4.1891099360693005,2.708233762974499,2.098244904990502,3.6149940792944446,0.26098441628838387,0.9915864068538186,45.416891127180705,49.13552693190528,47.155567707969865,3.7186358047245776,6509.047,6.507502182152589,1.4,1,0,-0.001327477355096418,0,-0.00020686089171073618
B0038,37,93,44.0,1.779227040224144,88.9613520112072,4.188882636184117,2.719906646046518,2.1367946107881166,3.6159145027179576,0.2577400194495304,0.9915566919647099,45.37303438235529,49.04172173314357,47.13225621283967,3.668687350788275,6502.438,6.502306252717859,1.4,1,0,0.001306582855635785,0,-0.00030966657787208086
B0038,38,95,44.0,1.7760634320079352,88.80317160039675,4.188719922113697,2.7092879086208295,2.103206542363035,3.6146610547862235,0.26068538138282954,0.9916693008676862,45.39909362227385,49.09468753497383,47.13346886842004,3.6955939126999766,6502.047,6.500829578678817,1.4,1,0,-0.0031636082162087575,0,-0.0004703774037451591
B0038,39,97,44.0,1.775103937963957,88.75519689819785,4.187919103685645,2.745362962575004,2.1895312972615004,3.6150827947076762,0.25613276700746407,0.9899211411709551,45.397813850195334,49.057064718364046,47.176385542899524,3.659250868168712,6498.86,6.4888196478017,1.4,1,0,-0.0009594940439781041,0,-0.0007746903893778523
B0038,40,101,44.0,1.733064100138742,86.6532050069371,4.182064571336064,2.1594623220347016,2.1594623220347016,3.4389023365216986,0.24283542303503272,1.998396970742944,45.33453649038701,54.42193934195762,50.154407994251926,9.087402851570609,3162.047,6.04332787775135,1.4,1,0,-0.04203983782521514,0,-0.009236766916972528
B0038,41,105,44.0,1.7394892806215223,86.97446403107611,4.186493465177733,2.023065783993831,2.023065783993831,3.437169559941295,0.2530616398087539,1.9984105082586832,45.36603204152242,54.61602412701822,50.1979427615177,9.249992085495798,3173.141,6.062129742995601,1.4,1,0,0.0064251804827804015,1,-0.007686235349397164
B0038,42,107,44.0,1.7378064360392924,86.89032180196462,4.189706586585002,2.0028176202456365,2.0028176202456365,3.4370308930893247,0.255049025101329,1.9986993566870939,45.40187399104793,54.621843575697525,50.18895736512512,9.219969584649597,3169.844,6.056151605326611,1.4,1,0,-0.001682844582229892,0,-0.0082841208369703
B0038,43,109,44.0,1.730028145799833,86.50140728999165,4.188139594837195,2.061244397117138,2.061244397117138,3.437230626486004,0.2509160583326332,1.9982781324264294,45.36085945065003,54.57283441287881,50.178407502665095,9.21197496222878,3156.563,6.029776724264775,1.4,1,0,-0.007778290239459418,0,-0.009207057241620431
B0038,44,111,44.0,1.7290404566542985,86.45202283271493,4.189030830558383,2.030738155835073,2.030738155835073,3.4363115548278413,0.25337076857630053,1.9983559715990522,45.379750609523086,54.65884815489962,50.182509844874,9.279097545376537,3155.047,6.0254192741505905,1.4,1,0,-0.0009876891455344872,0,-0.009212696261931708
B0038,45,113,44.0,1.7286072907068815,86.43036453534407,4.18896901822918,2.1901431826977382,2.1901431826977382,3.4394075704239655,0.24337570908553197,1.998333813768599,45.3694541622979,54.51993729622157,50.173666427799,9.150483133923672,3142.312,6.006317429217882,1.4,1,0,-0.00043316594741704684,0,-0.0008913618863720885
B0038,46,117,44.0,1.52573884649634,76.28694232481699,4.17467236177005,2.11587711023423,2.11587711023423,3.0455602167949416,0.2757935699341979,3.967012008013358,45.3789326962188,69.28796559754325,58.41948951650429,23.90903290132445,1485.047,4.983431968496983,1.4,1,0,-0.2028684442105415,0,-0.04275008682503647
B0038,47,121,44.0,1.5301475534434217,76.50737767217109,4.186501078488458,2.052769819032336,2.052769819032336,3.0241360171924403,0.278166702045521,3.9673854309358183,45.41312547252811,69.86974573152932,58.954810986890266,24.456620259001213,1489.313,4.962487504019987,1.4,1,0,0.004408706947081731,0,-0.04153177651917415
B0039,1,1,24.0,0.11903831859341765,5.951915929670883,4.078134998132295,3.859776699654301,2.4897962179516666,3.3780267772090253,0.538171168977128,1.721873697269778,24.62407997958134,41.68577610887712,34.70141183965182,17.061696129295782,982.938,1.2975922184985231,1.4,1,0,0.0,0,0.06955578750372993
B0039,2,5,24.0,0.4729861500927512,23.64930750463756,4.201355916493729,3.9180747536229807,2.4756646285889476,3.5388339739777925,0.5058442241807848,1.377883039884962,25.903107974594406,42.96184230643531,34.602296282226774,17.058734331840903,1489.953,1.6175150158475866,1.4,1,0,0.3539478314993335,1,0.06955578750372993
B0039,3,7,24.0,0.16280793829202067,8.140396914601034,4.202305315856042,3.91622923424304,2.497942856856816,3.5283987355327224,0.5132511625607252,1.3957044211986638,24.924715387115683,43.606076550083,34.706915531211784,18.68136116296732,1479.703,1.6222129877090878,1.4,1,0,-0.3101782118007305,0,0.06955578750372993
B0039,4,9,24.0,0.4787632853388766,23.93816426694383,4.202793289604713,3.9152999918817555,2.480114715641411,3.523734020299432,0.5145956837011751,1.4141865198152141,25.402975519741428,43.90627471664096,34.771517765327,18.50329919689953,1468.172,1.6306912763012678,1.4,1,0,0.3159553470468559,1,0.06955578750372993
B0039,5,11,24.0,0.4711383364607152,23.55691682303576,4.203125866428561,3.9178411627152894,2.4872303300157066,3.5290210250014034,0.5134672684386695,1.406337937934001,25.491662424245995,44.013774813837145,34.709560141583104,18.52211238959115,1457.0,1.6130409028999482,1.4,1,0,-0.007624948878161397,0,0.06955578750372993
B0039,6,13,24.0,0.4668172561120673,23.340862805603365,4.203130606417118,3.918345474193499,2.489183697067473,3.528853302126734,0.5123313534370758,1.4176566556276204,25.669962904687367,42.922031048645835,34.65890294500357,17.252068143958468,1437.047,1.6075393420665192,1.4,1,0,-0.0043210803486478655,0,0.06955578750372993
B0039,7,17,24.0,0.4699932676625547,23.499663383127736,4.199225453541231,3.9170460525375406,2.498492440398465,3.4540436783572668,0.5226702163260363,1.705473881331845,25.358688820343374,43.24542727979999,35.44499437757343,17.886738459456616,1170.531,1.5910833679826006,1.4,1,0,0.003176011550487412,0,-0.0005985764860392928
B0039,8,21,24.0,0.4627052684317185,23.135263421585925,4.201734819728371,3.91949735990479,2.4971812527928607,3.53257704827921,0.5115030385881286,1.4096838491066872,25.333653457918995,43.86578283702087,34.6176662375867,18.532129379101878,1436.141,1.6011284981462268,1.4,1,0,-0.0072879992308362285,0,0.05997946602793956
B0039,9,23,24.0,0.46049447826560974,23.024723913280486,4.202672121596153,3.920380450058402,2.4988010332333745,3.5299976922060075,0.5139835868151456,1.4194566436507896,25.396407312266593,43.67270130471354,34.65017232704175,18.27629399244695,1420.172,1.5922375866064282,1.4,1,0,-0.002210790166108756,0,-0.003653761414653367
B0039,10,25,24.0,0.4412227248835694,22.06113624417847,4.202779797627703,3.9193561226894187,2.487295552712161,3.5156652919077627,0.5255544220699618,1.4501638910864296,26.02573788645917,43.79137016976176,34.822277873738145,17.765632283302594,1397.0,1.5924483273534387,1.4,1,0,-0.019271753382040346,0,-0.005983122315429157
B0039,11,27,24.0,0.44354421943965844,22.177210971982923,4.202689684084776,3.9217885975355085,2.4958019219001284,3.5295294248045366,0.51439863645334,1.4320028867788324,25.613816463376164,43.92654641714406,34.67233382014022,18.312729953767896,1393.25,1.58116765911233,1.4,1,0,0.002321494556089043,0,-0.0046546073344817755
B0039,12,29,24.0,0.4126655541164234,20.633277705821172,4.202868370613372,3.9246398292749243,2.498934011647546,3.52826089394077,0.5244588057673396,1.4238313498211541,25.974952256362137,43.36143647499468,34.74469432520436,17.386484218632546,1380.938,1.5494782584250786,1.4,1,0,-0.03087866532323502,0,-0.011465542709226261
B0039,13,33,44.0,1.7461791006389626,87.30895503194813,4.197294023274615,2.4987062304520014,2.4987062304520014,3.6461406726770127,0.23177190324533986,0.9931771469825759,29.839671858442113,48.10057733769074,44.007524345018545,18.260905479248624,6375.828,6.415438341925069,1.4,1,0,1.3335135465225392,1,0.25669476644144884
B0039,14,37,44.0,1.7695250734505363,88.47625367252682,4.204972433209606,2.8644920136636296,2.473002904156423,3.64392186740937,0.25630956112838954,0.9751844959464301,45.22052156277777,48.36094927051516,46.67611297517316,3.1404277077373877,6574.671,6.518895374965222,1.4,1,0,0.02334597281157369,1,0.2618061190369853
B0039,15,39,44.0,1.7715391419501945,88.57695709750972,4.208448210539393,2.870544179259461,2.4894344650176916,3.6463500592094675,0.2527958725924323,0.9752001313830848,45.18883546744048,48.205077970133914,46.6383045331837,3.016242502693437,6571.156000000003,6.520285910648541,1.4,1,0,0.002014068499658128,0,0.266063283413325
B0039,16,41,44.0,1.770625483958279,88.53127419791394,4.206863314961524,2.86545803047679,2.473981445559395,3.645585479395615,0.2535659860965016,0.9750119009804334,45.157055695148536,48.181498766889746,46.624310116631904,3.02444307174121,6569.11,6.516183279911379,1.4,1,0,-0.0009136579919155619,0,0.2654162529037241
B0039,17,43,44.0,1.7704040639447296,88.52020319723648,4.207946244454896,2.8583062890881923,2.4673788761032256,3.6468115454863126,0.25213791599748286,0.9763225329640914,45.13237645641425,48.22285805925047,46.60181681852236,3.0904816028362205,6558.75,6.515642791450524,1.4,1,0,-0.00022142001354930052,0,0.27154770196566125
B0039,18,45,44.0,1.7695081788801759,88.47540894400879,4.2072244946063195,2.862622669369267,2.458737817987512,3.6451349051966417,0.2543363018470686,0.9746122484452725,45.1673095285089,48.311132730789595,46.64079559317347,3.143823202280693,6567.516,6.512154820817226,1.4,1,0,-0.0008958850645537364,0,0.004665815648242644
B0039,19,49,44.0,1.7638356274269416,88.19178137134708,4.197666044398925,2.690217181001389,2.4562277920171924,3.6561026070574316,0.23035868696689416,0.9916407159003714,45.16833822407207,48.31988246057892,46.65269866016946,3.151544236506844,6430.172,6.485181376866009,1.4,1,0,-0.005672551453234309,0,-0.001137889204718956
B0039,20,53,44.0,1.7715725869786123,88.57862934893062,4.204483150939521,2.838804697287841,2.4379313646643412,3.6458870173477007,0.2520633930220158,0.9776620652375614,45.17501487963026,48.191612511475654,46.637301691869546,3.016597631845393,6554.327999999994,6.517420779508842,1.4,1,0,0.007736959551670752,1,6.689005683568894e-06
B0039,21,55,44.0,1.7701196454489683,88.50598227244842,4.208084129481043,2.851983687433126,2.4476008226100348,3.645766068703999,0.25296275800799084,0.97593374546125,45.17745711988059,48.22746339794149,46.62385161772923,3.0500062780608985,6560.922,6.514218797107626,1.4,1,0,-0.0014529415296440362,0,-0.00010116770186212598
B0039,22,57,44.0,1.7667569752860521,88.3378487643026,4.207142953751636,2.868316381369703,2.467377500135635,3.6446971444609972,0.252651143376755,0.9744225907364069,45.14665827666061,48.171946839870586,46.59535143073503,3.025288563209976,6559.047,6.502337953346604,1.4,1,0,-0.003362670162916137,0,-0.0007294177317354933
B0039,23,59,44.0,1.7648743629092642,88.24371814546322,4.207099547920701,2.8685912823039703,2.457416820096295,3.6438349804131214,0.25348293621294177,0.974188913140975,45.131977627080786,48.20204512091098,46.59281927437507,3.0700674938301944,6553.781,6.494195486594807,1.4,1,0,-0.0018826123767878844,0,-0.0009267631941823229
B0039,24,61,44.0,1.763838685943225,88.19193429716124,4.2078293027865055,2.870115708313202,2.4702283951852175,3.6455211713700875,0.2505800544160321,0.9756125007255607,45.11984303739906,48.208085483124755,46.595538716376765,3.0882424457256974,6540.187,6.491066346643601,1.4,1,0,-0.001035676966039345,0,6.117032566699266e-07
B0039,25,65,44.0,1.7657225752056789,88.28612876028394,4.204100239019515,2.8753307974666558,2.47756542534469,3.6442867502271574,0.24951021096450027,0.9755813105292195,45.148290061607135,48.216947901934525,46.61592285314662,3.06865784032739,6535.922,6.485243161261945,1.4,1,0,0.001883889262453975,0,-0.0011700023545866856
B0039,26,67,44.0,1.7645632809383045,88.22816404691523,4.2074857099225,2.885695693382612,2.480137502417058,3.6438395995465793,0.2513713419515984,0.9738266911786536,45.17807626258045,48.23861432117145,46.61306744285817,3.060538058591,6544.078,6.4824145516035765,1.4,1,0,-0.0011592942673743778,0,-0.0011112729021327539
B0039,27,69,44.0,1.7608991948479125,88.04495974239562,4.207164990362531,2.868451124114823,2.4411463439008707,3.6432430775983096,0.25318361085884816,0.9753455155568392,45.18850829294968,48.2409468668017,46.60739102749507,3.0524385738520223,6531.187,6.477274899339239,1.4,1,0,-0.003664086090392038,0,-0.001171556087627934
B0039,28,71,44.0,1.7598362095817717,87.99181047908858,4.207616345532635,2.871144340422436,2.4393843779206725,3.6429596917730023,0.25321060608275203,0.9751873224588044,45.11966524846153,48.28638353591076,46.59731896053421,3.1667182874492283,6528.562,6.47326208328578,1.4,1,0,-0.0010629852661407924,0,-0.0010076306654985157
B0039,29,73,44.0,1.7590955400143164,87.95477700071582,4.2070664717956285,2.900332202781231,2.49689484054888,3.6431420009845095,0.24996759257338994,0.973600435800719,45.17869174087897,48.23633627651948,46.60563234024716,3.057644535640513,6525.187,6.461375022353575,1.4,1,0,-0.0007406695674552211,0,-0.0009486291857816909
B0039,30,77,44.0,1.7560495443976523,87.80247721988262,4.204165409407158,2.8866415669450323,2.465533668800099,3.6420393576004138,0.2504550583171979,0.9749782353666531,45.1394559101059,48.268194411694395,46.62474216211915,3.1287385015884936,6515.938,6.458039481590596,1.4,1,0,-0.0030459956166641877,0,-0.0019346061616053235
B0039,31,79,44.0,1.7571677199949287,87.85838599974643,4.206316214831835,2.9079811204268897,2.487866062972102,3.6405822186622365,0.25222913595220003,0.9716620382516429,45.164010469481326,48.25892855404056,46.6386326424737,3.0949180845592323,6532.015,6.452599308979953,1.4,1,0,0.0011181755972764496,0,-0.0014791121886751578
B0039,32,81,44.0,1.7558911269459976,87.79455634729987,4.207136740728262,2.9086174173749444,2.480376897645346,3.640101281169697,0.2530854368802175,0.9715267495139145,45.20463502495329,48.27406092264485,46.62408082494751,3.069425897691559,6527.922,6.447328878275638,1.4,1,0,-0.0012765930489311295,0,-0.0010016135803829762
B0039,33,83,44.0,1.7533419072229914,87.66709536114958,4.207400407989978,2.8865299445557455,2.4235129554433494,3.6389138404319192,0.2565681603656234,0.9730307119584699,45.1700879241391,48.37743085469793,46.6573959514452,3.2073429305588306,6519.328,6.445831975026437,1.4,1,0,-0.0025492197230061464,0,-0.001298860471756047
B0039,34,85,44.0,1.7506673845335168,87.53336922667584,4.206904379532155,2.8962004017725365,2.4421166575524973,3.6390963886375602,0.2547418012522833,0.9728798847206629,45.24998047297183,48.34229218799801,46.69850634609825,3.0923117150261845,6510.063,6.436205839504183,1.4,1,0,-0.0026745226894746565,0,-0.0016856310961599341
B0039,35,89,44.0,1.7510006664162403,87.55003332081202,4.203796739473216,2.9150472637269185,2.48916723023537,3.639310178523211,0.2502376418090737,0.9727174864909481,45.207746825366904,48.35205523072366,46.70366699259687,3.144308405356753,6501.718,6.426041826109724,1.4,1,0,0.000333281882723524,0,-0.0010097755962823918
B0039,36,91,44.0,1.7496058853847873,87.48029426923937,4.207405098710311,2.9238223514296955,2.486277943958813,3.6382966465278597,0.25265965283452985,0.9708770463110533,45.20674778639636,48.36227474052515,46.69858207228199,3.1555269541287885,6509.047,6.4217494360724645,1.4,1,0,-0.001394781031452963,0,-0.0015123669220282743
B0039,37,93,44.0,1.7477359172183355,87.38679586091678,4.2069497463433745,2.920966629071032,2.4621592876012923,3.6368192187368806,0.254812370747353,0.9707991298367911,45.19191150961026,48.39407566049798,46.68478011498361,3.202164150887725,6502.438,6.412508987501626,1.4,1,0,-0.0018699681664517964,0,-0.0016310419455324078
B0039,38,95,44.0,1.7444225468099093,87.22112734049546,4.20717367641765,2.9126771811228678,2.419307605326947,3.634846725471178,0.2584752246552469,0.9707557236945537,45.220409788288535,48.40712816602448,46.691631182155156,3.186718377735943,6502.047,6.409182909387727,1.4,1,0,-0.003313370408426275,0,-0.0017838720826164334
B0039,39,97,44.0,1.743308366083936,87.16541830419679,4.206902271296153,2.9491037723111546,2.498091152649448,3.635905813888798,0.25322997230824,0.9689523533406329,45.36826817302604,48.476824345274245,46.752413955353425,3.108556172248207,6498.86,6.396634974684466,1.4,1,0,-0.0011141807259733572,0,-0.0014718036899161735
B0039,40,101,44.0,1.6556691733888471,82.78345866944235,4.196674813894532,3.2229625701172115,2.4729033909981424,3.470841442961561,0.23940916601378337,1.8974430595020169,45.15281912576537,52.90221489344579,49.300859599002976,7.749395767680419,3162.047,5.81763012337579,1.4,1,0,-0.0876391926950888,0,-0.01906629860547864
B0039,41,105,44.0,1.64297669457593,82.1488347287965,4.204257320385259,3.2823518538359906,2.482404434239833,3.4717307267626065,0.23916231335840674,1.8762420324359255,45.18827820385627,53.04880173105535,49.34643167372232,7.860523527199078,3173.141,5.777408297732445,1.4,1,0,-0.012692478812917019,0,-0.02132583816177145
B0039,42,107,44.0,1.6343822729361266,81.71911364680633,4.206474730273981,3.29761340757642,2.4529055944220666,3.470065952813119,0.24185450331795988,1.8688750583848932,45.21587468082209,53.017440171542674,49.35236153077406,7.801565490720584,3169.844,5.745973920627238,1.4,1,0,-0.008594421639803507,0,-0.02267072885644179
B0039,43,109,44.0,1.6265067062165601,81.32533531082801,4.206865048530781,3.306955689071913,2.442965370421763,3.468937839466871,0.24261219082171254,1.867958006398749,45.175535936809915,53.07430485716129,49.34646841409122,7.8987689203513725,3156.563,5.716265160233898,1.4,1,0,-0.007875566719566462,0,-0.02358316811866983
B0039,44,111,44.0,1.618865991735961,80.94329958679805,4.20677067664984,3.3278987239349314,2.450251182214539,3.468115577491925,0.24183162800230396,1.8603022549570993,45.17864637364531,53.15177003577248,49.35565140520816,7.973123662127172,3155.047,5.688006327696127,1.4,1,0,-0.00764071448059922,0,-0.024888474869595
B0039,45,113,44.0,1.6114968339209264,80.57484169604632,4.206575007421019,3.336319547616335,2.447037438010891,3.467077155738093,0.24221139680329878,1.8593929317608153,45.265329970183565,53.01718592680281,49.368284273788476,7.751855956619245,3142.312,5.66037682466089,1.4,1,0,-0.007369157815034555,0,-0.008834467893584153
B0039,46,117,44.0,1.3240805773461226,66.20402886730614,4.189131449421924,3.671589992954999,2.4740907394153795,3.2199500199575746,0.2969257345402976,3.2987430233514146,45.18802524583172,63.94078057196598,55.97390404609549,18.752755326134263,1485.047,4.279423541671003,1.4,1,0,-0.28741625657480374,0,-0.0637792234459615
B0039,47,121,44.0,1.3153386221697692,65.76693110848846,4.204083091786472,3.672855900249019,2.442276380666166,3.22661988786129,0.300399968494476,3.2988222829259044,45.21433150575771,64.14381595669508,55.95647115817562,18.929484450937366,1489.313,4.3034544967526465,1.4,1,0,-0.008741955176353455,0,-0.06380873015327149
B0040,1,1,24.0,0.6734628137095633,33.67314068547817,4.068028641979544,3.7929751665042963,2.689034363728547,3.2570770872838057,0.41539143624997615,2.4962950152812526,24.62082872256712,40.67740211970284,34.520854008155766,16.056573397135722,982.938,2.000587814147746,1.4,1,0,0.0,0,0.013407867550215325
B0040,2,5,24.0,0.7913062105760345,39.565310528801724,4.181329419378459,3.8336226953244608,2.6944224499802396,3.435168668765134,0.41017668274196684,1.9463194972486941,25.99999279807902,41.121867004450536,34.02922924081149,15.121874206371515,1489.953,2.4180204539546675,1.4,1,0,0.11784339686647116,1,0.013407867550215325
B0040,3,7,24.0,0.7865824034601745,39.329120173008725,4.182169713231169,3.835347321199846,2.6769978869674524,3.4309758033508495,0.4157749137036249,1.9456703600088228,24.887288378936834,41.63283156392668,34.012090723638956,16.745543184989845,1479.703,2.3963615000022283,1.4,1,0,-0.004723807115859957,0,0.013407867550215325
B0040,4,9,24.0,0.7795871426061582,38.97935713030791,4.182036902955657,3.836668294613852,2.675172001926867,3.4348636528845424,0.41429498101581497,1.944987147407484,25.430681788858024,41.715752737182754,33.978388906178346,16.28507094832473,1468.172,2.379966114841976,1.4,1,0,-0.00699526085401625,0,0.013407867550215325
B0040,5,11,24.0,0.7628241523125163,38.14120761562582,4.181546884384543,3.8404294513840487,2.69268420954805,3.445308801417867,0.41257235500269834,1.9176306391450506,25.576799073105835,41.61695629052659,33.83721613724266,16.040157217420752,1457.0,2.3345418443562176,1.4,1,0,-0.01676299029364192,0,0.013407867550215325
B0040,6,13,24.0,0.7405021514606399,37.025107573031995,4.181800352927652,3.846210644620981,2.695919341909784,3.458759767508341,0.4096309521994345,1.888427162352796,25.76953787956401,40.41568117134027,33.67935609685469,14.646143291776259,1437.047,2.2749746281586045,1.4,1,0,-0.02232200085187641,0,0.013407867550215325
B0040,7,17,24.0,0.7783970881100656,38.91985440550328,4.177655356656321,3.8298666311950966,2.6973035934049494,3.344897364124835,0.3994340980378544,2.4163379785922903,25.411595862545234,41.6427020562054,34.856675647434145,16.231106193660167,1170.531,2.385546839682168,1.4,1,0,0.03789493664942567,1,-0.002581824493193774
B0040,8,21,24.0,0.7733165409025605,38.665827045128026,4.181098481608027,3.8378442636894494,2.680482862570943,3.435394313904374,0.41116658056139643,1.9697774340527014,25.317526212535544,41.666127528934624,33.93437846177736,16.34860131639908,1436.141,2.3696675778457665,1.4,1,0,-0.0050805472075050595,0,-0.0026531725115227943
B0040,9,23,24.0,0.7589575236409498,37.947876182047494,4.182275640250018,3.841585772820207,2.6867581507978358,3.4407328862516335,0.41181294403917557,1.9554052803156114,25.426508881588695,41.55823578501682,33.87341008861747,16.131726903428124,1420.172,2.327075543478861,1.4,1,0,-0.014359017261610707,0,-0.004125923793041686
B0040,10,25,24.0,0.7407399462256391,37.03699731128196,4.181827468882669,3.846246172112236,2.674688015022009,3.4424940628831777,0.4180133908811811,1.9403707149157856,26.115887225605864,41.25451200429936,33.801632457231946,15.138624778693494,1397.0,2.26703663954178,1.4,1,0,-0.018217577415310715,0,-0.004416841217375444
B0040,11,27,24.0,0.7446218752617147,37.23109376308574,4.181567286734688,3.8440342779967955,2.686289969564933,3.4441875855764166,0.4112857369699376,1.954309675271884,25.68729592812578,40.054637074465475,33.841214598826475,14.367341146339694,1393.25,2.287137041241684,1.4,1,0,0.0038819290360756487,0,0.0008239447602149674
B0040,12,29,24.0,0.7149875629820736,35.74937814910368,4.181687067571135,3.8529279265802834,2.6945279873006065,3.458256040593686,0.41698938974058003,1.8955732024846834,26.079914426350037,40.76452850374992,33.68915739169769,14.684614077399885,1380.938,2.194634277211734,1.4,1,0,-0.029634312279641195,0,-0.012681905025598406
B0040,13,33,44.0,1.7075144448533202,85.375722242666,4.175157078520594,2.993216568384737,2.682915069119874,3.624872673514505,0.23530763251536052,0.9641877110703866,30.40793876001898,47.459255426003025,44.27504698193625,17.051316665984046,6375.828,6.228323372191339,1.4,1,0,0.9925268818712466,1,0.18683958079015192
B0040,14,37,44.0,1.730880859428193,86.54404297140965,4.183352956952291,3.014124920096288,2.6893633842231073,3.6219123150772736,0.24977184685310586,0.9483038455550394,45.2498353719022,47.733284854985534,46.496780020843715,2.4834494830833336,6574.671,6.328135334583991,1.4,1,0,0.023366414574872874,1,0.19438466715744865
B0040,15,39,44.0,1.7328212845233328,86.64106422616665,4.185403574589526,2.9969357207923113,2.663011590614207,3.621615017492515,0.2521934367320922,0.9498068063922427,45.22751631047884,47.68533526444168,46.4678468881245,2.4578189539628426,6571.156000000003,6.334512718069851,1.4,1,0,0.0019404250951398083,0,0.19841626765953874
B0040,16,41,44.0,1.7317734323431513,86.58867161715756,4.185139783184118,3.010873172897443,2.6936866986118786,3.622864388629409,0.24864046921780392,0.9495039865635401,45.19187664376986,47.67231335727975,46.45190241544343,2.4804367135098886,6569.11,6.332063646341632,1.4,1,0,-0.0010478521801815521,0,0.1974303114162873
B0040,17,43,44.0,1.7341296392350067,86.70648196175034,4.18542596576727,2.983609475331021,2.644136217828117,3.6220494199910203,0.25229816566086916,0.9521474479201967,45.17165523431964,47.70025798751115,46.440231939332925,2.528602753191514,6558.75,6.337889624405818,1.4,1,0,0.00235620689185545,0,0.20382841525058665
B0040,18,45,44.0,1.7334756929990074,86.67378464995036,4.185427919430507,2.997213257676022,2.6743889241293513,3.622162963654601,0.2503200044646074,0.9505463748128928,45.19743736166483,47.70250785089967,46.465222077063906,2.505070489234839,6567.516,6.336725200502904,1.4,1,0,-0.0006539462359993475,0,0.0051922496291374465
B0040,19,49,44.0,1.7243057179457875,86.21528589728938,4.1761905648713675,2.978163569060557,2.6812131139529,3.629361907913309,0.23675687996708347,0.9652916551188272,45.19911752984199,47.775675904382155,46.49072067213048,2.576558374540163,6430.172,6.298014510118076,1.4,1,0,-0.009169975053219925,0,-0.0013150282964811133
B0040,20,53,44.0,1.7318975861687205,86.59487930843602,4.182711714289401,3.008392196582726,2.6999262584848243,3.6234871903936696,0.24618052335204266,0.9515304364195541,45.20988132812326,47.68448077336878,46.47888431603475,2.4745994452455236,6554.327999999994,6.331057558404739,1.4,1,0,0.007591868222933007,1,-0.00018473967092247356
B0040,21,55,44.0,1.7333691208377457,86.66845604188728,4.185099587966287,2.994795269814554,2.6709504481448794,3.6222932883799372,0.2498355914829464,0.9514067446419431,45.21110610829918,47.66868390973605,46.45480276183313,2.4575778014368765,6560.922,6.335617484790178,1.4,1,0,0.0014715346690252762,0,0.0003191376989188921
B0040,22,57,44.0,1.732175650153278,86.60878250766389,4.185322736341408,2.9970337067770996,2.677767553221005,3.622128684193048,0.2492828551676409,0.9510506492688564,45.16617292879651,47.63553822379171,46.423098338329766,2.4693652949951996,6559.047,6.3311103992804085,1.4,1,0,-0.0011934706844678455,0,-0.00039079781634576705
B0040,23,59,44.0,1.7334832776102866,86.67416388051433,4.185032108356209,2.9818837126772384,2.6464594317551624,3.6212784001178204,0.2516959290634785,0.952483844185988,45.14764232961771,47.64097688926351,46.417883981463206,2.4933345596458025,6553.781,6.333909646188547,1.4,1,0,0.001307627457008742,0,1.516922255850872e-06
B0040,24,61,44.0,1.732372495746513,86.61862478732564,4.185544800435261,2.982762543084642,2.654408689336339,3.6222214851987244,0.24976082815237188,0.9538668537692832,45.14860423174442,47.676606958578276,46.41962937983974,2.5280027268338543,6540.187,6.329574763873024,1.4,1,0,-0.0011107818637736688,0,0.001613355560145102
B0040,25,65,44.0,1.7338175297202416,86.69087648601209,4.182802335191351,2.9759360858434403,2.6386466599890395,3.621600293236707,0.24998750306730325,0.9551274962002001,45.17237750800677,47.670062907549664,46.437216774742105,2.4976853995428954,6535.922,6.332857581480681,1.4,1,0,0.0014450339737286377,0,0.00038398871030422834
B0040,26,67,44.0,1.7329630786357868,86.64815393178934,4.184911381575188,2.9834571538528856,2.650918288963567,3.621303558836112,0.2502488491989161,0.9535672748102629,45.1840148294577,47.67504818462313,46.440515516123355,2.4910333551654276,6544.078,6.3306059924968725,1.4,1,0,-0.0008544510844548103,0,-8.120844039178898e-05
B0040,27,69,44.0,1.7318839084573339,86.59419542286669,4.184781208186366,2.9798510123971393,2.6471595195723987,3.6217314334668362,0.24967584235492005,0.9547943241459881,45.19093111542556,47.662264804076635,46.438246093452804,2.4713336886510717,6531.187,6.325882472518626,1.4,1,0,-0.0010791701784529373,0,-5.834833918880733e-05
B0040,28,71,44.0,1.7306960059812662,86.5348002990633,4.18487608899239,2.9902382833095764,2.669669356026842,3.6224802575418096,0.24743073150373668,0.9545134197746632,45.16946458673761,47.65776484346084,46.419799968945064,2.488300256723228,6528.562,6.322292461417154,1.4,1,0,-0.0011879024760677037,0,-0.0005574543258040965
B0040,29,73,44.0,1.7296011601947467,86.48005800973733,4.184970988659253,2.998327434072224,2.6833023579431665,3.6227913336348077,0.24607369826309272,0.9543817483018816,45.16318891939975,47.65588226485245,46.41925960985013,2.4926933454527003,6525.187,6.318540475647185,1.4,1,0,-0.0010948457865194161,0,-0.000554267110353246
B0040,30,77,44.0,1.7296187381064656,86.48093690532328,4.182014111969684,2.9880112854316234,2.664835318499988,3.6219039988656228,0.24648963388922873,0.9556674250054417,45.210947731053686,47.68924379895171,46.442880190211326,2.4782960678980217,6515.938,6.315982041820587,1.4,1,0,1.757791171885792e-05,0,-0.0008397583227552019
B0040,31,79,44.0,1.7307198617163877,86.53599308581938,4.185145948405828,3.0068694413455375,2.695190974478952,3.6231487093600996,0.24500737137010592,0.9540196765198384,45.35262001293154,47.68013294716548,46.455010751151,2.327512934233944,6532.015,6.322857762682931,1.4,1,0,0.0011011236099220945,0,-0.0004486433838798209
B0040,32,81,44.0,1.729274556175907,86.46372780879535,4.18476201200528,2.9894212784121983,2.659441128426158,3.620727454558004,0.2488410361628465,0.9537793805515312,45.14346566445202,47.69683888709109,46.42899601057106,2.553373222639067,6527.922,6.315031331674911,1.4,1,0,-0.0014453055404806125,0,-0.000521870456285356
B0040,33,83,44.0,1.7297962212599596,86.48981106299797,4.184739647433647,2.982077662425949,2.645724055946119,3.620851281939705,0.2493223578982956,0.9552992930481566,45.16684104417798,47.68346890250753,46.44608315517329,2.5166278583295494,6519.328,6.316046931387744,1.4,1,0,0.0005216650840524917,0,-0.00017995694426131692
B0040,34,85,44.0,1.7268942069037494,86.34471034518747,4.184646274630554,3.0015848356307853,2.686333486141192,3.6223530356435982,0.2451005855664148,0.954978922137234,45.19247918799889,47.72656082449746,46.477279245422224,2.53408163649857,6510.063,6.30680745980883,1.4,1,0,-0.0029020143562101808,0,-0.0005413906581994699
B0040,35,89,44.0,1.7272191689306016,86.36095844653008,4.182435522794885,2.9937965773552158,2.67226557137279,3.621799074855713,0.24501438514315035,0.9564581755342219,45.23103470317428,47.7336433887077,46.50566493668475,2.502608685533417,6501.718,6.305730143728856,1.4,1,0,0.00032496202685217135,0,-0.00047991383517280716
B0040,36,91,44.0,1.7285674981160106,86.42837490580052,4.184902005772375,2.9811993606176106,2.6426430588133014,3.620827200366945,0.24870782989318027,0.9560786123384978,45.22358194628314,47.73354479118836,46.489529302216496,2.5099628449052176,6509.047,6.31011600153732,1.4,1,0,0.0013483291854090584,0,-0.0004304727200754144
B0040,37,93,44.0,1.726636381605547,86.33181908027736,4.184398935059935,2.984838787479544,2.6490836320353925,3.6206286090197306,0.2480939931755652,0.955927200084946,45.17367040602925,47.74132595782936,46.47422502580763,2.567655551800108,6502.438,6.30252911089433,1.4,1,0,-0.0019311165104636263,0,-0.0005276349140720171
B0040,38,95,44.0,1.7262424141835067,86.31212070917533,4.18444417328598,2.9869461375872044,2.65252579490315,3.620461858040284,0.24781387349105163,0.9557337491817472,45.19459149304488,47.737403270809644,46.467598009037445,2.5428117777647614,6502.047,6.300728559168371,1.4,1,0,-0.0003939674220403422,0,-0.0007107614152905839
B0040,39,97,44.0,1.7252725927602899,86.26362963801449,4.184083316080507,2.9950818839511077,2.6675427612038987,3.6207850957418692,0.2463403688688973,0.9557654489835692,45.20413606865606,47.780084445812335,46.50711933936233,2.575948377156273,6498.86,6.297666927717156,1.4,1,0,-0.0009698214232167768,0,-0.0003243228286919031
B0040,40,101,44.0,1.6668026877455053,83.34013438727527,4.176354102076632,3.259530895839563,2.6781395492001447,3.4599911073457075,0.21600330035861193,1.8959348324359298,45.175135819472395,51.74025766413764,48.821116047310866,6.565121844665242,3162.047,5.7901334212351125,1.4,1,0,-0.05846990501478455,0,-0.012083296237019248
B0040,41,105,44.0,1.666754853762041,83.33774268810204,4.1823021654099115,3.277466416724935,2.6375556284574677,3.459413541721385,0.22022561804758709,1.8889292863371991,45.189117709045576,51.80596353207629,48.862739172817825,6.616845823030715,3173.141,5.790342444311924,1.4,1,0,-4.783398346441814e-05,0,-0.012362528870793943
B0040,42,107,44.0,1.6583274448761054,82.91637224380527,4.184674961031428,3.3088823835118792,2.654677503869026,3.4606411813742883,0.2185466148917426,1.8816621609604864,45.232696675881094,51.79140734732303,48.859668212563015,6.558710671441936,3169.844,5.7624082684249425,1.4,1,0,-0.008427408885935517,0,-0.013661787345888321
B0040,43,109,44.0,1.65032263550715,82.51613177535751,4.184754697602565,3.3314371078481813,2.6785586854358763,3.4619795504624093,0.2160449769618825,1.8804985237721599,45.192555861241836,51.7543308845732,48.84759659003841,6.561775023331364,3156.563,5.735070679447898,1.4,1,0,-0.008004809368955312,0,-0.015183955735271315
B0040,44,111,44.0,1.6493406341242296,82.46703170621149,4.184706989313181,3.3215007092513735,2.619691419158041,3.4582381856512225,0.22120289112098276,1.8804466851023403,45.185901488456956,51.86320043661648,48.86015453747502,6.677298948159525,3155.047,5.726856433244802,1.4,1,0,-0.0009820013829204832,0,-0.015186391727212057
B0040,45,113,44.0,1.641919055037739,82.09595275188694,4.184343189730703,3.343120555558818,2.6631019561941023,3.460434749861773,0.21697605650319596,1.8794652243865957,45.18950813726393,51.81917888349145,48.85593683732135,6.629670746227525,3142.312,5.7028510685130644,1.4,1,0,-0.0074215790864906594,0,-0.004976726541553278
B0040,46,117,44.0,0.425812451177779,21.29062255888895,4.167896310569818,3.958456004633947,1.7489828090032307,3.7482973521924325,0.3693834776052783,1.0471307118492055,45.19772145178193,53.95646661253941,49.04132294442338,8.758745160757478,1485.047,1.3813073309765023,1.4,1,0,-1.21610660385996,0,-0.24818848051685238
B0040,47,121,44.0,0.5569902643736575,27.849513218682876,4.1824060069381375,3.909468754448681,2.5354681123911122,3.653849277043623,0.36340339089610335,1.3627216697521727,45.221402560632534,55.67880428959517,50.17313973556242,10.457401728962637,1489.313,1.7901620651090195,1.4,1,0,0.1311778131958785,1,-0.22026743610048957
B0041,1,1,4.0,0.055620243768194036,2.7810121884097017,4.18669249732225,4.139862403794621,1.9487619326826215,4.033096790443365,0.3565544510822178,0.25384049585406016,4.842367203458604,9.925006929139913,7.85677103517608,5.082639725681309,1063.609,0.2063588860670498,1.4,1,0,0.0,0,-0.002305590385478426
B0041,2,4,4.0,0.05569747261227687,2.7848736306138435,4.192080127914615,4.138428825715285,1.9012002130732606,4.014033100816979,0.39872889070573425,0.2930849974848278,6.524300362048362,10.752582877071836,7.793067309492065,4.228282515023474,1067.641,0.23525995967278818,1.4,1,0,7.722884408283698e-05,0,-0.002305590385478426
B0041,3,6,4.0,0.05583901629185397,2.7919508145926986,4.191347724375943,4.143818701737208,1.964899016000036,4.039068503173861,0.3491572685064774,0.2593277124850829,6.06714600208077,10.859754872978824,7.471857159027487,4.792608870898054,1048.687,0.2111836209958929,1.4,1,0,0.0001415436795770969,0,-0.002305590385478426
B0041,4,8,4.0,0.056148059974053,2.80740299870265,4.1917973063597005,4.1438571570411025,1.9253389098858817,4.035518711643437,0.3607621221315568,0.26118758593145086,5.812320634233323,10.755318068306904,7.8427380417497545,4.942997434073581,1039.984,0.20936641497242506,1.4,1,0,0.00030904368219902834,0,-0.002305590385478426
B0041,5,10,4.0,0.05647053159913906,2.823526579956953,4.1915271596061165,4.139145960669873,1.9131372213178368,3.980423400468268,0.4369037242196058,0.392899490185238,5.892532933712868,10.897588103290213,8.729861757639965,5.005055169577345,687.328,0.2085973578590295,1.4,1,0,0.00032247162508606403,0,-0.002305590385478426
B0041,6,12,4.0,0.044092291840801906,2.2046145920400955,4.193074594720731,4.144859100726947,1.8627826858792498,4.032988865305357,0.37617237750028504,0.26035562315085287,4.639889039221262,9.341307040097297,7.667746337954232,4.701418000876035,1047.531,0.20700935969086534,1.4,1,0,-0.012378239758337156,0,-0.002305590385478426
B0041,7,16,4.0,0.05677191308141789,2.8385956540708945,4.190930382833961,4.142190592590403,1.9143969587004501,4.033685949693059,0.36246416495136924,0.26423832053214436,6.628503187975908,10.393349980789248,7.7591749084721195,3.76484679281334,1038.375,0.21206569971963637,1.4,1,0,0.01267962124061598,1,0.00021488809382820274
B0041,8,18,4.0,0.056938376500757296,2.8469188250378648,4.192374235053111,4.143306437871433,1.8935647470508339,4.032799639644717,0.3691803440279844,0.26659559570200364,6.780818064654517,10.096648262126735,7.595487830652279,3.3158301974722173,1030.703,0.211026002700487,1.4,1,0,0.00016646341933940906,0,0.00021987204178066516
B0041,9,20,4.0,0.04440148411312257,2.2200742056561285,4.191327200131171,4.143142610873761,1.839446966520227,4.024475259565998,0.3932052621418295,0.2704381502723845,5.518352379204247,10.90616342735489,8.243992753511499,5.387811048150644,1010.765,0.20515470101858888,1.4,1,0,-0.012536892387634724,0,-0.002349315172186085
B0041,10,22,4.0,0.04463435818491618,2.231717909245809,4.192240496772134,4.149176536310528,1.976983963738619,4.057419271798581,0.32153529010552867,0.22596970676796857,4.391455973517058,8.568134800681483,7.468945958924572,4.176678827164425,1025.719,0.18293274116804303,1.4,1,0,0.00023287407179360675,0,-0.0023672346828445766
B0041,11,24,4.0,0.04479872243657484,2.239936121828742,4.191258812894846,4.141804548462313,1.873021814547241,4.0272103363763785,0.382457397375852,0.27204631434736337,6.640929858135611,10.723989411834728,7.530653071201209,4.083059553699116,1016.859,0.21022401459171414,1.4,1,0,0.00016436425165865937,0,0.0001412861191545864
B0041,12,28,4.0,0.04670898780785478,2.3354493903927387,4.189358962775868,4.147466566453418,1.9477419384591268,4.050486744587676,0.33483104590007523,0.2360431291956904,5.71968574780574,10.069265727154304,7.508014036482144,4.349579979348564,1021.079,0.18938557643649412,1.4,1,0,0.0019102653712799386,0,-0.002012585054712622
B0041,13,30,4.0,0.04495371533089529,2.2476857665447643,4.1923282190146365,4.142774735118976,1.848331298599493,4.0253168657448795,0.3924669568162827,0.27351255898348514,6.469955100804589,11.678125966059154,7.7964600722995465,5.208170865254565,1010.562,0.20819869329954419,1.4,1,0,-0.001755272476959488,0,-0.0023969322339724014
B0041,14,32,4.0,0.045219329019542696,2.260966450977135,4.190942779501297,4.147621784799838,1.9596888390790306,4.052602606442854,0.32959159486094103,0.2334393540995563,5.992240761138136,10.184555541046695,7.8034524490998285,4.192314779908559,1003.313,0.1843262510503431,1.4,1,0,0.0002656136886474078,0,0.0001635689812840249
B0041,15,34,4.0,0.04540222414694979,2.2701112073474894,4.191226012147699,4.147031706083982,1.9992324205815248,4.05448270357176,0.3217310048162622,0.23474919435723154,6.810163085123056,10.778359079693514,7.338169121535551,3.9681959945704577,1006.187,0.18779277106999198,1.4,1,0,0.00018289512740709418,0,0.0001535731924067224
B0041,16,36,4.0,0.04567901224974174,2.2839506124870868,4.191096507657491,4.147664058394599,1.9251333188603235,4.049754413243471,0.3383447596211453,0.23575620562214927,6.041835814130409,10.339342995308634,7.996082185455724,4.297507181178225,996.765,0.18444090003613767,1.4,1,0,0.0002767881027919486,0,0.00017605796263338026
B0041,17,40,4.0,0.04552080257033988,2.276040128516994,4.189961850648953,4.145755984348509,1.9740055332079238,4.05160764529163,0.3270213757355005,0.23709398604850934,7.066243170366399,11.13650452054683,7.616516148546487,4.07026135018043,999.422,0.1873577781003405,1.4,1,0,-0.0001582096794018606,0,-0.0002376370475029796
B0041,18,42,4.0,0.045728541460242564,2.286427073012128,4.191653501161077,4.147458279072124,1.8695092344510635,4.046009584492231,0.35251783834946016,0.23828356824998786,5.166274495344972,9.695569312291523,8.204866825805862,4.5292948169465514,990.234,0.1821426193747673,1.4,1,0,0.00020773888990268524,0,0.00015496522586945505
B0041,19,44,4.0,0.045860512192502,2.2930256096251,4.190226764700187,4.140446511403692,1.9264050760509093,3.9895918681265607,0.41956570867534076,0.3840869068940257,6.2684256868784916,10.5100184115379,8.60158441430347,4.241592724659408,608.953,0.184756453015131,1.4,1,0,0.00013197073225943573,0,0.00012823663459186064
B0041,20,46,4.0,0.045983556030275076,2.299177801513754,4.191659967488507,4.140789531299599,1.9303413820598547,3.985571015537921,0.42541873135401403,0.39941949482669314,6.44228385898512,10.61900706852965,8.142046999932631,4.176723209544529,586.719,0.18555761378564414,1.4,1,0,0.00012304383777307637,0,0.00011626637666505707
B0041,21,48,4.0,0.04612876296673401,2.3064381483367002,4.191331438635326,4.139760848385148,1.9192879295943026,3.980535614492745,0.4324167416050779,0.4070135172803323,6.566560207064408,10.81117656025071,8.360837093570488,4.244616353186301,575.922,0.18524022336640877,1.4,1,0,0.00014520693645893312,0,8.995014339845398e-05
B0041,22,52,4.0,0.0463714545530443,2.318572727652215,4.183214463492353,4.138854518159669,1.8958889997737756,4.044423526176633,0.3345240081849254,0.22714553863923814,5.144384460250641,8.406830339250588,7.424942900733046,3.262445878999947,1050.406,0.186146272249192,1.4,1,0,0.00024269158631028825,0,0.00017013039654088373
B0041,23,56,4.0,0.04642385425314327,2.3211927126571634,4.189679172714852,4.145304631360417,1.8503922251966067,4.046519260018804,0.35000802777432316,0.22838938958222832,4.520533362554202,9.345446470246115,7.9013472750820934,4.824913107691913,1040.75,0.18244655755868947,1.4,1,0,5.2399700098973434e-05,0,0.0001390625585801414
B0041,24,58,4.0,0.046579469530564604,2.32897347652823,4.189653140378957,4.144385338008176,1.9189577261874917,4.0486772026987,0.33520040056173844,0.2363253066967867,6.7056086764314475,10.959408995323104,7.528844792233565,4.253800318891656,1019.125,0.18959918439971657,1.4,1,0,0.00015561527742133374,0,0.000143791467612521
B0041,25,60,4.0,0.04672600894839656,2.336300447419828,4.19045275127286,4.1399143546846595,1.8900554775200376,3.987337891451254,0.42667375458205525,0.3827039676718312,6.458938987266137,10.83821929996881,8.9516558822886,4.379280312702672,618.844,0.1861158740426666,1.4,1,0,0.00014653941783195762,0,0.00014849058362429723
B0041,26,62,4.0,0.046863472432443716,2.343173621622186,4.190833049386039,4.145306992456237,1.8174460639575951,4.044136561678348,0.3590900349896369,0.23071537979910958,4.80906454301282,9.713734913231036,8.178079824357086,4.904670370218216,1039.547,0.18244194987304863,1.4,1,0,0.00013746348404715392,0,0.0001469418931419414
B0041,27,64,4.0,0.047123070484888584,2.356153524244429,4.189592566688092,4.143421440058646,1.8839750015583074,4.04413456868279,0.3462452475839987,0.2407568901489782,7.019446543104292,11.338971542207569,7.858156748807482,4.319524999103277,1004.328,0.18892259456559382,1.4,1,0,0.00025959805244486767,0,0.00015032318636885728
B0041,28,68,4.0,0.047089685801538064,2.354484290076903,4.189609384055311,4.143494900723283,1.8734696416805767,4.043477180478885,0.3484703855908474,0.24027458833393195,6.472383944233735,8.874610339188825,7.290664996377678,2.4022263949550897,1005.75,0.18809783115939138,1.4,1,0,-3.338468335051942e-05,0,0.0001331663096789587
B0041,29,70,4.0,0.04716816990682447,2.3584084953412234,4.189446084209475,4.142826593279851,1.886110144063044,4.04227054005478,0.3493013006271103,0.2433405260626524,6.568666933574381,10.892975819528624,7.329912113720836,4.324308885954244,995.797,0.18873294825484593,1.4,1,0,7.848410528640826e-05,0,0.0001177400752519736
B0041,30,72,4.0,0.047416623395846624,2.370831169792331,4.1891043787909386,4.142101158154764,1.8739632417811318,4.040909605277031,0.3516321964327288,0.24308306875091165,6.817369304375435,9.921480417012175,7.554859379508905,3.1041111126367396,998.921,0.1889635050177342,1.4,1,0,0.0002484534890221518,0,0.00013812288949001245
B0041,31,74,4.0,0.04747365818614322,2.373682909307161,4.189473836577093,4.142750191301,1.8016696485993338,4.034959849871617,0.37413775493962054,0.2444500292131029,4.827791622953733,9.340703602759723,7.849809440149771,4.512911979805989,989.141,0.18320529578092445,1.4,1,0,5.703479029659647e-05,0,0.00012203715073990096
B0041,32,76,4.0,0.04767107168829607,2.3835535844148033,4.188624466391725,4.141249720313693,1.8542865324237547,4.036614663983007,0.36084808774353516,0.24877537038096936,6.916642463637622,10.415323507314886,7.70135529903965,3.498681043677264,979.203,0.18831153037479403,1.4,1,0,0.00019741350215284753,0,0.00010960024068149693
B0041,33,80,4.0,0.04775614866793622,2.387807433396811,4.188704298444031,4.1415124670392345,1.843811769338875,4.037642497951333,0.3607592302748477,0.24555286095462067,7.049494752714498,10.395152109274877,7.894047750295666,3.3456573565603787,994.031,0.18840327544007865,1.4,1,0,8.507697964015015e-05,0,0.00013329257327963085
B0041,34,82,4.0,0.04783369052905227,2.3916845264526136,4.188518145476937,4.1408649458153555,1.8387012636266087,4.034094593369476,0.3682209428027528,0.25152253503503974,6.804651865112654,11.381000616023893,8.037186019526875,4.576348750911239,971.516,0.1876552639366842,1.4,1,0,7.754186111605388e-05,0,0.00013310412444555997
B0041,35,84,4.0,0.047922817158937946,2.3961408579468975,4.188480803141571,4.138842349512479,1.839823604952559,4.012161986962798,0.40244123812134697,0.3002562285075665,6.557349570735426,11.200598645773905,7.949369169721323,4.6432490750384785,810.563,0.18673156286774645,1.4,1,0,8.912662988567327e-05,0,0.00010123875261826426
B0041,36,86,4.0,0.048108024971614455,2.4054012485807226,4.189045773222253,4.135218120859688,1.811117308582499,3.9650186584361826,0.47079941714536977,0.4024752458650958,6.191976348876232,10.936042652403566,9.047225819573063,4.744066303527334,599.047,0.18422855768679774,1.4,1,0,0.00018520781267650915,0,0.0001268733570942468
B0041,37,88,4.0,0.04808782735825877,2.4043913679129383,4.189640889914263,4.0222477059906465,1.750577605139322,3.340751046871069,0.8483482451975289,1.943321028486442,4.533650359311468,9.652988520428657,6.867303793453594,5.119338161117189,109.078,0.17717404574825343,1.4,1,0,-2.0197613355685262e-05,0,8.335113399254024e-05
B0041,38,92,4.0,0.04842261926326617,2.4211309631633084,4.189817892276336,4.0230637449913065,1.7948775590357675,3.376535267030834,0.8131764619457588,1.9621705859612226,6.354317708135427,9.298616166335734,7.376798555753924,2.944298458200307,109.17099999999999,0.1835931149287721,1.4,1,0,0.0003347919050074033,0,0.00013329411906599087
B0041,39,94,4.0,0.04798649525462829,2.3993247627314145,4.191983739835927,4.036489359419967,1.975138784399138,3.516920360081993,0.7143739730228728,1.7719974457672858,4.728611915735343,8.441835425382303,6.443867741135219,3.7132235096469604,96.484,0.15554818277387128,1.4,1,0,-0.0004361240086378851,0,3.056094511520308e-05
B0041,40,96,4.0,0.04822175200495124,2.411087600247562,4.192012798131299,4.023336744796274,1.7728949542450014,3.356583779630796,0.835495466496374,1.9560264640780294,6.013403221372391,10.811071564713467,8.159447293088878,4.797668343341076,109.094,0.18007725857780565,1.4,1,0,0.00023525675032295273,0,5.9786969202658966e-05
B0041,41,98,4.0,0.04787731566765343,2.3938657833826715,4.1929659402394455,4.038009769819511,1.9302106494417557,3.506509095784585,0.7307226729003666,1.7607054829879765,3.6713949747973276,7.830975218816948,5.5290205453691215,4.159580244019621,96.906,0.15373548057195563,1.4,1,0,-0.00034443633729781126,0,-4.614186079220511e-05
B0041,42,100,4.0,0.04829032055579415,2.4145160277897078,4.193229331386959,4.038229166553849,1.9650910927147995,3.5159000773941735,0.7188736927188514,1.7681339646442331,5.428811278743664,9.120173569834156,7.124961498497141,3.691362291090492,97.015,0.1562222381639725,1.4,1,0,0.0004130048881407222,0,4.049863950707638e-05
B0041,43,104,4.0,1.2156494086360898,60.78247043180449,4.145769602236702,3.509161728800701,1.9984945380049617,3.3112454225976364,0.3509122418580209,0.8543800289819511,5.275702046718262,14.806765885071044,9.154846882609299,9.531063838352782,5608.781,4.384136504685883,1.4,1,0,1.1673590880802958,1,0.23344535787456472
B0041,44,108,4.0,1.1476416320946565,57.382081604732825,4.16529255096133,3.5832090730400474,1.9980483774045472,3.3541760641303275,0.35344953970728393,0.7981963880803769,4.780035939927946,13.99744937533934,8.881539906101905,9.217413435411395,5703.296,4.192818051357555,1.4,1,0,-0.0680077765414333,0,0.21993102736800565
B0041,45,110,4.0,1.1194574527298193,55.97287263649097,4.187489255858448,3.5941362826441443,1.969259944196061,3.3570606628058544,0.35959131032035435,0.7810855178211566,6.0397936674649975,14.356275659290002,8.750669611128531,8.316481991825004,5668.032,4.073796860187081,1.4,1,0,-0.028184179364837192,0,0.21424714014497362
B0041,46,112,4.0,1.0841325641850128,54.20662820925064,4.18641602512711,3.619538705681295,1.9711826686049976,3.360601023233454,0.3607550158435908,0.7613660723600085,6.411468504103747,14.518586105925962,8.86215516188506,8.107117601822214,5634.047,3.936360183886274,1.4,1,0,-0.03532488854480653,0,0.20725104970347186
B0041,47,114,4.0,1.0607784232892656,53.03892116446328,4.1865714064230355,3.6535453318198132,1.992456853950006,3.376453566741124,0.35059071089738647,0.7426588551074432,4.402765756364194,12.628628797798616,8.671218071184748,8.225863041434422,5582.375,3.8064461842775774,1.4,1,0,-0.023354140895747166,0,0.20249762054669432
B0041,48,116,4.0,1.0170312865626592,50.85156432813296,4.187026822244992,3.6594754275045327,1.9860813942080053,3.3670420302190878,0.368436364587118,0.7322313637304179,6.406845905952481,14.249076739876307,8.757399436040695,7.842230833923826,5567.329,3.721041439156885,1.4,1,0,-0.04374713672660646,0,-0.03972362441468613
B0041,49,120,4.0,1.0000374999808574,50.00187499904287,4.163668493269088,3.6711769962729925,1.9641170559105665,3.364330094542419,0.36212661706557386,0.7199814351566131,4.4803334907995405,13.400963787224587,8.639658664137915,8.920630296425045,5528.453,3.619690730295318,1.4,1,0,-0.01699378658180173,0,-0.029520826422759817
B0041,50,122,4.0,0.991506494786248,49.5753247393124,4.187200947787786,3.6802525826933876,1.9738816345942323,3.3751162200711295,0.36094560578385315,0.7118819165985554,5.200580749608129,13.143596987494343,8.65548107609068,7.943016237886214,5513.39,3.5765399663138675,1.4,1,0,-0.008531005194609476,0,-0.025590191588714273
B0041,51,124,4.0,0.9655644425371017,48.278222126855084,4.186784389157799,3.6792918517162283,1.96202217374659,3.3621759630641312,0.37599447656836105,0.7087682336017349,4.210728117196266,14.777209247015291,8.759984675272241,10.566481129819024,5486.187,3.522569042342407,1.4,1,0,-0.025942052249146252,0,-0.02371362432958222
B0041,52,126,4.0,0.9383311962439673,46.916559812198365,4.186125026049552,3.687529987304416,1.9654140118768377,3.368210631607209,0.3803697284298251,0.6979549401469162,6.749039855236775,14.304402604245366,8.830297151200996,7.555362749008591,5461.922,3.4517466564173436,1.4,1,0,-0.027233246293134394,0,-0.024489445409059663
B0041,53,128,4.0,0.9298903389240268,46.494516946201344,4.186746028379296,3.691239197420447,1.9863126768890387,3.370853913355754,0.3774355272781665,0.6933835880946678,6.666489875025229,14.331273599738246,8.799768115250679,7.6647837247130175,5438.157,3.412522934997068,1.4,1,0,-0.008440857319940487,0,-0.017428189527726467
B0041,54,132,4.0,0.9072117399448598,45.36058699724299,4.163061069240633,3.6930084472592095,1.9630747982406382,3.3581793261108124,0.38560690748897264,0.690359818753565,4.30391989047552,14.563719307573445,8.745105198865453,10.259799417097925,5402.875,3.353620502858011,1.4,1,0,-0.02267859897916702,0,-0.018565152007199527
B0041,55,134,4.0,0.9176870676937323,45.88435338468662,4.186772472927074,3.6998788050432325,1.9779431503032714,3.37598164284238,0.3791148159350835,0.6857528666580077,6.704019454539469,13.829855263617011,8.946917298516645,7.125835809077542,5384.438,3.339049968146833,1.4,1,0,0.010475327748872498,1,-0.01476388541850313
B0041,56,136,4.0,0.9157430721963028,45.78715360981514,4.186831658425379,3.7012357424100233,1.9639398858129093,3.375216189144452,0.3791173404588972,0.6851849598251352,6.712846314265428,13.737164003906683,9.040543925569377,7.024317689641255,5344.859,3.308857455592126,1.4,1,0,-0.0019439954974295182,0,-0.009964274068159784
B0041,57,138,4.0,0.9111662690050432,45.55831345025216,4.186655518987532,3.704776743692826,1.9702983324374248,3.378276210248986,0.37530316236482153,0.681955585846792,6.357501220721541,12.81091218035467,8.532733645586704,6.453410959633129,5305.156,3.270798724381433,1.4,1,0,-0.004576803191259637,0,-0.005432985447784833
B0041,58,140,4.0,0.8968901443572698,44.84450721786349,4.18742749688236,3.6972725106510365,1.9730383300739132,3.3576825497066554,0.3863067837289143,0.6894430890414163,5.3427875214079465,14.671197747849568,8.782675041661408,9.328410226441623,5284.547,3.2770953167928525,1.4,1,0,-0.014276124647773392,0,-0.0066000389133514135
B0041,59,144,4.0,0.8862133472800153,44.310667364000764,4.162342972042818,3.706975894949083,1.9838761544280692,3.372443445163586,0.37849698843808427,0.6748379529100429,6.458152812781986,13.038382746716444,8.560357801003482,6.580229933934458,5267.843,3.2009510731668454,1.4,1,0,-0.01067679707725444,0,-0.004199678532968898
B0041,60,146,4.0,0.8931124136187014,44.65562068093507,4.187165554713402,3.699672028049622,1.9788346452939312,3.3616482008091766,0.3809775031231385,0.6896019081466456,5.596851074607955,13.714494392375379,8.764133478033603,8.117643317767424,5229.688,3.2470087511810606,1.4,1,0,0.006899066338686088,1,-0.00491493081500618
B0041,61,148,4.0,0.880898507091054,44.0449253545527,4.187045396695641,3.6985757799426042,1.9814002802204322,3.355787384613788,0.38712543446094855,0.6897912940905111,5.273224684515609,14.575589138075149,8.765404824218605,9.30236445355954,5206.954,3.22434476998183,1.4,1,0,-0.012213906527647422,0,-0.006968913021049761
B0041,62,150,4.0,0.8798879382023741,43.9943969101187,4.186293612544601,3.7068382005837317,1.9709138772975623,3.3727607964555295,0.38246480754096474,0.6800113783998651,6.279121520198167,13.067203225526347,8.755093905294753,6.78808170532818,5179.062,3.174509926968176,1.4,1,0,-0.001010568888679897,0,-0.006255666160533813
B0041,63,152,4.0,0.8682347537115443,43.411737685577215,4.187093036345873,3.698957541041479,1.963309434324626,3.3509928631825083,0.3916434417713665,0.6918081030318417,5.0389989796587145,14.838581695723233,8.893802155578395,9.799582716064519,5144.109,3.1916495466585837,1.4,1,0,-0.011653184490829749,0,-0.005731078129145084
B0041,64,156,4.0,0.8443569490395516,42.21784745197758,4.16185874534121,3.703867975233623,1.969632856814267,3.3532732844068915,0.3948573681660463,0.6809353982298061,6.866162276493541,14.14400886283852,8.81827276383748,7.277846586344979,5142.891,3.1306988484916585,1.4,1,0,-0.02387780467199274,0,-0.008371279648092745
B0041,65,158,4.0,0.8657093203148538,43.28546601574269,4.186536627382842,3.7053777275461925,1.9745500537070804,3.3628002392609977,0.3882120566056174,0.6853513675715774,6.662653697422516,13.627764711730384,8.817889726396931,6.965111014307868,5109.734,3.1452332682619684,1.4,1,0,0.021352371275302207,1,-0.00548061866076952
B0041,66,160,4.0,0.848696904019178,42.4348452009589,4.186463574636571,3.703885249168362,1.9757714925691652,3.3571560938046225,0.39448652359135594,0.6878161509531268,6.674026550357449,13.996072333026769,8.813349159884925,7.32204578266932,5078.937,3.132188413437307,1.4,1,0,-0.017012416295675847,0,-0.0064403206143752055
B0041,67,162,4.0,0.8364948433646345,41.82474216823173,4.186593388980786,3.703981310076726,1.9845398354520498,3.353212474513757,0.39759198873019286,0.6879539040604206,6.880854491100997,14.227945473001952,8.798028132789177,7.347090981900956,5051.672,3.1120259254236777,1.4,1,0,-0.012202060654543434,0,-0.008678618967547912
B0042,1,3,22.0,1.7287126633755356,86.43563316877677,4.186002776703463,3.072530429786565,2.129158438168119,3.4614155612128847,0.2705052789783543,1.893937222207411,22.916770992915133,36.717449850963185,30.57466734048236,13.800678858048052,3360.922,6.163066297718137,1.4,6,5,0.0,0,-0.34574253267510713
B0042,2,5,22.0,1.7314706281853145,86.57353140926573,4.1868815948631735,3.0763066389600033,2.1712317301519577,3.4852386922159138,0.2514380040078996,1.919584179064593,22.542569979084824,35.70113647811508,29.95773352180402,13.158566499030258,3289.406,6.149408963435946,1.4,6,4,0.0027579648097788567,0,-0.34574253267510713
B0042,3,7,22.0,1.7282350363146088,86.41175181573044,4.186808397046496,3.0352266286629073,2.0952902803723332,3.488650146996854,0.25477926259745626,1.9414587224154318,22.253302549270135,35.604456217007545,29.657371849977196,13.35115366773741,3244.797,6.1362517309425515,1.4,6,3,-0.0032355918707056563,0,-0.34574253267510713
B0042,4,9,22.0,1.720344742291621,86.01723711458105,4.186731027909022,3.0396842698874127,2.1366970037230573,3.4946031502677606,0.2467290648407982,1.952411218384564,22.14576006233928,35.76285352997919,29.58111945436258,13.617093467639908,3211.438,6.113828350292852,1.4,6,2,-0.00789029402298791,0,-0.34574253267510713
B0042,5,11,22.0,1.7221734367707637,86.10867183853819,4.187506351946306,2.9943960119568924,2.168073033459323,3.5041466859903747,0.24091901771633753,1.9696086717857546,22.50193566756556,36.007677297437105,29.852452033753185,13.505741629871544,3175.594,6.110415765824034,1.4,6,1,0.0018286944791428006,0,-0.34574253267510713
B0042,6,15,22.0,0.0,0.0,4.182714249550464,3.3813406435619986,3.3813406435619986,3.5813916541827884,0.14286703134530435,1.9976081862271116,23.10530195478212,33.431937420119205,29.44940696187815,10.326635465337084,2646.625,5.263035558485048,1.4,6,0,-1.7221734367707637,0,-0.34574253267510713
B0042,7,17,22.0,1.708669577331945,85.43347886659724,4.185893862585432,2.7701123923888424,2.139145470034486,3.511927235956774,0.23953157661497415,1.9934476128094072,23.13560902229859,36.26317829568585,30.133153080135422,13.127569273387259,3121.672,6.084590163159681,1.4,6,0,1.708669577331945,1,-0.004560210170673917
B0042,8,19,22.0,1.7036476485918646,85.18238242959323,4.18530573396569,2.0578186631112567,2.0578186631112567,3.509889497883845,0.24278674724427052,1.9997503053848376,22.667392403357333,35.7623078299739,29.740453708978055,13.094915426616566,3102.937,6.054642530139062,1.4,6,0,-0.005021928740080339,0,-0.004917477544548854
B0042,9,21,22.0,1.6958375743577971,84.79187871788986,4.184954220749022,2.0659696365057045,2.0659696365057045,3.508503301766948,0.24062202480831274,1.9995857055614814,22.397436866058804,35.6522927277619,29.503354124651093,13.2548558617031,3089.437,6.025166269707368,1.4,6,0,-0.007810074234067432,0,-0.0049014335867647585
B0042,10,23,22.0,1.6949064846676911,84.74532423338455,4.185446744506792,2.1287000635251876,2.1287000635251876,3.5093738486555153,0.23524713873834924,1.999480712152978,22.161220252202256,35.46408341742395,29.324509292718897,13.302863165221694,3077.75,6.003199438548153,1.4,6,0,-0.0009310896901060239,0,-0.005453390420614523
B0042,11,27,22.0,1.6874768094352455,84.37384047176228,4.181647940694993,2.0313187007109774,2.0313187007109774,3.5046118772654107,0.2433266898298662,1.9994501505976243,21.97680688887855,35.57686579319408,29.22569193760115,13.600058904315532,3074.875,5.989597879954313,1.4,6,0,-0.007429675232445643,0,0.3374953618870491
B0042,12,29,22.0,1.685989172917945,84.29945864589725,4.185011607460953,2.1649043558777703,2.1649043558777703,3.5095049490219243,0.232614812313888,1.9994453882461867,22.040614502411607,35.388257294125744,29.238210532728655,13.347642791714136,3061.891,5.972714480695397,1.4,6,0,-0.0014876365173004391,0,-0.004536080882799975
B0042,13,31,22.0,1.6782864747774933,83.91432373887466,4.1848598061324775,2.0349571700229223,2.0349571700229223,3.505007993364287,0.24409469087170363,1.999407899212143,22.00467333954728,35.480764002425865,29.20609205353922,13.476090662878583,3058.469,5.958612564998821,1.4,6,0,-0.007702698140451769,0,-0.005072234762874261
B0042,14,33,22.0,1.6739647640901527,83.69823820450763,4.184031155516852,2.181544114739576,2.181544114739576,3.508074728787427,0.23232551398002668,1.9990854937416902,21.995293454290294,35.44318242068533,29.183920322474094,13.447888966395038,3040.75,5.9282326286095595,1.4,6,0,-0.004321710687340552,0,-0.0043745620535288856
B0042,15,35,22.0,1.6722378801237066,83.61189400618532,4.1846254605984265,2.113769860085841,2.113769860085841,3.505745200469688,0.23804224189609924,1.9991858462433614,21.937196310338024,35.53526888191109,29.153714127894734,13.598072571573063,3037.641,5.918616397546838,1.4,6,0,-0.0017268839664461577,0,-0.0045337209087969125
B0042,16,39,22.0,1.6759897900491967,83.79948950245983,4.1844972082788665,2.098421577709346,2.098421577709346,3.5048985290607786,0.23924532775884794,1.9989914019015806,21.832725686602775,35.63389752973798,29.10632507144163,13.801171843135204,3044.828,5.930331938027298,1.4,6,0,0.0037519099254901267,0,-0.0022974038772097583
B0042,17,41,22.0,1.6618247672847988,83.09123836423994,4.183580919446055,2.037616415551784,2.037616415551784,3.5020910209596536,0.24496848698698687,1.9988805936646044,21.894904715168344,35.59922975777694,29.126742424015156,13.704325042608595,3030.25,5.897387384095494,1.4,6,0,-0.014165022764397905,0,-0.004832881126629251
B0042,18,43,22.0,1.6606710352566112,83.03355176283056,4.184986741657551,2.187174985653482,2.187174985653482,3.5056874475759354,0.2336865147033407,1.998923841150207,21.912459186454633,35.43687423276839,29.11535255703125,13.524415046313756,3017.578,5.878471395341434,1.4,6,0,-0.0011537320281875818,0,-0.003523087904176414
B0042,19,45,22.0,1.6530644874507203,82.65322437253602,4.184923815111565,2.072733153164181,2.072733153164181,3.501789524982507,0.24303428172764077,1.9987415414363179,21.880616266457707,35.61618852753751,29.12272547212756,13.735572261079803,3015.0,5.866830558183164,1.4,6,0,-0.007606547805890873,0,-0.004180055327886479
B0042,20,47,22.0,1.649953986270456,82.4976993135228,4.183661613619224,2.153538168709435,2.153538168709435,3.5025833976800564,0.2374921529916894,1.9984095472185104,21.920149389227674,35.607533152172905,29.13774561916092,13.687383762945231,2999.454,5.837534867456966,1.4,6,0,-0.0031105011802643467,0,-0.004456778770650116
B0042,21,51,22.0,1.681297805444492,84.0648902722246,4.180743850661561,2.0832977472531726,2.0832977472531726,3.5037983873679237,0.2410922095826148,1.9987909313311893,22.06037539999006,35.78017086282214,29.35747712988229,13.719795462832078,3054.859,5.948220195184777,1.4,6,0,0.03134381917403606,1,0.0010616030790590702
B0042,22,55,22.0,1.6700520424481298,83.50260212240649,4.18384741312089,2.199482829433638,2.199482829433638,3.512523395065813,0.2331736284905321,1.9987942581899858,22.902480397328638,36.29735151754127,30.058298726634376,13.394871120212635,3034.875,5.923987876325439,1.4,6,0,-0.011245762996362263,0,0.0016454550326661988
B0042,23,57,22.0,1.667181860354792,83.35909301773961,4.186266524378724,2.053610599291471,2.053610599291471,3.509324438333478,0.2460368461934164,1.9986644728662533,23.25558148148619,36.77407258413331,30.335552136245834,13.518491102647118,3030.0,5.909041848295346,1.4,6,0,-0.00287018209333767,0,0.0013021650196361812
B0042,24,59,22.0,1.6568865613275168,82.84432806637584,4.1854870037741305,2.0842633816547624,2.0842633816547624,3.507216525411572,0.24391112312108124,1.9984721935924135,23.13255340128993,36.689880841645596,30.22790176989086,13.557327440355667,3011.781,5.86950054732266,1.4,6,0,-0.010295299027275329,0,0.0007644147753592901
B0042,25,61,22.0,1.6449819446579936,82.24909723289969,4.183765749379089,2.1599889328107214,2.1599889328107214,3.5055185795629873,0.23890020303974552,1.9985308662699577,22.933575068997126,36.474588298798025,30.04068826163031,13.5410132298009,2990.25,5.824877138749716,1.4,6,0,-0.011904616669523138,0,-0.0009944083224924683
B0042,26,63,22.0,1.639214585000014,81.9607292500007,4.183531834658248,2.1678081694534352,2.1678081694534352,3.5041328171645443,0.23877031602120083,1.9984054053915892,22.75566941167782,36.537300845099665,29.995148407588697,13.781631433421843,2980.234,5.802645978345024,1.4,6,0,-0.005767359657979698,0,-0.00841664408889562
B0042,27,67,22.0,1.6410599890208055,82.05299945104028,4.182614546209707,2.0092759412003707,2.0092759412003707,3.500597395262485,0.25266489719119617,1.9983882415644911,23.092659024881236,36.91332213005366,30.299545316589416,13.820663105172422,2994.844,5.825456200653187,1.4,6,0,0.0018454040207915856,0,-0.00579841068546485
B0042,28,69,22.0,1.6432696512198481,82.1634825609924,4.185822009373134,2.0586265993400703,2.0586265993400703,3.5042529973432037,0.24886043542730482,1.998374293478694,23.575970837477485,37.19792815636057,30.68092451180232,13.621957318883084,2987.672,5.817609036004519,1.4,6,0,0.002209662199042617,0,-0.004782441826988793
B0042,29,71,22.0,1.6298673102402295,81.49336551201148,4.185070574051509,2.043267705708337,2.043267705708337,3.501278659398817,0.25098695127738035,1.9981525515062302,23.509753395605802,37.30788971906059,30.663435287795615,13.798136323454788,2975.1100000000006,5.787700579050441,1.4,6,0,-0.013402340979618677,0,-0.005403850217457462
B0042,30,73,22.0,1.6238536344658807,81.19268172329403,4.184091250625792,2.1921151659229676,2.1921151659229676,3.501431066556208,0.2403896345361689,1.9980383822206629,23.256269177335554,36.91850317978018,30.40848004603748,13.662234002444627,2953.219,5.74513939404643,1.4,6,0,-0.006013675774348748,0,-0.004225662038422584
B0042,31,75,22.0,1.6186308887044174,80.93154443522087,4.185155782533619,2.009457332273357,2.009457332273357,3.4934993616796306,0.2564226559931945,1.9979232246026066,22.971790357139568,37.047150483309736,30.239404481904074,14.075360126170168,2955.484,5.736312888284304,1.4,6,0,-0.00522274576146331,0,-0.004116739259119306
B0042,32,79,22.0,1.6193418112441196,80.96709056220598,4.183919938798302,2.022898050960585,2.022898050960585,3.491928488990642,0.2548881394967966,1.997803306177237,22.75412642285432,37.11898525927804,30.138707501965232,14.364858836423721,2957.016,5.736230056986989,1.4,6,0,0.0007109225397021746,0,-0.004343635555337189
B0042,33,81,22.0,1.614593271326993,80.72966356634966,4.186009960564789,2.0786601580627257,2.0786601580627257,3.4957274527798257,0.25090352667045707,1.9980185647316375,23.20335228956989,37.20592886199134,30.49092272629849,14.00257657242145,2948.219,5.726331500613241,1.4,6,0,-0.0047485399171265374,0,-0.005735275978571019
B0042,34,83,22.0,1.6072040891927848,80.36020445963923,4.184461819877072,2.0245603644426806,2.0245603644426806,3.4919326250007057,0.25647635265485186,1.9977650982407589,23.33684140829324,37.368553487110155,30.52916769412123,14.031712078816916,2935.5,5.694577602209669,1.4,6,0,-0.00738918213420825,0,-0.004532644209488934
B0042,35,85,22.0,1.6012663590062357,80.06331795031178,4.1838860581698345,2.1378818450405794,2.1378818450405794,3.4900059195673445,0.24866902080394582,1.9975731627964834,22.939046141588143,36.95276259711366,30.179619049814637,14.013716455525518,2913.797000000006,5.648736741166953,1.4,6,0,-0.005937730186549084,0,-0.004517455091929001
B0042,36,87,22.0,1.5940407410631041,79.70203705315521,4.184663590014253,2.1834760399486535,2.1834760399486535,3.487760577211602,0.24661699832987047,1.9975539729276182,22.629761853370834,36.815592394057184,29.93310245467766,14.18583054068635,2900.703,5.619647467446802,1.4,6,0,-0.00722561794313159,0,-0.0049180295282626576
B0042,37,91,22.0,1.5946888289374477,79.73444144687238,4.183683003795162,2.0156684625826635,2.0156684625826635,3.4820338003810947,0.2593498441264917,1.9973829316274176,22.3478345754657,36.96422627426333,29.855112852408766,14.616391698797631,2914.031,5.6359663581168835,1.4,6,0,0.0006480878743435614,0,-0.00493059646133438
B0042,38,93,22.0,1.5882100957302596,79.41050478651299,4.184361059997169,2.0632481862122884,2.0632481862122884,3.4857768989088593,0.2554087717191002,1.9975492343534866,22.828855654046773,37.23035953747147,30.257387669276046,14.401503883424699,2901.968,5.619531245265382,1.4,6,0,-0.006478733207188059,0,-0.0052766351193466845
B0042,39,95,22.0,1.587985558077698,79.39927790388491,4.185147612620953,1.9973214087149431,1.9973214087149431,3.484962036012865,0.2619393074488242,1.9975022770940793,23.226244445744424,37.46832272742832,30.562785800580222,14.242078281683899,2901.734,5.617747643895928,1.4,6,0,-0.00022453765256158498,0,-0.0038437062230173512
B0042,40,97,22.0,1.5799165406650344,78.99582703325171,4.184580518283491,2.040034213071634,2.040034213071634,3.4839596946536755,0.25923416253099635,1.997334294795813,23.235713853755716,37.650592081498104,30.59004134732037,14.414878227742388,2887.407,5.5880140023720255,1.4,6,0,-0.008069017412663637,0,-0.004269963668240262
B0042,41,99,22.0,1.5655946193652834,78.27973096826418,4.182441678307143,2.11763338483894,2.11763338483894,3.479594890613384,0.254462325156891,1.997129993473296,22.892882001869225,37.16199226931662,30.190272809188617,14.269110267447395,2861.937,5.531402964278047,1.4,6,0,-0.014321921299750962,0,-0.005689224339564136
B0042,42,103,4.0,0.07070127737340176,3.535063868670088,4.181482345854853,2.166646513631925,2.166646513631925,2.7052764231784736,0.3086961911320001,3.938418442736194,5.7856129033703665,36.86635295736364,24.183402923813027,31.08074005399327,1055.25,3.1106120150133414,1.4,6,0,-1.4948933419918817,0,-0.3047975103128092
B0042,43,107,4.0,0.08416878530139071,4.2084392650695355,4.178167815791936,2.1499182639223604,2.1499182639223604,2.679525148874618,0.325226839146433,3.9351759952435854,5.832910464719786,38.12553242159685,23.826987359225914,32.29262195687706,1012.187,2.9512940844907773,1.4,6,0,0.013467507927988953,1,-0.30080826208577377
B0042,44,109,4.0,0.08443785621465827,4.221892810732913,4.187699120848817,2.1626004782242956,2.1626004782242956,2.6791157950874176,0.32951179165368744,3.9330339281400906,6.190532539577355,38.33981699002702,23.77974968565753,32.14928445044966,991.172,2.887162187758611,1.4,6,0,0.00026907091326755506,0,-0.300709540372608
B0042,45,111,4.0,0.08478919060590338,4.239459530295169,4.188160354925031,2.174009268733748,2.174009268733748,2.671214412999543,0.34300368536813075,3.931706230144769,4.744830301776295,37.77196459678644,23.729074463498662,33.02713429501014,982.094,2.8508763968591335,1.4,6,0,0.00035133439124511445,0,-0.2990254700118262
B0042,46,113,4.0,0.09334258183442584,4.667129091721292,4.146898846281057,2.1861984912538444,2.1861984912538444,2.691575483192303,0.3170185700088296,3.942868822909943,4.730017206468228,36.82466507220515,24.093822128089528,32.094647865736924,1063.609,3.122258553310975,1.4,6,0,0.008553391228522458,1,-0.2944504075061715
B0042,47,116,4.0,0.10603180131397782,5.301590065698891,4.17770349709585,2.1758569457027304,2.1758569457027304,2.6739113004169983,0.32855879528428955,3.943133668889635,6.19069543442408,38.55810679258891,23.99346261249294,32.36741135816483,1067.641,3.1120335086890063,1.4,6,0,0.012689219479551983,1,0.007066104788115213
B0042,48,118,4.0,0.106505866207118,5.3252933103558995,4.187673151744944,2.1928857082631903,2.1928857082631903,2.674532494466212,0.34811784645931615,3.941238449762143,5.756061028005535,38.71410921886447,24.134267829139272,32.95804819085894,1048.687,3.0555569813908248,1.4,6,0,0.0004740648931401692,0,0.004467416181145456
B0042,49,120,4.0,0.09439111585512952,4.719555792756476,4.187761664946127,2.1962120524397566,2.1962120524397566,2.672674327169749,0.34603843435425236,3.940098411106424,5.520231584759645,38.82770605774448,24.399198659580694,33.307474472984836,1039.984,3.0272528431651406,1.4,6,0,-0.012114750351988474,0,0.0019906519280942503
B0042,50,122,4.0,0.09450595927387112,4.725297963693556,4.187724346556428,2.177441070098024,2.177441070098024,2.795919785016863,0.3565581594255389,3.895915337791737,5.553047335078787,28.576587463983174,19.290333517015608,23.023540128904386,687.328,2.069837581202105,1.4,6,0,0.00011484341874160031,0,0.0019433537335935475
B0042,51,124,4.0,0.08211456108215626,4.1057280541078125,4.184163975054339,2.1475982200987445,2.1475982200987445,2.647432949750048,0.333398305202224,3.939911966880655,4.4375420685098526,39.82101597656743,24.880141621063864,35.38347390805758,1047.531,3.0197910603903306,1.4,6,0,-0.012391398191714864,0,-0.002245604150453917
B0042,52,128,4.0,0.09518470631946747,4.759235315973374,4.174048766061046,2.1889636369151995,2.1889636369151995,2.650103128820241,0.3321437229595751,3.9391677500177606,6.1880198679126615,39.40691039052945,24.484790248053308,33.21889052261679,1038.375,2.995730755859276,1.4,6,0,0.013070145237311218,1,-0.00216941899890207
B0042,53,130,4.0,0.09539129998659052,4.769564999329526,4.187149567075233,2.1591530449897105,2.1591530449897105,2.6386351740397065,0.3369455247017265,3.938160748076452,6.267578933042184,39.34611379625948,24.324380281877854,33.0785348632173,1030.703,2.958967054097693,1.4,6,0,0.00020659366712304228,0,-0.0022229132441054953
B0042,54,132,4.0,0.08289664565854568,4.144832282927284,4.186847906817352,2.1872998670546773,2.1872998670546773,2.641516205964566,0.35606995520803103,3.9364453051464534,5.120871196805115,37.81632351305823,24.31173812149945,32.69545231625312,1010.765,2.9032531944254116,1.4,6,0,-0.012494654328044835,0,-0.002298894039316768
B0042,55,134,4.0,0.08343199036452603,4.1715995182263015,4.187147788668544,2.1645340110741715,2.1645340110741715,2.6361490952131295,0.34078395005226514,3.9374486872527408,4.20929634055751,39.87139328791911,24.798155128694976,35.662096947361604,1025.719,2.9416352102687098,1.4,6,0,0.0005353447059803507,0,-0.002214793781869018
B0042,56,136,4.0,0.09624772156495698,4.812386078247849,4.18639765148157,2.1770285343272047,2.1770285343272047,2.6207075351068374,0.3406548167804928,3.936281895053485,6.254954957414337,39.50565821587436,24.477937441374635,33.25070325846003,1016.859,2.8968681421705003,1.4,6,0,0.012815731200430946,1,0.0028266320965601444
B0042,57,140,4.0,0.0871279249656989,4.356396248284946,4.171541055891453,2.141111284495936,2.141111284495936,2.609437196185719,0.3636290909595908,3.9329880376586708,5.41572408589482,38.61632478517865,24.426888204419104,33.200600699283825,1021.079,2.894956978349235,1.4,6,0,-0.009119796599258073,0,-0.0016113562707537137
B0042,58,142,4.0,0.09681912182757578,4.840956091378789,4.185612994515991,2.169659057289744,2.169659057289744,2.6133279392952935,0.34620969757535136,3.9348711002995205,6.029955350974764,39.5809379115645,24.529804368213707,33.55098256058973,1010.562,2.8697112609945217,1.4,6,0,0.009691196861876875,1,0.0002855643681970527
B0042,59,144,4.0,0.08440054891345107,4.220027445672554,4.185815228961297,2.181654361966916,2.181654361966916,2.6084761921076955,0.3635150684121276,3.9340089265905283,5.424272480385026,38.80523939319278,24.521420210496924,33.38096691280775,1003.313,2.8429798757180382,1.4,6,0,-0.01241857291412471,0,0.00030078065098107786
B0042,60,146,4.0,0.09770121716674529,4.8850608583372646,4.185190800042781,2.152597184317211,2.152597184317211,2.602763654326182,0.3453732328557727,3.9339085808962784,6.171293375093454,39.65831560799121,24.626500323697712,33.48702223289776,1006.187,2.8446638894312524,1.4,6,0,0.01330066825329422,1,0.0028538453604438517
B0042,61,148,4.0,0.08517426476572666,4.258713238286333,4.185054518834841,2.1543073222809688,2.1543073222809688,2.5909779927483028,0.36777721634816407,3.933060350490302,5.325273797252637,38.948661840205986,24.561944088587065,33.62338804295335,996.765,2.8042547410636938,1.4,6,0,-0.012526952401018629,0,-0.002214691359846063
B0042,62,152,4.0,0.08471993544879124,4.235996772439562,4.167716283734957,2.177098848593695,2.177098848593695,2.5818616349209504,0.3471069306608114,3.9328133118112514,6.175186105872323,39.202440143533465,24.349376846518034,33.027254037661145,999.422,2.8011666245273634,1.4,6,0,-0.00045432931693542566,0,-0.00048159790338153375
B0042,63,154,4.0,0.08548836969893649,4.274418484946825,4.184494029120111,2.1860372690383523,2.1860372690383523,2.5894657078700765,0.35523028305050997,3.931442483824809,4.661077022364263,39.957340694247904,24.83962802826491,35.296263671883644,990.234,2.782645775670433,1.4,6,0,0.0007684342501452501,0,-0.0022661504257278585
B0042,64,156,4.0,0.08577749933433501,4.288874966716751,4.184245249283899,2.1515100073583078,2.1515100073583078,2.74324665969125,0.38268366465736686,3.8726297778107583,5.781013489512925,27.779193601334228,18.66421642737719,21.998180111821302,608.953,1.7856626122239592,1.4,6,0,0.00028912963539852454,0,0.00027539008417678813
B0042,65,158,4.0,0.08595553255245832,4.297776627622916,4.188169686831435,2.186039852986656,2.186039852986656,2.7253834676969557,0.3966860174871344,3.866632309551034,5.959666089901167,28.172175880273606,18.036688378070966,22.21250979037244,586.719,1.7048837002214874,1.4,6,0,0.0001780332181233052,0,-0.002349136922857395
B0042,66,160,4.0,0.08614796979658328,4.307398489829164,4.182818237857182,2.194439659521147,2.194439659521147,2.719690012340044,0.3994155327864052,3.863052351120637,5.99603423820299,28.019806483186763,18.05907472602224,22.023772244983775,575.922,1.6681209614262626,1.4,6,0,0.00019243724412496,0,0.00019474100617132285
B0042,67,164,4.0,0.08652450808993331,4.3262254044966655,4.145704822690516,2.1996590897894817,2.1996590897894817,2.615760645023181,0.3350785409130414,3.9362224838244644,4.613032367734396,39.575497528042895,24.765477730551947,34.9624651603085,1050.406,2.988872262878126,1.4,6,0,0.0003765382933500344,0,0.00036091452822841483
B0042,68,168,4.0,0.08676036428685732,4.338018214342866,4.16756301259763,2.1361070306368717,2.1361070306368717,2.5894472814365503,0.351219763960916,3.935267346074326,4.209594025408038,40.52562745153084,25.247650848522692,36.3160334261228,1040.75,2.9293351454539875,1.4,6,0,0.00023585619692401139,0,0.0002543989175841671
B0042,69,170,4.0,0.08662025389371077,4.331012694685539,4.183024595509789,2.1419779252621813,2.1419779252621813,2.5730668910828003,0.35977938743114907,3.9325874401041485,6.1114866794686815,39.732594757918605,24.850317398468412,33.62110807844992,1019.125,2.8465185102079507,1.4,6,0,-0.00014011039314655582,0,0.00016855091187515102
B0042,70,172,4.0,0.0869802394927499,4.349011974637495,4.183194814686632,2.1988863560155885,2.1988863560155885,2.7401588017218352,0.3860771567725615,3.8727999832071216,5.762629273523069,28.137335489275593,18.864531156596232,22.374706215752525,618.844,1.8127583828520062,1.4,6,0,0.00035998559903913097,0,0.00020494138805831618
B0042,71,174,4.0,0.07387787113473963,3.6938935567369815,4.187803692827444,2.122954770697664,2.122954770697664,2.5703065006615917,0.35547842529723084,3.933637026469155,4.11670799614815,40.647285732276394,25.750153086607327,36.530577736128244,1039.547,2.9016674797266475,1.4,6,0,-0.013102368358010263,0,-0.0024540197323687286
B0042,72,176,4.0,0.08775865702231889,4.387932851115944,4.182683957990996,2.152849839303629,2.152849839303629,2.554774172450461,0.3601279623979737,3.9301112182429354,6.1209352703449404,40.39876505346307,25.210180888220314,34.277829783118136,1004.328,2.7824894256626527,1.4,6,0,0.013880785887579253,1,0.00024682978647711515
B0042,73,180,4.0,0.08790576300272998,4.395288150136499,4.162249624821758,2.196522899315092,2.196522899315092,2.569770688194377,0.3541522547337774,3.9307548247729884,6.14500009432264,40.90163609300309,25.400612986280134,34.75663599868045,1005.75,2.803977781385883,1.4,6,0,0.00014710598041109413,0,0.00022907974317453171
B0042,74,182,4.0,0.08808784882200178,4.404392441100089,4.182351033163065,2.197996842344396,2.197996842344396,2.5650203867450827,0.356816058067743,3.929501181608493,6.159046065895221,41.18900895779625,25.47246500800018,35.02996289190103,995.797,2.769440451204951,1.4,6,0,0.00018208581927180167,0,0.0002935189856582032
B0042,75,184,4.0,0.08834250268158712,4.417125134079356,4.18217351248383,2.1297135396833,2.1297135396833,2.5498903733729468,0.3637970208479387,3.92912394117899,6.315637106895644,41.34432689728045,25.7066698253335,35.02868979038481,998.921,2.7613749125943237,1.4,6,0,0.0002546538595853409,0,0.0002724526377674452
B0042,76,186,4.0,0.07463055332745072,3.731527666372536,4.182212563987984,2.167460006041706,2.167460006041706,2.541309292458781,0.3714971412433701,3.9284467564220784,4.306937797221532,41.46126781944402,25.73079046383608,37.15433002222249,989.141,2.7235718215065603,1.4,6,0,-0.013711949354136402,0,0.00015053643854221754
B0042,77,188,4.0,0.07485698665122698,3.7428493325613488,4.182029042319134,2.188428099048639,2.188428099048639,2.532211294556467,0.3704714392435711,3.9267682674435918,6.306072938554303,41.26138545585116,25.610151874322735,34.95531251729686,979.203,2.684700903362388,1.4,6,0,0.00022643332377625391,0,-0.0025803340742183824
B0042,78,192,4.0,0.07527573643141765,3.7637868215708825,4.159149689882238,2.1364927300394707,2.1364927300394707,2.5336398931006547,0.36433056714253875,3.9278468443801544,6.308430698033009,41.67057172451578,25.871001272619925,35.362141026482774,994.031,2.729038720635558,1.4,6,0,0.000418749780190672,0,-0.0025260053142624667
B0042,79,194,4.0,0.07532351860488727,3.7661759302443634,4.181389260665308,2.191166300272401,2.191166300272401,2.5300104336765603,0.37152644228900933,3.9256584663973166,6.08363611699178,41.186747771669836,25.600970602838455,35.10311165467806,971.516,2.660319533573944,1.4,6,0,4.778217346962377e-05,0,-0.0025528660434229024
B0042,80,196,4.0,0.07553765302367196,3.7768826511835982,4.181045440581878,2.1913163423875845,2.1913163423875845,2.5687661609629626,0.3893787437076367,3.905891980732295,6.053939877888575,36.899850438855346,22.972831047751573,30.84591056096677,810.563,2.240579312990003,1.4,6,0,0.0002141344187846922,0,-0.002560969931583032
B0042,81,198,4.0,0.07584285606128259,3.7921428030641295,4.183136931480622,2.1777089403180425,2.1777089403180425,2.6667675405848916,0.418568373507547,3.863374136093203,5.758986455111538,29.79153666326944,19.739623944709617,24.0325502081579,599.047,1.7001517804321995,1.4,6,0,0.00030520303761062684,0,0.00024246054676637375
B0042,82,200,4.0,0.0759921803489148,3.79960901744574,4.186858423852253,2.1316975124246333,2.1316975124246333,3.1051211862160657,0.69516819573764,3.22393930405399,4.3832182010726894,9.15118085083689,6.0573358126113375,4.767962649764201,109.078,0.3002814869095035,1.4,6,0,0.00014932428763221595,0,0.00022703873953756616
B0042,83,204,4.0,0.07621652609591999,3.810826304795999,4.172951579066885,2.1969934922661687,2.1969934922661687,3.133556616526209,0.6658805808052646,3.224715456452705,6.010143976920867,8.639171556267463,6.452306826213871,2.6290275793465963,109.17099999999999,0.30448648515438875,1.4,6,0,0.00022434574700518073,0,0.0001881579329004679
B0042,84,206,4.0,0.06216923141552526,3.108461570776263,4.181442655507683,2.1767041905630014,2.1767041905630014,3.175407439924743,0.6774430054286956,3.1340292995007246,4.591253062887671,8.36040279366827,5.8829411130714435,3.7691497307805983,96.484,0.26548535889760544,1.4,6,0,-0.014047294680394729,0,-0.0026308574378724027
B0042,85,208,4.0,0.0759822277461493,3.7991113873074647,4.178870765645547,2.137070814591814,2.137070814591814,3.102016459243783,0.6943832289441837,3.224095150373821,5.611697555798786,10.13355592147926,7.141415346306763,4.521858365680474,109.094,0.3000146841995178,1.4,6,0,0.013812996330624036,1,8.891494449546622e-05
B0042,86,210,4.0,0.06227013548943564,3.113506774471782,4.180767579328009,2.082550981383133,2.082550981383133,3.1454428736631384,0.7087088130441817,3.134890688113641,3.5053520498482222,7.825436879589506,4.976092805264432,4.320084829741283,96.906,0.26331564762121756,1.4,6,0,-0.013712092256713652,0,-0.0027145441143693896
B0042,87,212,4.0,0.06259446608798445,3.1297233043992225,4.180436639610771,2.144385419639702,2.144385419639702,3.1652602154514007,0.6889061126674095,3.1337747765377175,5.1212840136675215,8.862063004604039,6.411857494253951,3.7407789909365174,97.015,0.266035227424498,1.4,6,0,0.00032433059854881235,0,-0.0026795428521860704
B0042,88,216,4.0,1.4377344766079456,71.88672383039729,4.09164828832826,3.136914065517056,2.1679616860507585,3.375833171038118,0.30321722333515516,0.9606170760024842,4.866447950679472,12.075623262738652,8.336150156814936,7.20917531205918,5608.781,5.075194545633866,1.4,6,0,1.3751400105199612,1,0.2723035901024051
B0042,89,220,4.0,1.5246019289244055,76.23009644622027,4.159841572444575,2.9827781857205347,2.1808501795778437,3.4250125349211604,0.31243582870636344,0.9944195894158236,4.392392021662698,11.61044167945082,8.088311260303593,7.218049657788122,5703.296,5.408394591816665,1.4,6,0,0.08686745231645987,1,0.29248653950177605
B0042,90,222,4.0,1.5215273965539478,76.07636982769739,4.180166454416953,2.8777808618484264,2.148712088809679,3.427812476893316,0.3201757645724719,0.9986292541736457,5.578323210973343,12.416393344856289,8.108636077883194,6.838070133882946,5668.032,5.399839821200013,1.4,6,0,-0.0030745323704577388,0,0.2891090337615597
B0042,91,224,4.0,1.5155323631175952,75.77661815587976,4.180484652340476,2.7245639387247924,2.126630218048744,3.4260236276092266,0.3212152097392792,1.0007745191441815,5.842077907194142,12.741907914911504,8.179473273978417,6.899830007717362,5634.047,5.374697427830306,1.4,6,0,-0.005995033436352548,0,0.2906524455256319
B0042,92,226,4.0,1.5044249661534554,75.22124830767277,4.179828984428225,2.177720591678305,2.177720591678305,3.427137964017458,0.3159529486985367,1.0029400958959638,3.9425222197783962,11.812176644627149,8.133323147997125,7.869654424848752,5582.375,5.332751683035654,1.4,6,0,-0.01110739696413976,0,0.2883661000130942
B0042,93,228,4.0,1.5001507149498807,75.00753574749403,4.179688473119865,2.1738551413791023,2.1738551413791023,3.4224753028837007,0.3194337441339185,1.002976218809888,5.926697422288954,12.77319183354637,8.221548017024785,6.846494411257416,5567.329,5.3111804614313485,1.4,6,0,-0.004274251203574719,0,0.01248324766838702
B0042,94,232,4.0,1.489011227320312,74.4505613660156,4.156415252712797,2.1739453453589515,2.1739453453589515,3.4137666152192327,0.31603441613312266,1.0029036577307848,4.114610035622828,11.714847602816855,8.196033184015114,7.600237567194027,5528.453,5.260404111980208,1.4,6,0,-0.011139487629568734,0,-0.0071181403208187
B0042,95,234,4.0,1.4810149357562845,74.05074678781422,4.179126280631904,2.1496986936751377,2.1496986936751377,3.415284661394718,0.32225438151007374,1.0028526103336208,4.856942399753029,11.58953853216132,8.16363192494008,6.7325961324082915,5513.39,5.2482056399374475,1.4,6,0,-0.00799629156402748,0,-0.008102492159532649
B0042,96,236,4.0,1.476262027748574,73.8131013874287,4.178321190076967,2.1308714510516316,2.1308714510516316,3.411339830211172,0.3229272523305341,1.002761137143926,3.7743106596445495,12.228023164640563,8.182297960881899,8.453712504996012,5486.187,5.215761559155547,1.4,6,0,-0.0047529080077104435,0,-0.007854067073804228
B0042,97,238,4.0,1.4662551025438961,73.3127551271948,4.177914160605347,2.1249846428522594,2.1249846428522594,3.406171736681637,0.32799959431152426,1.0028500275234071,6.113021398146238,12.995413081963957,8.239851195999249,6.882391683817719,5461.922,5.185195946187181,1.4,6,0,-0.010006925204677941,0,-0.007633972721911864
B0042,98,240,4.0,1.4593282593817019,72.9664129690851,4.177668141485771,2.124079082604729,2.124079082604729,3.404061107280645,0.3286401777277191,1.0027555810883053,6.112151989655083,13.00690019959285,8.314381068196377,6.8947482099377675,5438.157,5.158834605127038,1.4,6,0,-0.006926843162194274,0,-0.008164491113635774
B0042,99,244,4.0,1.445704157754381,72.28520788771905,4.152763337632875,2.157698091133544,2.157698091133544,3.3920891926927386,0.32582611848484944,1.0027471224260915,3.923542438915967,13.003396618491456,8.203300249486228,9.079854179575488,5402.875,5.107201009696015,1.4,6,0,-0.013624101627320861,0,-0.0086614139131862
B0042,100,246,4.0,1.4400686089389023,72.00343044694512,4.176783274878805,2.128860427750212,2.128860427750212,3.3962072676781316,0.3320829574126435,1.0026619793717584,5.9517696412155425,12.802739574235913,8.252382764570392,6.85096993302037,5384.438,5.095288190266672,1.4,6,0,-0.005635548815478675,0,-0.00818926536347644
B0042,101,248,4.0,1.4290313659547842,71.45156829773921,4.176835821672092,2.162828573021361,2.162828573021361,3.395827065629725,0.33089170733331336,1.002740647957347,5.829196497908394,12.748426837127603,8.247452041994245,6.919230339219209,5344.859,5.057598786147951,1.4,6,0,-0.011037242984118123,0,-0.009446132358757974
B0042,102,250,4.0,1.414172188151386,70.7086094075693,4.1765571620332524,2.1882897882574714,2.1882897882574714,3.3924931276502397,0.33040003158639575,1.0027179745166037,5.834544220909255,12.453422458173545,8.179356055314594,6.6188782372642905,5305.156,5.01521485277831,1.4,6,0,-0.014859177803398183,0,-0.010416582878502023
B0042,103,252,4.0,1.415603079129078,70.7801539564539,4.1766999837334025,2.1285029465259013,2.1285029465259013,3.389283502389414,0.331079649342986,1.0026894950538923,4.9905387057055535,12.169150023943399,8.33800631225338,7.178611318237845,5284.547,4.9913551260315705,1.4,6,0,0.0014308909776918899,0,-0.00874503605052479
B0042,104,256,4.0,1.3994410223300702,69.97205111650351,4.149959206094898,2.158726692822152,2.158726692822152,3.377876069069322,0.3318288128893133,1.0025103497063337,5.963567266287044,12.726444405331803,8.293330795902381,6.762877139044758,5267.843,4.957963259066319,1.4,6,0,-0.01616205679900773,0,-0.009252627084862164
B0042,105,258,4.0,1.3959635285794907,69.79817642897453,4.175707583064406,2.1998128745691083,2.1998128745691083,3.386987302997725,0.32889676938914897,1.0024134076376698,5.217565120870593,12.125723483812017,8.373136255476883,6.908158362941424,5229.688,4.934564116572801,1.4,6,0,-0.0034774937505794856,0,-0.008821016071882326
B0042,106,260,4.0,1.3929784652630588,69.64892326315294,4.176508363415245,2.1540885607694915,2.1540885607694915,3.3829130588839496,0.3319251081157238,1.0024655689800792,4.923982446005675,12.113502869241639,8.329037453715973,7.189520423235964,5206.954,4.9070863005467205,1.4,6,0,-0.0029850633164318907,0,-0.00721058013834508
B0042,107,262,4.0,1.3740772023800918,68.70386011900459,4.175329405348679,2.159795216779738,2.159795216779738,3.3774651407729346,0.3372938802743163,1.0024461693775721,5.780293095427541,12.960410174687055,8.396128944133206,7.180117079259515,5179.062,4.873112923383411,1.4,6,0,-0.018901262882967007,0,-0.008018997154258845
B0042,108,264,4.0,1.3752493030002435,68.76246515001218,4.1751813693585715,2.185043715780537,2.185043715780537,3.3780934843236405,0.3308806968373481,1.002355515867145,4.474822263770395,12.426232816501301,8.43692173445999,7.951410552730906,5144.109,4.840883159290998,1.4,6,0,0.001172100620151717,0,-0.00807075522576688
B0042,109,268,4.0,1.3671966130854505,68.35983065427253,4.147179508718216,2.1784898920030544,2.1784898920030544,3.364163079749717,0.333483873759522,1.0023378437056385,6.273605123497427,13.217541890864759,8.419794670115083,6.943936767367331,5142.891,4.819440289550828,1.4,6,0,-0.008052689914793021,0,-0.006448881848923937
B0042,110,270,4.0,1.356887600783644,67.8443800391822,4.174822480867543,2.189853076065801,2.189853076065801,3.3705853863809336,0.3362842275092149,1.0021679698004895,6.117654616987985,13.047668558877342,8.409805733876953,6.930013941889357,5109.734,4.796123228307693,1.4,6,0,-0.010309012301806586,0,-0.007815185559169357
B0042,111,272,4.0,1.3449320225969348,67.24660112984674,4.174669508085626,2.169597235193881,2.169597235193881,3.366371835007897,0.33994075238792215,1.0021759719497005,6.087086751754817,13.073094195785368,8.370055044633526,6.986007444030551,5078.937,4.7615899979438945,1.4,6,0,-0.011955578186709115,0,-0.009609288533224802
B0042,112,274,4.0,1.3374691704584258,66.8734585229213,4.174072805021775,2.153907127504055,2.153907127504055,3.3609438971566736,0.34160369557612363,1.0021901409949285,6.2901135645673065,13.279102890770861,8.33428157906845,6.988989326203555,5051.672,4.7288599653675485,1.4,6,0,-0.007462852138508946,0,-0.00732160638433319
B0043,1,3,22.0,1.713782642126885,85.68913210634425,4.204104775621549,3.204081094339968,2.421307986424623,3.475911687674208,0.23405170104001294,1.8551386250615751,22.754464720702696,36.84241052511593,30.907894474048284,14.087945804413234,3360.922,6.054605300154338,1.4,6,5,0.0,0,-0.34275652842537696
B0043,2,5,22.0,1.6955681658647108,84.77840829323554,4.2050537738824865,3.2433377641104455,2.4612810169393184,3.4897388185035,0.22844734678138812,1.8689201510654896,22.37722461782832,36.2511342416132,30.363796429604484,13.873909623784883,3289.406,5.990554716424627,1.4,6,4,-0.018214476262174095,0,-0.34275652842537696
B0043,3,7,22.0,1.6814906372051954,84.07453186025977,4.204535477626144,3.245359315246295,2.3997609695216755,3.4901234321768033,0.2324594776280843,1.884059999964965,22.121030952775914,36.12855723169499,30.07611798184701,14.007526278919077,3244.797,5.956497018261155,1.4,6,3,-0.014077528659515393,0,-0.34275652842537696
B0043,4,9,22.0,1.6786372409532953,83.93186204766477,4.2047112831069455,3.2523728974260666,2.399740066713552,3.4940185374934947,0.23139631236268476,1.8941071676029897,22.079578018864606,36.352517880569266,30.05896964075817,14.27293986170466,3211.438,5.931035478780312,1.4,6,2,-0.0028533962519001754,0,-0.34275652842537696
B0043,5,11,22.0,1.6694168550864992,83.47084275432496,4.204750835132976,3.228423385496171,2.3786378834863195,3.5005489873453817,0.2337418828872342,1.910369256228424,22.548068572848898,36.75256708066779,30.417149405736243,14.20449850781889,3175.594,5.9253199617056405,1.4,6,1,-0.009220385866796077,0,-0.34275652842537696
B0043,6,15,22.0,0.0,0.0,4.203363159265162,3.3579241790202077,3.3579241790202077,3.579339612317741,0.1501251865582598,1.9739982626160064,23.111690837240317,34.26334191029433,29.92385834200675,11.151651073054012,2646.625,5.197675491905168,1.4,6,0,-1.6694168550864992,0,-0.34275652842537696
B0043,7,17,22.0,1.6611938521224778,83.05969260612389,4.204901465726193,3.2162796551976958,2.416288536712014,3.507465391169604,0.23283496397733994,1.9268089450002057,23.295987060677565,36.83142721849718,30.617574721987218,13.535440157819618,3121.672,5.884102522619382,1.4,6,0,1.6611938521224778,1,-0.006874862748446597
B0043,8,19,22.0,1.6506423382064332,82.53211691032166,4.205123789023272,3.201236919258978,2.3791815969853816,3.5054667200956016,0.23548079279340237,1.9324810717099419,22.83908424709026,36.54735803665934,30.258236869364143,13.70827378956908,3102.937,5.861830204401264,1.4,6,0,-0.010551513916044586,0,-0.006169659799752436
B0043,9,21,22.0,1.6424273190907783,82.12136595453892,4.204720843069481,3.2585215034877906,2.4666546752460183,3.505146635224542,0.22772812091418426,1.9255143226505498,22.29503560882318,36.223678523702304,29.936684037867014,13.928642914879124,3089.437,5.813197958057716,1.4,6,0,-0.00821501911565492,0,-0.007241984372503385
B0043,10,23,22.0,1.6353664801041328,81.76832400520664,4.204351643955918,3.2626183270532367,2.429311406516166,3.5024428414174498,0.2306794891478708,1.924996304077744,22.05569153989273,36.16960256825446,29.74762436888935,14.11391102836173,3077.75,5.784659317985172,1.4,6,0,-0.007060838986645557,0,-0.006810074996473281
B0043,11,27,22.0,1.633232875930849,81.66164379654245,4.2032409826342265,3.264515030519969,2.4024069940444392,3.5007336141613488,0.23272943104400046,1.9244453897758484,22.03233666280654,36.19613432531801,29.699035458962353,14.163797662511474,3074.875,5.774802278236099,1.4,6,0,-0.0021336041732837874,0,0.3266465751861698
B0043,12,29,22.0,1.6258840554387932,81.29420277193967,4.204165543883836,3.273206102844367,2.406157541131262,3.501947249481621,0.23326228168481652,1.9239388762667655,22.137944786719313,36.217566438813456,29.746622188626663,14.079621652094144,3061.891,5.751012546822011,1.4,6,0,-0.007348820492055763,0,-0.007061959336736923
B0043,13,31,22.0,1.617976174654771,80.89880873273854,4.204061240829561,3.3029284326039754,2.415785415380386,3.5002499918856302,0.23199721316205402,1.9168965200689665,21.93064744860828,36.09047688646367,29.642987306218718,14.15982943785539,3058.469,5.721351022973041,1.4,6,0,-0.00790788078402227,0,-0.0065332327103324594
B0043,14,33,22.0,1.6136652707273988,80.68326353636994,4.204423283955662,3.288477903245001,2.400209592232293,3.5007698538114447,0.2340890222441882,1.9227426159384964,22.073666648142986,36.148984496134304,29.6639395578783,14.075317847991318,3040.75,5.706041159984983,1.4,6,0,-0.004310903927372101,0,-0.005752409672675896
B0043,15,35,22.0,1.605821026619692,80.2910513309846,4.204478391263469,3.32416622056104,2.4374747406672226,3.5004947608560313,0.23129905890296784,1.9157256805286993,22.05503109679509,36.15795969792578,29.637650852441404,14.102928601130692,3037.641,5.678511500136637,1.4,6,0,-0.0078442441077069,0,-0.005909090696888164
B0043,16,39,22.0,1.6033527961961531,80.16763980980765,4.202477824031488,3.3374378000402216,2.3865949081957893,3.4961700451758575,0.23486243175297494,1.9087255587088567,21.803024791831522,36.16956081888435,29.593597067401642,14.366536027052828,3044.828,5.664242946054269,1.4,6,0,-0.002468230423538831,0,-0.005976015946939172
B0043,17,41,22.0,1.5951342406182645,79.75671203091322,4.204489330076927,3.3553402927269826,2.4489169685849195,3.4993157107183803,0.23114326204801725,1.9078698814853214,22.04129012064504,36.13182777424954,29.63922727943673,14.090537653604496,3030.25,5.639947729073432,1.4,6,0,-0.008218555577888642,0,-0.0061499629641057485
B0043,18,43,22.0,1.5878135544728507,79.39067772364254,4.2049536620331756,3.3712246034870534,2.4933649317176108,3.50080829213355,0.22834207413058089,1.9074601196129577,22.230791509119953,36.12995412374782,29.666195384468185,13.899162614627869,3017.578,5.616178037597995,1.4,6,0,-0.007320686145413813,0,-0.006032524036384057
B0043,19,45,22.0,1.5800601969084245,79.00300984542122,4.204018303566451,3.3899921844878613,2.473993010608268,3.497552326899387,0.22925921252842438,1.9000196703078032,21.880459521167396,36.115379230424814,29.635949832755518,14.234919709257419,3015.0,5.584499009314625,1.4,6,0,-0.007753357564426189,0,-0.0067210147637948746
B0043,20,47,22.0,1.575565087879128,78.7782543939564,4.20390099564762,3.380000252402088,2.4568566798816054,3.4969748978677377,0.2320038174172981,1.9041452044854006,22.10697346195447,36.260266208231016,29.671876354508125,14.153292746276545,2999.454,5.568264804865665,1.4,6,0,-0.004495109029296396,0,-0.006051187748112774
B0043,21,51,22.0,1.5950169012164208,79.75084506082104,4.196687996525494,3.3739830537666076,2.389783772934692,3.4931433851686124,0.23496874847697855,1.8929472665362916,21.940192638028858,36.73407518988127,29.993152820136338,14.793882551852409,3054.859,5.632457792763158,1.4,6,0,0.019451813337292734,1,-0.0016671789959464612
B0043,22,55,22.0,1.5898075522577595,79.49037761288797,4.202479371762253,3.3625397662192924,2.3834815017568327,3.500270597096414,0.2374250740910401,1.8991542942688262,22.79424028971496,37.354359945059734,30.681276254794994,14.560119655344774,3034.875,5.625859204211968,1.4,6,0,-0.0052093489586613195,0,-0.0010653376721009966
B0043,23,57,22.0,1.5807953202097411,79.03976601048706,4.204284851556785,3.3915389616997453,2.427559147580718,3.5026578112869,0.23473518692048148,1.8917722041126424,23.149080358786872,37.40944456827136,30.871236598447616,14.26036420948449,3030.0,5.598393433441228,1.4,6,0,-0.009012232048018376,0,-0.0014036468526219092
B0043,24,59,22.0,1.5704333289187615,78.52166644593808,4.20378732342866,3.40742753044283,2.458384607788224,3.5018704137639554,0.23300629303456202,1.8907905963124139,23.18300551610916,37.26366414928814,30.779999574712413,14.080658633178981,3011.781,5.559896525485522,1.4,6,0,-0.010361991290979589,0,-0.0019253735979325893
B0043,25,61,22.0,1.5643368431897877,78.21684215948939,4.204330620589128,3.394170836257207,2.394787213470724,3.4967579517606566,0.23848166707343513,1.8968520026147064,22.837724423364,37.270027909781355,30.581480715523952,14.432303486417354,2990.25,5.5301877975632925,1.4,6,0,-0.006096485728973811,0,-0.002245648937868072
B0043,26,63,22.0,1.558307017802491,77.91535089012454,4.2038717516378,3.397190502146639,2.365525236922006,3.4938467732797593,0.24060831406110486,1.8960852666065304,22.61463049442492,37.37612563137064,30.546605962885614,14.761495136945722,2980.234,5.504585065058784,1.4,6,0,-0.006029825387296794,0,-0.007341976682785978
B0043,27,67,22.0,1.5537149289772467,77.68574644886233,4.202475048160179,3.438104365597662,2.4742728824322295,3.498085824975237,0.23194417698912587,1.881823810191081,22.97635708986064,37.57568180724724,30.92329503843904,14.599324717386601,2994.844,5.495529566994757,1.4,6,0,-0.0045920888252442005,0,-0.007218524656102554
B0043,28,69,22.0,1.549528250585513,77.47641252927565,4.203857283529741,3.4405309489711318,2.4720598546819113,3.499824440494276,0.2336259841263337,1.8812480163452203,23.472172806458428,37.80943515485114,31.225884514077716,14.33726234839271,2987.672,5.483646835321327,1.4,6,0,-0.0041866783917337,0,-0.006253413924845619
B0043,29,71,22.0,1.5424430535161062,77.12215267580531,4.203991230539982,3.4491981537188745,2.4838780206846622,3.4987433448544607,0.23366846744011874,1.88058362636632,23.535242082118458,37.698369730936356,31.163201064541546,14.163127648817898,2975.1100000000006,5.45662431074252,1.4,6,0,-0.007085197069406801,0,-0.005598055080531061
B0043,30,73,22.0,1.54256227031715,77.12811351585749,4.205957997721127,3.41965905291312,2.4291754256355516,3.496873891743175,0.2414383576322833,1.8940750825904094,24.066452352307945,37.67202323454292,31.130645067035932,13.605570882234975,2953.219,5.453904951478599,1.4,6,0,0.00011921680104376442,0,-0.004354914574527547
B0043,31,75,22.0,1.5309356452520158,76.54678226260079,4.2037856859347436,3.4521446589237397,2.397532773087188,3.4895372240361704,0.2420401706973753,1.8790362639465747,23.21351758623845,37.5846177818102,30.837232735283838,14.371100195571753,2955.484,5.402352757576648,1.4,6,0,-0.011626625065134233,0,-0.005474274510095034
B0043,32,79,22.0,1.5247733176952427,76.23866588476214,4.202092597438291,3.472264481187912,2.435189655089205,3.4871652344467075,0.2380065063185545,1.8710846084902975,22.61070631228608,37.57163850758581,30.641318807832377,14.96093219529973,2957.016,5.376546022668178,1.4,6,0,-0.0061623275567730396,0,-0.005788322256400802
B0043,33,81,22.0,1.5196742408779502,75.98371204389751,4.203512527913386,3.4743731103606423,2.4649257198080514,3.4906015804101496,0.2363448359565442,1.8702060722702527,23.054652200962586,37.83811660125229,31.01732542847249,14.783464400289702,2948.219,5.364527549234126,1.4,6,0,-0.005099076817292492,0,-0.00597080194151256
B0043,34,83,22.0,1.5123696925788683,75.61848462894342,4.202980736321343,3.479094024946813,2.4457109146915506,3.4876146185117345,0.23937709771206214,1.8695663194059984,23.163468953311458,37.76120652410461,30.93897323974993,14.59773757079315,2935.5,5.333907588812559,1.4,6,0,-0.007304548299081892,0,-0.006014672187447579
B0043,35,85,22.0,1.499914486202397,74.99572431011985,4.202914530590183,3.491743344276155,2.4807762094187127,3.4842857075179094,0.2375617919422066,1.8681373339121092,22.770110336806322,37.43416840833683,30.585360437692227,14.664058071530508,2913.797000000006,5.2841759040955205,1.4,6,0,-0.01245520637647135,0,-0.0085295568229506
B0043,36,87,22.0,1.4924106271188253,74.62053135594127,4.203399051569862,3.497194864452038,2.482626305221594,3.4811070895804797,0.23825516838023478,1.8672783657151297,22.498078465061415,37.31899313705125,30.3648233882985,14.820914671989836,2900.703,5.25271366371242,1.4,6,0,-0.007503859083571651,0,-0.007705003626638085
B0043,37,91,22.0,1.492624987952706,74.6312493976353,4.2008898664224255,3.4976155997456106,2.397470273055264,3.475104459646633,0.2434048324362882,1.8594996812546392,22.19536882270379,37.586047363350716,30.432401864910737,15.390678540646924,2914.031,5.245437554968066,1.4,6,0,0.00021436083388071125,0,-0.0064296659485073345
B0043,38,93,22.0,1.4924024018806028,74.62012009403014,4.2034382985534515,3.4806464468636285,2.370171214445116,3.4772044059441005,0.2468245566683949,1.8662699457286134,22.683699351856536,38.06717620893625,30.831835959630617,15.383476857079717,2901.968,5.248963615557652,1.4,6,0,-0.0002225860721032369,0,-0.0054543677994694836
B0043,39,95,22.0,1.4853020201751674,74.26510100875838,4.2030964882591135,3.5033130087257733,2.4670029904490636,3.4821729368749876,0.23962531763699912,1.8580518650035351,23.074316739286736,38.034298138732915,31.094991080529404,14.959981399446178,2901.734,5.230825024531655,1.4,6,0,-0.007100381705435366,0,-0.005413534480740179
B0043,40,97,22.0,1.477208127101587,73.86040635507936,4.203051054659131,3.509651444994056,2.476788514821077,3.4803385610467843,0.24014628253381676,1.8570868946683126,23.07534146448387,37.8850432804777,31.038470618761803,14.809701815993833,2887.407,5.199286670507716,1.4,6,0,-0.008093893073580327,0,-0.004541271820161974
B0043,41,99,22.0,1.4694738525181406,73.47369262590703,4.203121514305449,3.4975881973722727,2.4014857684023228,3.4714831954460226,0.24752604764800457,1.8634394449739622,22.685034249336855,37.72173567628911,30.652253424171764,15.036701426952252,2861.937,5.159227661729298,1.4,6,0,-0.007734274583446554,0,-0.0045873549201369546
B0043,42,103,4.0,0.057034391042653794,2.85171955213269,4.199278377795993,4.15295040664797,2.4576176811598773,4.05715902963358,0.3085820136419698,0.26538511612702703,5.728804144690616,10.169699784021773,7.628394260109583,4.440895639331157,1055.25,0.22933240906071164,1.4,6,0,-1.4124394614754867,0,-0.28711811938201043
B0043,43,107,4.0,0.0571536334895882,2.85768167447941,4.197486385695169,4.149666070212488,2.427637650375664,4.049827246639277,0.3152884805141953,0.27791968327537575,5.765062136960731,10.073103559906277,7.4649167649876285,4.308041422945546,1012.187,0.23040639453615286,1.4,6,0,0.00011924244693440472,0,-0.28704975367820296
B0043,44,109,4.0,0.05729366005937665,2.8646830029688326,4.198105245504659,4.149769149776234,2.4427831763874552,4.049066061935538,0.3140648911416546,0.284546376077407,6.072122727432658,9.363713069880482,7.503302872635532,3.291590342447824,991.172,0.23247390197916204,1.4,6,0,0.00014002656978845396,0,-0.2856016720231581
B0043,45,111,4.0,0.05744203185278054,2.872101592639027,4.1979080059363705,4.149919938301318,2.3604432554634345,4.044551430084685,0.3274359155271492,0.28818241995759014,4.827395779527931,9.49837575629517,7.637968852421283,4.670979976767239,982.094,0.23075995646425376,1.4,6,0,0.00014837179340388557,0,-0.2839532190497613
B0043,46,113,4.0,0.06713062107721124,3.3565310538605617,4.1944764420212435,4.142740599728889,2.381932819122213,4.035830307373486,0.3284254658690855,0.29738235564582266,4.647097871495842,9.502985965829737,7.608951449591351,4.855888094333895,1063.609,0.2573016925018316,1.4,6,0,0.0096885892244307,1,-0.28046864628818585
B0043,47,116,4.0,0.06714781920234739,3.3573909601173693,4.197722277687073,4.14533930956595,2.484673285435373,4.044589005651629,0.30753553478744206,0.29734862514364657,6.121120472903962,8.979535773958249,7.076698354969239,2.858415301054287,1067.641,0.2640176864690505,1.4,6,0,1.719812513614749e-05,0,0.0020226856319387186
B0043,48,118,4.0,0.06732001211690299,3.3660006058451493,4.198544270753814,4.145728666173205,2.4449132183808002,4.04142282173358,0.3173873023732311,0.3034723285432028,5.704259182564823,10.239009824535195,7.203287534892745,4.534750641970372,1048.687,0.26301234868321394,1.4,6,0,0.00017219291455559949,0,0.0020332757254629573
B0043,49,120,4.0,0.06784038051613318,3.3920190258066594,4.1988415529393635,4.145932805429382,2.3975988971956834,4.038238044394062,0.3262005747230805,0.3066704492321664,5.3557547663896905,10.120757638084276,7.515405447362731,4.765002871694586,1039.984,0.2626637493280019,1.4,6,0,0.0005203683992301977,0,0.0021093440913513063
B0043,50,122,4.0,0.06799604927210635,3.399802463605318,4.199385029561721,4.142484968834445,2.3944641668469124,3.9848046527051646,0.3900042944948725,0.4602932757726641,5.448346729575731,10.16908687877008,8.284967270173246,4.7207401491943495,687.328,0.261439799622813,1.4,6,0,0.00015566875597317065,0,0.0021108034838651633
B0043,51,124,4.0,0.06828011147886554,3.414005573943277,4.198496000290906,4.151604020544192,2.484746371426068,4.061944839809303,0.28633411380048857,0.26354232969685876,4.367635443544239,7.981964148617724,6.857064194557378,3.6143287050734854,1047.531,0.23239475468586648,1.4,6,0,0.0002840622067591808,0,0.00022989808033085923
B0043,52,128,4.0,0.06844632943125976,3.422316471562988,4.198662948375451,4.144987642807811,2.439654912409003,4.0390164727182745,0.31930649901139196,0.3098357939280849,6.0787828590077835,9.506796063481339,7.332807580550581,3.4280132044735554,1038.375,0.2674274368582455,1.4,6,0,0.0001662179523942292,0,0.0002597020457824756
B0043,53,130,4.0,0.06851361914788083,3.4256809573940417,4.197798424948824,4.143971418672154,2.4090725568197633,4.0361346398417846,0.32370441167608077,0.3135862274805368,6.154364735395251,8.947219582076908,7.093409222592422,2.7928548466816574,1030.703,0.26760622869434825,1.4,6,0,6.72897166210662e-05,0,0.00023872140619556891
B0043,54,132,4.0,0.06887402435616684,3.443701217808342,4.197881021158161,4.151150127208954,2.4859989490669228,4.057393658498293,0.2930179859898749,0.27514421191795735,5.045438067826105,9.048570192927317,7.192057776504479,4.003132125101212,1010.765,0.23360898259802548,1.4,6,0,0.00036040520828600764,0,0.0002067287680067309
B0043,55,134,4.0,0.056544389321695726,2.8272194660847862,4.198733839270603,4.151009265780341,2.4347562857307143,4.057321348653442,0.2969259194640953,0.2716683318033776,4.1579693489704495,8.214832927581378,7.020826540727179,4.056863578610929,1025.719,0.23349452512370594,1.4,6,0,-0.012329635034471112,0,-0.0022903319900821257
B0043,56,136,4.0,0.06918353164189846,3.4591765820949227,4.198110326587282,4.143628414480655,2.406517387646374,4.033634353087378,0.3282997329123506,0.32019609515703706,6.130931936896288,9.472969870923514,7.160800567147388,3.3420379340272257,1016.859,0.2690940598889106,1.4,6,0,0.012639142320202731,1,0.0001806840326065845
B0043,57,140,4.0,0.059122086455436665,2.956104322771833,4.197869647773584,4.14943501955066,2.451707097247213,4.051793890502685,0.30249558269052274,0.2847656836072143,5.338529200918635,9.447247671252791,7.125807255445202,4.108718470334156,1021.079,0.24421380350879685,1.4,6,0,-0.010061445186461793,0,-0.00186484859516462
B0043,58,142,4.0,0.06956120084140223,3.4780600420701115,4.197177533832938,4.142974147312575,2.381706206862016,4.030996821807475,0.33422310729666127,0.3238806690763745,5.931364219681455,10.624675414528705,7.276161437071745,4.69331119484725,1010.562,0.26925805960463267,1.4,6,0,0.010439114385965564,1,0.00020951633870427977
B0043,59,144,4.0,0.07017897804376615,3.5089489021883074,4.197964103178539,4.15028374432697,2.474242037374171,4.055018337093391,0.29626915858148445,0.28177752116071475,5.345900460029856,9.289965371994613,7.0723476874628055,3.944064911964757,1003.313,0.23832436716192873,1.4,6,0,0.0006177772023639172,0,0.0002609907375198617
B0043,60,146,4.0,0.07028148183862523,3.5140740919312616,4.1984290827154815,4.1435421596576845,2.3764067993680786,4.030113750605147,0.3368959990905347,0.32764641388558274,6.044513643187531,10.405043941704964,7.211729709283271,4.360530298517433,1006.187,0.27177392745238454,1.4,6,0,0.00010250379485908512,0,0.0027474185033859013
B0043,61,148,4.0,0.05787364202878375,2.8936821014391874,4.197776325811346,4.149891109043192,2.444206792905019,4.052423434416539,0.30211508621084443,0.28464369596708927,5.239443917406226,9.269985860917538,7.126821145688813,4.030541943511312,996.765,0.23885200260813122,1.4,6,0,-0.012407839809841482,0,-0.0022619779226229417
B0043,62,152,4.0,0.07056618554293374,3.528309277146687,4.196940755223824,4.142100171174317,2.3625240054533236,4.027129856353761,0.3405061285526865,0.3313853181300101,6.077075790728183,10.696409617431332,7.168249960966138,4.619333826703149,999.422,0.2721150484715334,1.4,6,0,0.012692543514149994,1,0.0022888198174994155
B0043,63,154,4.0,0.057989410208958,2.8994705104479,4.19797990922366,4.149241842089052,2.3656545996286327,4.048117106628375,0.3150926471799427,0.28837594001583494,4.55380785051336,8.841145903774922,7.434058256465138,4.287338053261562,990.234,0.2369868709157016,1.4,6,0,-0.012576775333975741,0,-0.0023143581264888453
B0043,64,156,4.0,0.07129266446800787,3.564633223400394,4.198154349205609,4.14498866813725,2.4649338982361098,3.9942812603304247,0.368701246398689,0.4625693034020786,5.691921230235124,9.601778804173833,7.930969485581617,3.9098575739387087,608.953,0.23972708724572914,1.4,6,0,0.013303254259049872,1,0.00022273728484834555
B0043,65,158,4.0,0.07146546557664281,3.5732732788321404,4.197870451831717,4.144207456044692,2.4780138487049133,3.989213116660272,0.37200197550765807,0.4810643118406535,5.879727970413852,9.775871193110238,7.59327498772461,3.8961432226963852,586.719,0.2408609253822998,1.4,6,0,0.00017280110863493459,0,0.00023679674760351544
B0043,66,160,4.0,0.0716254973792324,3.5812748689616205,4.198411457661763,4.144347719537672,2.467345657591589,3.985650654864829,0.377400396820452,0.4905753520009799,5.815614302950908,9.77507439966935,7.6206831277866485,3.959460096718442,575.922,0.24080166134500464,1.4,6,0,0.00016003180258959693,0,0.0027503710700897315
B0043,67,164,4.0,0.07192596356272017,3.5962981781360086,4.194430059860958,4.145817103565623,2.453991394977099,4.052984666529467,0.2939182175777533,0.2752743573987098,4.599507121793923,7.9530776238610095,6.882286937183749,3.353570502067086,1050.406,0.24376296268495523,1.4,6,0,0.0003004661834877659,0,0.0002719556039572857
B0043,68,168,4.0,0.058840095111364746,2.942004755568237,4.197497159574681,4.148654676236493,2.3794329527267557,4.051719519499582,0.3078934788082187,0.27838097907948867,4.153878698717327,8.70377999346024,7.3351511578492685,4.549901294742912,1040.75,0.24107743122543535,1.4,6,0,-0.013085868451355426,0,0.0001701369804813488
B0043,69,170,4.0,0.07213853480103966,3.606926740051983,4.1973835054560045,4.141517472080457,2.3452670801496267,4.026760095683099,0.34170369253802546,0.3315356390651545,6.015547943973044,10.861930060972163,7.3668189489801215,4.846382116999119,1019.125,0.2781175102301342,1.4,6,0,0.01329843968967491,1,0.00016917406660635624
B0043,70,172,4.0,0.07231835711877917,3.6159178559389584,4.196870024472014,4.143542544449258,2.474574662858291,3.9942222633789237,0.36544776316669747,0.4626293854853942,5.695210743899563,9.628805360691263,7.9936664890195335,3.9335946167917006,618.844,0.24398198043778402,1.4,6,0,0.0001798223177395114,0,0.00017057830842727163
B0043,71,174,4.0,0.05938170626668099,2.9690853133340496,4.198079959089733,4.148578020633061,2.3452420900020043,4.049966366718909,0.31286758215884475,0.2816176033317551,4.052220534177486,8.740129795491647,7.296477939821086,4.687909261314161,1039.547,0.242780891340842,1.4,6,0,-0.012936650852098178,0,-0.0024487582225102833
B0043,72,176,4.0,0.07294488485625279,3.6472442428126395,4.196857869022103,4.147126445698275,2.4837961610187183,4.051191449078818,0.29653492610590215,0.2915968889897802,6.005361361292126,9.890833414808087,6.946289418376631,3.8854720535159615,1004.328,0.24881911247339228,1.4,6,0,0.013563178589571803,1,0.00020378425870652418
B0043,73,180,4.0,0.07306917734079586,3.653458867039793,4.197040748347509,4.147247347359353,2.45187326606884,4.0502554179984545,0.29974330048779646,0.2912181433078148,6.01866781844385,8.123599018265942,6.902633045655659,2.104931199822092,1005.75,0.24804354765187656,1.4,6,0,0.0001242924845430704,0,0.0028458164458862235
B0043,74,182,4.0,0.07317054128128272,3.658527064064136,4.196682246183551,4.146824217087633,2.481690176251403,4.049866693334642,0.2981973650500485,0.2948913004839587,6.034976417915098,9.54039758015595,6.896174405116905,3.505421162240852,995.797,0.24929088532373928,1.4,6,0,0.00010136394048686215,0,0.0002064012960486139
B0043,75,184,4.0,0.07347430293304898,3.673715146652449,4.19696998692681,4.1469366889807535,2.469341225978269,4.04947173354325,0.29935838703947315,0.29523150797681463,6.174377163607433,8.68981677408595,7.035611200131563,2.5154396104785164,998.921,0.25043233791332925,1.4,6,0,0.0003037616517662517,0,0.00023118916285396195
B0043,76,186,4.0,0.06010697591831878,3.005348795915939,4.197583527373011,4.147715699837339,2.3359478200885606,4.043702193909917,0.3212633676946966,0.29904909565491034,4.210617919349609,8.648121468375715,7.22435677434366,4.437503549026106,989.141,0.24566275579057778,1.4,6,0,-0.013367327014730195,0,0.00014505393032755858
B0043,77,188,4.0,0.07383162509955737,3.691581254977869,4.1970633301567934,4.14671803349143,2.455991331590063,4.04662199809222,0.30459417441398146,0.30256499266219905,6.147828164497968,8.766749021949757,6.990028087646541,2.618920857451789,979.203,0.2510981367699392,1.4,6,0,0.013724649181238592,1,0.00017734804866091636
B0043,78,192,4.0,0.060495215307428206,3.0247607653714104,4.197323566834658,4.147001991978145,2.446533765156367,4.0478344519741825,0.30389006539956076,0.29904291001543776,6.172157666098706,8.697295284987012,7.072814815985095,2.525137618888306,994.031,0.2524083344870884,1.4,6,0,-0.013336409792129168,0,-0.0025147924066735313
B0043,79,194,4.0,0.060604010237618126,3.0302005118809063,4.197136062671134,4.146542323410636,2.4401050698854356,4.045020633492667,0.30916614681086396,0.30627123103525866,5.955478541850807,10.097658187656732,7.152123066131912,4.142179645805925,971.516,0.2517666575027968,1.4,6,0,0.00010879493018992048,0,-0.0025133062087329197
B0043,80,196,4.0,0.06073438432235217,3.0367192161176084,4.196810616000894,4.145027391388894,2.426379928299938,4.0242391243497195,0.3367955604110248,0.36568183307963065,5.93392326449305,10.08193635042433,7.40243656537614,4.1480130859312805,810.563,0.25090048275564936,1.4,6,0,0.00013037408473404177,0,-0.0025479837221393615
B0043,81,198,4.0,0.06099653048237791,3.0498265241188953,4.19749831364625,4.142240861125706,2.3818713355998336,3.980071334963229,0.39126746369768217,0.49053400510100387,5.662764662746331,9.867385484495305,8.281671008133785,4.204620821748974,599.047,0.2485879065561837,1.4,6,0,0.0002621461600257405,0,0.0001779109128118253
B0043,82,200,4.0,0.061130459259873135,3.0565229629936566,4.197443547761606,3.98267434261784,2.259462555169981,3.3967939181762525,0.652566690970684,2.386673595913785,4.29842713475425,8.668191215610703,5.990209166830171,4.369764080856453,109.078,0.24153770452845755,1.4,6,0,0.00013392877749522636,0,-0.002540233167936848
B0043,83,204,4.0,0.06129124410987595,3.0645622054937975,4.197249677217233,3.982572626603354,2.3642680452849265,3.4366476653788816,0.6139024411904244,2.386978959718076,5.95156994017117,8.230234796537065,6.4435194897145704,2.2786648563658947,109.17099999999999,0.24749052628475665,1.4,6,0,0.00016078485000281528,0,0.00015920576048954888
B0043,84,206,4.0,0.06130329065804092,3.065164532902046,4.199324238157774,3.9021721304489843,2.2200788093903734,3.3244665701392724,0.6683464116780267,2.6503474094953665,4.4438076049213855,8.3473989032227,5.804997367748431,3.903591298301315,96.484,0.24098020722637753,1.4,6,0,1.2046548164966475e-05,0,0.00013985608408455808
B0043,85,208,4.0,0.061151661574090986,3.0575830787045493,4.20125127915007,3.9839661949369445,2.3089650825269894,3.4223166127184776,0.633131639314113,2.387047276888483,5.558814897540426,9.566970302021362,7.064649745993309,4.008155404480936,109.094,0.24485740363967107,1.4,6,0,-0.0001516290839499307,0,8.345545034776358e-05
B0043,86,210,4.0,0.061405387192057306,3.0702693596028654,4.201927103230439,4.000254033936515,2.4643253089090313,3.517134909435146,0.5832137365953025,2.2099102328122013,3.460982747603697,7.155555764844436,4.857763577409316,3.694573017240739,96.906,0.20972552386818186,1.4,6,0,0.00025372561796632026,0,8.177134193587954e-05
B0043,87,212,4.0,0.06175780765942851,3.0878903829714255,4.201871725413588,3.9035705684571935,2.227174478989743,3.3308466979658498,0.6672028978927971,2.651635387617932,5.025619206039836,8.849096539219643,6.365147956644147,3.823477333179807,97.015,0.24327670586061187,1.4,6,0,0.00035242046737120336,0,0.00012546967991107494
B0043,88,216,4.0,1.5250840516518187,76.25420258259093,4.151713316448254,2.487710804240493,2.487710804240493,3.4693912792577155,0.25415590962131424,0.9908307773272778,4.8323692369241,11.059155779143234,7.784854957371514,6.226786542219134,5608.781,5.358821524060959,1.4,6,0,1.4633262439923902,1,0.2927585615083886
B0043,89,220,4.0,1.552568811301301,77.62844056506505,4.1860990142535135,2.4700528908595785,2.4700528908595785,3.4896631252373917,0.26409593970638295,0.99178588199234,4.332623990652337,10.464754894665266,7.677310156075022,6.132130904012929,5703.296,5.486116396020314,1.4,6,0,0.02748475964948227,1,0.298253104128652
B0043,90,222,4.0,1.5427752626774387,77.13876313387193,4.20024763178396,2.4917865311625422,2.4917865311625422,3.4883481289690543,0.2683370867370519,0.9917267979357508,5.523811550446253,11.117824082083432,7.720355963617298,5.594012531637179,5668.032,5.449855329244993,1.4,6,0,-0.00979354862386228,0,0.2963247202206695
B0043,91,224,4.0,1.5331932831264679,76.65966415632339,4.199618145627328,2.4681420264399123,2.4681420264399123,3.4828518772266346,0.2709011284987722,0.9915700758751732,5.766301001611899,11.465947003288688,7.795012554263815,5.699646001676789,5634.047,5.407777328122097,1.4,6,0,-0.009581979550970843,0,0.2943575791868821
B0043,92,226,4.0,1.5152721949172019,75.7636097458601,4.1989206972349695,2.983258556105931,2.4840346404021036,3.4797712380230035,0.2698747078401676,0.9892746508058018,3.9419394874990115,10.672391649812306,7.802002705131443,6.730452162313295,5582.375,5.346780478085368,1.4,6,0,-0.017921088209265967,0,0.29070287745155465
B0043,93,228,4.0,1.5074989761997712,75.37494880998857,4.1989096150494385,3.0654385352990348,2.4820985064146877,3.4723642645257145,0.2748817443410257,0.9870448856228408,5.846061965239114,11.55324188297086,7.8854226977198625,5.707179917731747,5567.329,5.309948121283936,1.4,6,0,-0.007773218717430641,0,-0.003517015090409492
B0043,94,232,4.0,1.4896288908647644,74.48144454323821,4.182123550892078,3.1770320631633036,2.4995448861629077,3.465591847973898,0.26927456706580083,0.9825232539347349,4.120781427057994,10.678188237457311,7.865599621307659,6.557406810399317,5528.453,5.24004618573386,1.4,6,0,-0.01787008533500689,0,-0.012587984087307325
B0043,95,234,4.0,1.4780778852088083,73.90389426044041,4.198072340064109,3.2002175433147166,2.4624361945446704,3.4621709600387423,0.27641854172798797,0.9800816231955619,4.807700816743437,10.67885056037868,7.840911830800532,5.871149743635242,5513.39,5.20829312099956,1.4,6,0,-0.011551005655956015,0,-0.012939475493726071
B0043,96,236,4.0,1.4700035345334466,73.50017672667232,4.19729618680157,3.234320092485432,2.4931009972754072,3.4569777103220325,0.2751902226910066,0.9774850815985034,3.7521686599542687,11.249497515672802,7.866129688953066,7.497328855718534,5486.187,5.161657276006493,1.4,6,0,-0.008074350675361774,0,-0.012637949718604258
B0043,97,238,4.0,1.4565623180137077,72.82811590068539,4.196562826262564,3.2509925266263773,2.462787320418678,3.449217752251389,0.28280421023661256,0.9753366795280302,6.023298584923164,11.637480263714385,7.9393273558149495,5.614181678791222,5461.922,5.1162923483001626,1.4,6,0,-0.013441216519738841,0,-0.011741975380698832
B0043,98,240,4.0,1.445976962830235,72.29884814151175,4.1961404278065615,3.3057968122822254,2.497516098993309,3.447579855504856,0.2798908333399356,0.9704356794104064,6.014884330578555,11.797524620709758,8.020423171340544,5.782640290131203,5438.157,5.0659795069838145,1.4,6,0,-0.0105853551834727,0,-0.012304402673907245
B0043,99,244,4.0,1.4325855992469252,71.62927996234626,4.178175250938716,3.3037265459148224,2.472999574663348,3.4358831885309766,0.28211737386153724,0.970256674882607,3.9066006796448147,11.717322041018162,7.909281139740462,7.810721361373348,5402.875,5.0149979335182735,1.4,6,0,-0.013391363583309834,0,-0.011408658323567833
B0043,100,246,4.0,1.4197344854662965,70.98672427331482,4.195619110791885,3.3469521161485076,2.4798848457409326,3.4393737351491587,0.2833620654812858,0.9652466121144252,5.8827602818054485,11.400146543773253,7.9764627392531535,5.517386261967805,5384.438,4.976733574013817,1.4,6,0,-0.012851113780628642,0,-0.011668679948502358
B0043,101,248,4.0,1.401262575071573,70.06312875357865,4.195354802720307,3.3683277295498315,2.483308761917933,3.437163038991663,0.2834475072969908,0.9624227854072513,5.715874191448046,11.27412857657329,7.975220288628877,5.5582543851252435,5344.859,4.922208204179987,1.4,6,0,-0.018471910394723512,0,-0.013748191892374705
B0043,102,250,4.0,1.3862945308535968,69.31472654267984,4.195137899317883,3.3871003527565025,2.4722726688004673,3.432715938014848,0.28397993022487655,0.959579561659367,5.762836041139744,10.939205926809544,7.919276364601211,5.1763698856698,5305.156,4.8649064138397184,1.4,6,0,-0.014968044217976262,0,-0.01405355743202219
B0043,103,252,4.0,1.384130256052478,69.2065128026239,4.195919647393222,3.400755964918155,2.4995232811069013,3.4312793781460638,0.2791921322074032,0.9569605305508407,4.916489735710996,11.469256268063758,8.087848756281263,6.552766532352762,5284.547,4.831018803687633,1.4,6,0,-0.002164274801118804,0,-0.01236934135555141
B0043,104,256,4.0,1.3651743201871416,68.25871600935707,4.176270279535014,3.4311538925988954,2.492874341811692,3.423768606452633,0.28109302491302657,0.9522152026319162,5.884813412933389,11.07680003582411,8.02258709983945,5.191986622890721,5267.843,4.780313618919374,1.4,6,0,-0.018955935865336393,0,-0.013482255811956723
B0043,105,258,4.0,1.361508332192898,68.0754166096449,4.195157601948688,3.4143992754562658,2.466722917823166,3.425776013992083,0.2821382074716997,0.9541332483411131,5.159444442594697,11.26155378961363,8.12948679263687,6.102109347018934,5229.688,4.758502937236589,1.4,6,0,-0.003665987994243558,0,-0.011645230654679706
B0043,106,260,4.0,1.351001663879717,67.55008319398586,4.195480097537295,3.4243437362881983,2.4707802117428486,3.4199159770745933,0.28458424205742333,0.951277080781025,4.8624179201860835,11.576966830401837,8.089656475775936,6.714548910215753,5206.954,4.714298998593135,1.4,6,0,-0.010506668313180922,0,-0.010052182238371187
B0043,107,262,4.0,1.3282588067265129,66.41294033632565,4.1943133355165845,3.4679419643714557,2.4848489819284896,3.419545032162598,0.28438788153584044,0.9432175342905379,5.684438439783706,11.16400609714747,8.144440591218109,5.479567657363763,5179.062,4.647381821655824,1.4,6,0,-0.022742857153204232,0,-0.011607144825416782
B0043,108,264,4.0,1.3257206687421472,66.28603343710736,4.194450936586587,3.4391523594873314,2.4661345187240347,3.4121967412564467,0.2875876671575165,0.9477957992354662,4.450248396954733,11.988971088033125,8.231983414070719,7.538722691078392,5144.109,4.629861873326424,1.4,6,0,-0.0025381379843656404,0,-0.01168191746206615
B0043,109,268,4.0,1.3142909715978441,65.71454857989221,4.173215087704208,3.474860622515832,2.4725812888729317,3.407362058046422,0.2851401421321316,0.9403505160649459,6.200288589820201,11.73519417014362,8.207473278156359,5.534905580323419,5142.891,4.583289914542675,1.4,6,0,-0.011429697144303086,0,-0.010176669717859488
B0043,110,270,4.0,1.3003260094811093,65.01630047405547,4.193501778898149,3.496291034217844,2.4919564449811342,3.4128712396915972,0.2839000965061678,0.9372882788479067,6.020824618977805,11.299125699617386,8.189312466474622,5.278301080639581,5109.734,4.5424476003101,1.4,6,0,-0.013964962116734814,0,-0.01223646454235774
B0043,111,272,4.0,1.2881071401556836,64.40535700778418,4.193305249397542,3.5046240715866355,2.485517355170574,3.408624211537015,0.2868180772912575,0.9340008362934733,5.9951357713908235,11.376911439849154,8.139466322876048,5.381775668458331,5078.937,4.494729701705881,1.4,6,0,-0.012218869325425707,0,-0.012578904744806696
B0043,112,274,4.0,1.2767801501201566,63.839007506007825,4.192997819348426,3.516838011917968,2.499796953515674,3.405803295662315,0.28546473639836556,0.9308273876292896,6.192042865051369,11.488807348025915,8.11394700059043,5.296764482974546,5051.672,4.4511778558122,1.4,6,0,-0.011326990035527063,0,-0.010295731321271262
B0044,1,3,22.0,1.686525555152074,84.32627775760369,4.181684067765273,3.3640865193218974,2.6909422904080547,3.439679725636751,0.19004566542184853,1.809888745849267,22.898191363080095,37.78004007704112,32.08333169533252,14.881848713961027,3360.922,5.826185465685865,1.4,6,5,0.0,0,-0.3373051110304148
B0044,2,5,22.0,1.6624606531639186,83.12303265819592,4.183923616071334,3.3747460434942633,2.6852515353168815,3.452824239327816,0.19708199788351793,1.8219499466836333,22.497550013986764,37.37920163006831,31.44294016626267,14.881651616081545,3289.406,5.76475360379853,1.4,6,4,-0.024064901988155363,0,-0.3373051110304148
B0044,3,7,22.0,1.6534010755700512,82.67005377850256,4.183717457974608,3.3689010081832835,2.6435613323767395,3.4521568195939896,0.2025598772388384,1.8359435332188945,22.240089226113486,37.15907806475986,31.14990089807352,14.918988838646374,3244.797,5.7319576362411375,1.4,6,3,-0.00905957759386733,0,-0.3373051110304148
B0044,4,9,22.0,1.6452145903490936,82.26072951745468,4.183480576276661,3.3748725264579043,2.6433677125804977,3.4552256770525456,0.20275342777433777,1.8455099074483836,22.149471524549643,37.12091726941865,31.12954746264574,14.971445744869005,3211.438,5.707291411648362,1.4,6,2,-0.008186485220957662,0,-0.3373051110304148
B0044,5,11,22.0,1.635664062367341,81.78320311836706,4.1815793438438185,3.3874946108279547,2.684789036307898,3.463672030116032,0.1993577380960868,1.8547347849149478,22.52527698419151,37.70825289621454,31.513994261671055,15.182975912023029,3175.594,5.686002248529561,1.4,6,1,-0.009550527981752488,0,-0.3373051110304148
B0044,6,15,22.0,0.0,0.0,4.18108163961898,3.2896584926178556,3.2896584926178556,3.5268413438277695,0.1486991387816886,1.978883934795127,23.11919155013484,35.59949904890386,30.9572734254796,12.480307498769019,2646.625,5.133738909959433,1.4,6,0,-1.635664062367341,0,-0.3373051110304148
B0044,7,17,22.0,1.6267769765146463,81.33884882573231,4.183320051971667,3.388696256533534,2.6725301429926103,3.4680330762776053,0.20378496340380664,1.875612945718058,23.10770092672458,37.649599494653536,31.634787338016164,14.541898567928957,3121.672,5.660018685793309,1.4,6,0,1.6267769765146463,1,-0.00713673532985446
B0044,8,19,22.0,1.6159715504743064,80.79857752371532,4.183385673000076,3.4069875293051957,2.69384241497005,3.4679406316174908,0.20140119762318998,1.8741241597903553,22.670634368873337,37.14337821498799,31.273656122735403,14.472743846114653,3102.937,5.620900461759537,1.4,6,0,-0.01080542604033985,0,-0.007485905019148964
B0044,9,21,22.0,1.6076028386649623,80.38014193324811,4.182968735483095,3.4136387699646016,2.6763379244951913,3.465103331199183,0.20292372458505306,1.8729757666269502,22.361891686471996,37.11952925248905,31.0513882525287,14.757637566017056,3089.437,5.586782501767101,1.4,6,0,-0.008368711809344065,0,-0.0075223503368262445
B0044,10,23,22.0,1.6003360401431612,80.01680200715806,4.182885737502341,3.4207481174729533,2.6678573050009757,3.463878052026492,0.20402213352863519,1.8719469758747358,22.1353591692879,36.8278472964388,30.825315603911406,14.692488127150899,3077.75,5.559314145348131,1.4,6,0,-0.007266798521801121,0,-0.0070656044448359715
B0044,11,27,22.0,1.5978700914991917,79.89350457495958,4.1809489315384525,3.423664339073906,2.651692148341609,3.4618790737027214,0.20529698360862025,1.8711336666924587,21.997275429271063,37.07362320866197,30.772306222074594,15.076347779390908,3074.875,5.547626715578864,1.4,6,0,-0.00246594864396954,0,0.31957401829983834
B0044,12,29,22.0,1.5900310265163515,79.50155132581757,4.183395298117799,3.426541307949364,2.638384304971687,3.4619567664351507,0.20749329135245567,1.869902418505558,22.01348455985373,37.27343452416563,30.77793162980491,15.2599499643119,3061.891,5.52076474550861,1.4,6,0,-0.00783906498284015,0,-0.007349189999658945
B0044,13,31,22.0,1.5816311155652092,79.08155577826047,4.18312292936732,3.439447050853956,2.633572972853497,3.4608461967292694,0.20784958811183754,1.8624823688117003,21.982597478073618,36.925553251530964,30.734077377574607,14.942955773457346,3058.469,5.489737825562974,1.4,6,0,-0.008399910951142342,0,-0.006868086981819443
B0044,14,33,22.0,1.5714556311034702,78.5727815551735,4.183401469736752,3.4546862687359474,2.670554577314724,3.462773986667914,0.2045397178695034,1.8611491199405283,21.96611305264065,36.82542072716141,30.711931701692418,14.859307674520757,3040.75,5.455902087735232,1.4,6,0,-0.010175484461738993,0,-0.007229441512298429
B0044,15,35,22.0,1.563220798569978,78.1610399284989,4.182608034549464,3.4645912994869854,2.662418584963947,3.46142516586872,0.20510538041249615,1.8535036818254402,21.93800756646044,36.86402084995953,30.692223526355477,14.926013283499092,3037.641,5.4249888749380935,1.4,6,0,-0.00823483253349222,0,-0.007423048314636649
B0044,16,39,22.0,1.5606775388245586,78.03387694122793,4.180665797789407,3.4738724052580148,2.656737093913297,3.459888006806987,0.20526620028212417,1.8464711504593414,21.82718305302701,36.854479447477715,30.656716513936473,15.027296394450705,3044.828,5.413227089421415,1.4,6,0,-0.0025432597454193573,0,-0.007438510534926612
B0044,17,41,22.0,1.5523886011314287,77.61943005657143,4.183243082901965,3.4765098753449704,2.6456088379984415,3.459225464203645,0.20728857517269156,1.8450477861237493,21.880170495325775,37.00807199261186,30.677651249958302,15.127901497286086,3030.25,5.383545652824293,1.4,6,0,-0.008288937693129883,0,-0.007528485076984559
B0044,18,43,22.0,1.5444592876561967,77.22296438280983,4.182596378873874,3.4840894313424213,2.657434360611611,3.459378780567444,0.20624697550338877,1.8438336158682673,21.89720723607561,36.85691194751145,30.670401222972917,14.95970471143584,3017.578,5.355470157993685,1.4,6,0,-0.00792931347523207,0,-0.007434365581802505
B0044,19,45,22.0,1.536558134180655,76.82790670903275,4.1827588365539485,3.4967812022478166,2.6700448196473143,3.4594746923592585,0.20533308407060738,1.835939945404751,21.85039318802649,36.933977837728406,30.695903900430444,15.083584649701915,3015.0,5.327331115495818,1.4,6,0,-0.007901153475541767,0,-0.0069794993845630595
B0044,20,47,22.0,1.5307255867941072,76.53627933970536,4.182965523323816,3.4945641813040194,2.6538669632174807,3.457758884701852,0.20775346205206047,1.8379629136141034,21.882667777857456,36.96952216360131,30.693601629277207,15.086854385743855,2999.454,5.304599167607488,1.4,6,0,-0.005832547386547704,0,-0.006499042355174156
B0044,21,51,22.0,1.545242808242328,77.2621404121164,4.17495739021519,3.504414730046966,2.679338771098678,3.4604365465272604,0.20214672442500858,1.8224473618135857,22.12957023148279,37.880341936530016,31.3317805416781,15.750771705047224,3054.859,5.358761504451314,1.4,6,0,0.014517221448220763,1,-0.003086946116446132
B0044,22,55,22.0,1.5397144491816253,76.98572245908126,4.1804104728622375,3.5003216485531605,2.6880235920055937,3.4673706320595796,0.2041067683859723,1.8278016775571895,22.953585363402762,38.4338113726962,32.003093392777586,15.480226009293435,3034.875,5.351558371131906,1.4,6,0,-0.005528359060702703,0,-0.002534830389960696
B0044,23,57,22.0,1.5305357077773765,76.52678538886882,4.183012088063382,3.5088886672602615,2.687370056924405,3.4682443755783012,0.20500127427430445,1.8199516892575582,23.24703835563139,38.62527616952544,32.229129548420126,15.378237813894053,3030.0,5.3207907995780745,1.4,6,0,-0.009178741404248791,0,-0.0027847159757640404
B0044,24,59,22.0,1.5199735224097084,75.99867612048541,4.182991073101482,3.516005192645503,2.6893554366992016,3.4662944691430644,0.205139757401392,1.818232781598307,23.136468330164327,38.54196067361033,32.11597218782517,15.405492343446006,3011.781,5.280181392526633,1.4,6,0,-0.010562185367668064,0,-0.0033169223541893
B0044,25,61,22.0,1.5136629526844203,75.68314763422102,4.182731552192122,3.5054454498685246,2.633690741780774,3.4597034229251418,0.21086815613992352,1.8234563791397502,22.93636450124002,38.50117611497123,31.969087731359647,15.564811613731209,2990.25,5.249137225968681,1.4,6,0,-0.0063105697252880955,0,-0.0034125268219373783
B0044,26,63,22.0,1.5012870006992953,75.06435003496476,4.182713459240956,3.5263824378904047,2.6891582121304634,3.4622130413589143,0.20545446788533392,1.8148236286880393,22.77250864866651,38.43383998472231,31.87470050843518,15.661331336055802,2980.234,5.207305169640402,1.4,6,0,-0.012375951985124978,0,-0.008791161508606527
B0044,27,67,22.0,1.5023814734911674,75.11907367455836,4.180239999673539,3.529781838490304,2.6829363216833317,3.4628505734955555,0.20593324074196562,1.8076173586855977,23.133004544826324,38.70474156110448,32.24329057966032,15.571737016278153,2994.844,5.212429525635264,1.4,6,0,0.0010944727918720254,0,-0.007466595138091581
B0044,28,69,22.0,1.4980955154277502,74.9047757713875,4.182573946557156,3.5261545770129255,2.6587209985414955,3.462862471197368,0.20933036330585938,1.8065241388140236,23.57637165529978,39.13185799913766,32.62193857776337,15.555486343837877,2987.672,5.198463339920723,1.4,6,0,-0.004285958063417139,0,-0.00648803846992525
B0044,29,71,22.0,1.4906542391377111,74.53271195688555,4.182850498002054,3.531870606627692,2.660938360343116,3.4614145860859864,0.20970165430127932,1.8052681588993926,23.505421833154223,39.06117424677476,32.534721843990155,15.555752413620539,2975.1100000000006,5.169687195939655,1.4,6,0,-0.0074412762900391005,0,-0.005863856654399457
B0044,30,73,22.0,1.4843971639436213,74.21985819718107,4.182966025381988,3.5288503031620597,2.6382065057381183,3.4567536825256298,0.21248009297237852,1.810598691100716,23.261275560823808,38.900911326239694,32.315090431633784,15.639635765415886,2953.219,5.1409752295739555,1.4,6,0,-0.006257075194089801,0,-0.005853157748159798
B0044,31,75,22.0,1.4725321936230114,73.62660968115057,4.182931442119697,3.552478369819296,2.6803751950872314,3.457596686753219,0.20838885391119769,1.795084494435516,22.98382028094519,38.637548513661336,32.11227103017126,15.653728232716148,2955.484,5.097845236749665,1.4,6,0,-0.011864970320609958,0,-0.005750961415256795
B0044,32,79,22.0,1.4663149382113208,73.31574691056603,4.1793816650979885,3.56324144015358,2.695456060678521,3.456382425532515,0.20664422966099968,1.7870082131258704,22.780633587448758,38.14612160171512,31.7443365044674,15.365488014266365,2957.016,5.072482086980554,1.4,6,0,-0.006217255411690603,0,-0.00721330705596932
B0044,33,81,22.0,1.4671298468877776,73.35649234438888,4.183025078755878,3.5514506226852394,2.658317830680757,3.4558985436662764,0.2113994178968586,1.792871550768205,23.220016722630575,38.41020545726171,32.11351047936838,15.190188734631136,2948.219,5.077046965278378,1.4,6,0,0.0008149086764568381,0,-0.006193133707994525
B0044,34,83,22.0,1.4593858997633138,72.96929498816569,4.182131682130832,3.55501029693585,2.6504983510643836,3.4536993651226653,0.21316736716650342,1.7913778082587428,23.296232005674824,38.342879393411714,32.04801967333395,15.04664738773689,2935.5,5.046168101822913,1.4,6,0,-0.007743947124463801,0,-0.006253667874879465
B0044,35,85,22.0,1.4467901368505207,72.33950684252603,4.182626282409245,3.568546814982376,2.688935729076874,3.4526946539372747,0.21033912359031665,1.7891434881216077,22.91739690462173,37.97725957749192,31.708021910539802,15.059862672870192,2913.797000000006,4.998516385832911,1.4,6,0,-0.012595762912793074,0,-0.00752140541862012
B0044,36,87,22.0,1.4390669859638228,71.95334929819114,4.182799215645239,3.573015899595583,2.687761244178016,3.44942355838508,0.21102931459873359,1.787690535751385,22.604306092148168,37.797055139354214,31.467203186429355,15.192749047206046,2900.703,4.966010842830537,1.4,6,0,-0.007723150886697949,0,-0.006693041531837718
B0044,37,91,22.0,1.4389892550462602,71.94946275231301,4.179973909655392,3.5738193809321954,2.668468130193828,3.4464363236508913,0.2118298418286963,1.779822353772861,22.36753071379331,37.93561044482721,31.560453436032944,15.568079731033901,2914.031,4.960961381117446,1.4,6,0,-7.773091756257955e-05,0,-0.005465136633012113
B0044,38,93,22.0,1.4386198779578576,71.93099389789288,4.182978380469111,3.5625836536370183,2.6420564556682917,3.447035324752623,0.2153525342652927,1.7861152354755012,22.83006810149024,38.32554543437737,31.887709097598353,15.495477332887127,2901.968,4.963084706280025,1.4,6,0,-0.0003693770884025671,0,-0.005701993785983994
B0044,39,95,22.0,1.4313412096653504,71.56706048326753,4.183054454837302,3.5741605633100213,2.6780728769094244,3.451080883804227,0.2124336307158817,1.7774624465664288,23.23043944817599,38.556109997490786,32.164811812502585,15.325670549314797,2901.734,4.9420762856245,1.4,6,0,-0.007278668292507229,0,-0.00560893801959268
B0044,40,97,22.0,1.422973037663468,71.1486518831734,4.18231054917298,3.581482178632123,2.6917750634373303,3.450413161794029,0.21198706134651904,1.7758354633238964,23.21624477930183,38.62165239845955,32.13295425226488,15.405407619157721,2887.407,4.910774435213433,1.4,6,0,-0.008368172001882446,0,-0.004763419837410554
B0044,41,99,22.0,1.4150153099745097,70.75076549872549,4.182416637290177,3.58047558127388,2.68001440979752,3.44468943990224,0.21424006599278186,1.7810850780695549,22.853403604078057,38.18800348171553,31.75133688827036,15.334599877637476,2861.937,4.874653955264441,1.4,6,0,-0.007957727688958194,0,-0.004810335197862603
B0044,42,103,4.0,0.0572172710622218,2.86086355311109,4.177605302188679,4.136551958791687,2.5311035775191533,4.054818943483505,0.27823468750731417,0.2206716084986899,5.9481211476735005,9.757496138930122,7.057089335323658,3.8093749912566217,1055.25,0.18915256262025773,1.4,6,0,-1.357798038912288,0,-0.2763543967968077
B0044,43,107,4.0,0.0573587470253984,2.86793735126992,4.1758503096814,4.132797274883668,2.5372412665469883,4.048971725415953,0.27972120792996397,0.2305687398777317,6.065010745254041,9.760471127293034,6.945113627374995,3.695460382038993,1012.187,0.19039253406769685,1.4,6,0,0.000141475963176603,0,-0.2762522261864918
B0044,44,109,4.0,0.05749687545445231,2.8748437727226155,4.1760882615952974,4.132835392966636,2.5608994701667624,4.048139868634576,0.2774250531431399,0.23622989703399258,6.384509116340028,9.69821406411427,6.969210950143102,3.3137049477742417,991.172,0.19243414511630344,1.4,6,0,0.0001381284290539117,0,-0.2747688668421796
B0044,45,111,4.0,0.05763088809888528,2.881544404944264,4.176702751698478,4.133456767983784,2.4875185728014695,4.04489102283376,0.28914880748760274,0.23875531981583867,4.797655713268796,9.00106106019679,7.1320933104899575,4.203405346927994,982.094,0.19041600074263448,1.4,6,0,0.00013401264443296812,0,-0.2730684299129165
B0044,46,113,4.0,0.055116913339787174,2.7558456669893587,4.173920852315538,4.132808596857486,2.652711478763571,4.058712789171854,0.2528717761290411,0.21135255492589658,4.815826893543283,8.446753567938917,6.9052479876970985,3.630926674395633,1063.609,0.18673713246214846,1.4,6,0,-0.002513974759098106,0,-0.27197967932694456
B0044,47,116,4.0,0.06740755265748018,3.3703776328740087,4.176052130765157,4.128105015229725,2.567871692937443,4.04058000450648,0.2800719260752111,0.25325621917628915,6.381625925867831,9.004482980571387,6.719645217752847,2.622857054703556,1067.641,0.222668238075941,1.4,6,0,0.012290639317693003,1,0.002038056319051676
B0044,48,118,4.0,0.0675676530317139,3.378382651585695,4.177001690332218,4.1286070754017565,2.537541377739229,4.038574138704129,0.2870605562894,0.25869604946426084,5.99270967231731,10.10838939092693,6.752194119869617,4.115679718609621,1048.687,0.22244873811810267,1.4,6,0,0.0001601003742337237,0,0.0020417812012631003
B0044,49,120,4.0,0.055637310449156464,2.781865522457823,4.176258717683466,4.134918440074762,2.6996320897449855,4.060984637180495,0.2468082445002984,0.2179565014481298,5.658872552459686,9.084345421523768,6.682861474834709,3.425472869064082,1039.984,0.191118490857272,1.4,6,0,-0.011930342582557436,0,-0.00037191300105916955
B0044,50,122,4.0,0.06822433276106823,3.411216638053412,4.177474490963576,4.1257067748608085,2.502639203032668,3.9901324953918995,0.3507774785280304,0.3938626926922687,5.745602515228733,9.9732818280256,7.805372903557112,4.227679312796867,687.328,0.2230091164463879,1.4,6,0,0.01258702231191177,1,0.002118688932436591
B0044,51,124,4.0,0.056052453431514465,2.8026226715757234,4.177754475108936,4.135563573656689,2.645057195756969,4.060072156375749,0.2524255689419221,0.2180798181378482,3.8179275651941222,7.130613484534643,6.452537181339348,3.3126859193405207,1047.531,0.19134541924774173,1.4,6,0,-0.01217187932955377,0,0.0001871080183454582
B0044,52,128,4.0,0.06868220130105056,3.434110065052528,4.176437545781662,4.127241090649013,2.5457909784374686,4.036259706472422,0.28622353463348155,0.2643528519799208,6.320493718104861,9.420302039012588,6.89796196003197,3.0998083209077274,1038.375,0.22719283918120528,1.4,6,0,0.012629747869536093,1,0.00025492972871407615
B0044,53,130,4.0,0.06874755353346529,3.4373776766732647,4.1766732396736,4.127186473195887,2.525156138635263,4.034899045788163,0.28905748305901496,0.26736899460527924,6.409715825631892,8.596928821276874,6.643140512754006,2.187212995644982,1030.703,0.22738773504809265,1.4,6,0,6.535223241473098e-05,0,0.00023598010035027762
B0044,54,132,4.0,0.05651439891347486,2.8257199456737427,4.176262440841608,4.134428295821622,2.6675668355109194,4.05627259287341,0.2547293646049542,0.22780233650614748,5.337637608774544,8.914167582596768,6.823596011664432,3.5765299738222245,1010.765,0.1933849671539827,1.4,6,0,-0.01223315461999043,0,0.00017541769286367887
B0044,55,134,4.0,0.05673307185387369,2.8366535926936844,4.17780020929139,4.134947937921308,2.6214259323214453,4.056631496996698,0.25850513417274923,0.22520476183361024,3.7077809594817897,7.468130255797678,6.621700828774675,3.760349296315888,1025.719,0.19332162478569578,1.4,6,0,0.00021867294039883134,0,-0.002298252181438909
B0044,56,136,4.0,0.0694133756360175,3.470668781800875,4.177530439833207,4.127543076343453,2.5339139586135624,4.033722240018022,0.29097901101563894,0.2733176657234285,6.407605329757214,9.34228820478629,6.654177389025503,2.9346828750290754,1016.859,0.22971225039482113,1.4,6,0,0.012680303782143812,1,0.0026721844409006074
B0044,57,140,4.0,0.05931766444664955,2.9658832223324776,4.176436149558298,4.132734357249311,2.6459372770148692,4.052548629680626,0.26040156960558253,0.2361048306017573,5.654060048822613,9.296386526511638,6.691030736897561,3.642326477689025,1021.079,0.2031382742446654,1.4,6,0,-0.010095711189367952,0,-0.0018729073708802016
B0044,58,142,4.0,0.06981707253622738,3.4908536268113686,4.177198757478185,4.127005414098857,2.5126783310210183,4.031869983878109,0.295131245843792,0.276660478141283,6.181175705885302,10.402010089986526,6.789742456285512,4.220834384101224,1010.562,0.23034964317335144,1.4,6,0,0.010499408089577826,1,0.00021390380055241742
B0044,59,144,4.0,0.05746435089694075,2.8732175448470376,4.175693660429193,4.1331117060888705,2.676683003373552,4.0546007592526,0.254745469743662,0.2330852876636011,5.64601378863972,9.139614420555528,6.652607169727167,3.4936006319158084,1003.313,0.19752986487648388,1.4,6,0,-0.012352721639286628,0,0.00018999039669317792
B0044,60,146,4.0,0.07053774383993697,3.5268871919968485,4.1767178653680554,4.1262105109570015,2.509819479017468,4.029900462300052,0.2962252507525112,0.2795568326068012,6.297726489185038,10.577915316418856,6.727197790202005,4.280188827233818,1006.187,0.2324643958757494,1.4,6,0,0.013073392942996219,1,0.0027609343972126556
B0044,61,148,4.0,0.05805466052344494,2.902733026172247,4.175734240124533,4.132756769807868,2.659947287863178,4.0528579449382525,0.2579144719653781,0.23594831309020936,5.554332711931368,9.153655205612418,6.704744929431838,3.5993224936810506,996.765,0.19918665130137886,1.4,6,0,-0.012483083316492026,0,-0.002271743022514512
B0044,62,152,4.0,0.07083992015291063,3.5419960076455315,4.174858788640489,4.124232143624501,2.502902423851419,4.027030974078611,0.2979566233739594,0.2828479475258471,6.3415988676725945,10.601194386353557,6.688129486124422,4.259595518680962,999.422,0.23316811795410158,1.4,6,0,0.012785259629465688,1,0.002304451141252216
B0044,63,154,4.0,0.058171836130525824,2.908591806526291,4.175396670709832,4.131481323620592,2.597947039498895,4.048647775995237,0.26779621089690897,0.2390189804005864,4.699512503330192,8.524863523744626,7.135311524033081,3.825351020414434,990.234,0.19778909239336664,1.4,6,0,-0.012668084022384805,0,-0.0023290472811403106
B0044,64,156,4.0,0.05830515712798288,2.915257856399144,4.176278504943042,4.1290103005481,2.688243972514366,4.006197810720952,0.3142683013171572,0.3850459379774585,5.963332136105261,9.440256551104172,7.514206392471801,3.476924414998911,608.953,0.20102724691750534,1.4,6,0,0.00013332099745705372,0,0.00016816124620842588
B0044,65,158,4.0,0.05845592669367763,2.9227963346838814,4.1759985062489635,4.1281368221553985,2.6997767051836083,4.001898132433219,0.317113938692793,0.4002673215050646,6.139756494104144,9.577062674735402,7.105939545905624,3.437306180631258,586.719,0.20186935508942405,1.4,6,0,0.00015076956569474997,0,-0.002416363429251868
B0044,66,160,4.0,0.05862986110638707,2.9314930553193537,4.176892285737099,4.12847320903054,2.6926916057581445,3.9995228828543783,0.32114502746816986,0.40816679464446654,6.076678567640233,9.571995894192735,7.121133621766568,3.4953173265525024,575.922,0.2020300240028414,1.4,6,0,0.0001739344127094436,0,0.000115040116588426
B0044,67,164,4.0,0.05890033218383382,2.945016609191691,4.173446035964009,4.130206178861365,2.6700548004006626,4.053493486866572,0.251369803258425,0.22799300075058915,4.371900906607333,7.124889090041003,6.525840333846862,2.7529881834336694,1050.406,0.2027816020126645,1.4,6,0,0.0002704710774467517,0,-0.0023879175938153613
B0044,68,168,4.0,0.05906467702011044,2.953233851005522,4.1757127493459585,4.131744498336176,2.6107085277536015,4.052074849774992,0.2618281577272958,0.23057936786314254,4.140722546707669,8.324153740739145,7.0347000891113804,4.183431194031477,1040.75,0.20093226691945115,1.4,6,0,0.00016434483627661423,0,0.00017856817791692264
B0044,69,170,4.0,0.07240579982844073,3.620289991422036,4.176015929727789,4.12476936471441,2.500114336550371,4.028366353886938,0.2969316918544639,0.28315792403134765,6.264829276668686,10.63955759206541,6.8973768386013505,4.374728315396724,1019.125,0.23926087413853706,1.4,6,0,0.013341122808330289,1,0.0028201285400915694
B0044,70,172,4.0,0.07255632846891659,3.6278164234458297,4.176353738400277,4.12090697343428,2.463640728476522,3.9662515216379144,0.37293888093019556,0.4616007422637706,5.948474891746157,10.376173431482593,8.12797412482593,4.427698539736436,618.844,0.23789081724704103,1.4,6,0,0.00015052864047586378,0,0.0028200803550477924
B0044,71,174,4.0,0.05959222988909599,2.9796114944547996,4.177102599239209,4.132568841855832,2.5987325707723405,4.052244387669817,0.2632876783327766,0.2334178425044364,4.01632818386259,8.316021086973787,6.951583874586089,4.299692903111198,1039.547,0.203217897214487,1.4,6,0,-0.012964098579820602,0,0.00019247375654178335
B0044,72,176,4.0,0.07321709022768585,3.6608545113842927,4.175766598515428,4.1238579238373845,2.4742429443982785,4.024847285360175,0.3022571423119279,0.2899011457535975,6.228331025736312,10.655557073631597,6.953046195579622,4.427226047895285,1004.328,0.2415437911371456,1.4,6,0,0.013624860338589867,1,0.0028633516087704066
B0044,73,180,4.0,0.05984100849986973,2.9920504249934865,4.174362644498064,4.129917794984331,2.693112294857156,4.051149690799867,0.2522112814948653,0.241627685716622,6.143591327254366,7.631714348736341,6.413311987885646,1.4881230214819752,1005.75,0.20759930539689592,1.4,6,0,-0.013376081727816125,0,0.0001552662959518586
B0044,74,182,4.0,0.07344347056971572,3.6721735284857857,4.175874340371016,4.123428906963438,2.476301013332819,4.023626364549916,0.30294073814373584,0.2932633314193997,6.322123001723509,10.509625598200184,6.779577103952525,4.187502596476675,995.797,0.2423682869403997,1.4,6,0,0.013602462069845986,1,0.00020753414825499806
B0044,75,184,4.0,0.07373739605923264,3.686869802961632,4.176007922304425,4.123444004293982,2.455959621392259,4.0230998765187564,0.3044191687466937,0.2930049870993245,6.428592965422287,9.204729619835247,6.978468873690951,2.7761366544129595,998.921,0.2427219776879373,1.4,6,0,0.00029392548951692743,0,0.00023621351806321078
B0044,76,186,4.0,0.06032312489727431,3.0161562448637156,4.176332232374171,4.131465851802199,2.595966933411927,4.047078241937264,0.26838570529731165,0.24767729732206056,3.8911230804547974,7.96351554428054,6.809785593582902,4.072392463825743,989.141,0.2060590611777667,1.4,6,0,-0.013414271161958334,0,0.00014617900163566428
B0044,77,188,4.0,0.07409611978234346,3.704805989117173,4.176068533506241,4.123208978748907,2.4476887634196065,4.02025965935536,0.30906827421353406,0.30048547409982107,6.406430103137445,9.367163499816085,6.971049837313714,2.9607333966786404,979.203,0.2437223693668645,1.4,6,0,0.013772994885069147,1,0.0001758059109315202
B0044,78,192,4.0,0.060717150532954955,3.0358575266477477,4.1740583227112635,4.1290273921784415,2.696514442504613,4.048987988645058,0.25391718291362625,0.24745666307524986,6.427339471630897,8.36281681813677,6.579881562367587,1.9354773465058726,994.031,0.21091176064446138,1.4,6,0,-0.0133789692493885,0,0.00017522840661704508
B0044,79,194,4.0,0.06082844229397962,3.0414221146989813,4.175423863730147,4.130120431964664,2.690051793810678,4.048190135327761,0.25831886153087497,0.2538866648197935,6.202412153944078,9.833929266126528,6.690126647286674,3.6315171121824505,971.516,0.21105329986080007,1.4,6,0,0.00011129176102466637,0,-0.0025230056551472186
B0044,80,196,4.0,0.060928844447982224,3.046442222399111,4.174918527597704,4.128452491933104,2.682527208849319,4.031325666700656,0.2808552962185819,0.30336906306471867,6.185963491036486,9.82294821385076,6.925009518097775,3.6369847228142733,810.563,0.21081476518090714,1.4,6,0,0.00010040215400260177,0,-0.002561710322250084
B0044,81,198,4.0,0.061220387365620216,3.061019368281011,4.175487105309189,4.1259328793701435,2.6522914416676375,3.99633832641595,0.32454428035434446,0.40842268248518654,5.948683871752471,9.64729446630716,7.831469751479567,3.6986105945546894,599.047,0.21050150751539906,1.4,6,0,0.00029154291763799217,0,0.0001794524936691813
B0044,82,200,4.0,0.06133677582691605,3.066838791345803,4.176924395260363,4.013179157800582,2.546878970446884,3.5339557623459625,0.5612380654252981,1.996777606677881,4.261352737687649,8.475214897845488,6.3578218287881425,4.213862160157839,109.078,0.20639801912044659,1.4,6,0,0.00011638846129583685,0,-0.0025518687910854806
B0044,83,204,4.0,0.0615021959933087,3.075109799665435,4.176472262163263,4.01543311516974,2.6459302194913836,3.5662543456123466,0.527526159260431,1.996176036595444,6.047891078980448,7.906766993792881,6.5954208155010985,1.8588759148124332,109.17099999999999,0.2111378962797666,1.4,6,0,0.00016542016639264912,0,0.00015700909207074925
B0044,84,206,4.0,0.0615436456229027,3.0771822811451353,4.177509034327151,3.9774336320798684,2.5366466461777906,3.480657456568583,0.5687387617095716,2.2176595813869184,4.563444717869488,8.628110902694925,6.324536214740793,4.064666184825437,96.484,0.20685161398076654,1.4,6,0,4.144962959400089e-05,0,0.00014304066578461617
B0044,85,208,4.0,0.061368282981907545,3.068414149095377,4.178674620885059,4.016789225299525,2.619612898646795,3.559655619146663,0.5366802172273651,1.996576745999929,5.844985244902131,9.541833690746394,7.644851838660085,3.696848445844263,109.094,0.2096312677904305,1.4,6,0,-0.00017536264099515808,0,8.788770678506418e-05
B0044,86,210,4.0,0.061633508888739995,3.081675444437,4.180128549369836,3.9777626005302595,2.48420676655347,3.4710657400965403,0.5834115270205816,2.21761630037934,3.070713111420024,7.890349591233944,5.10818141008298,4.81963647981392,96.906,0.20597471777986243,1.4,6,0,0.0002652259068324503,0,8.262430462395581e-05
B0044,87,212,4.0,0.061981030875948785,3.0990515437974393,4.178594409188522,3.97832212096772,2.5492794097929745,3.4889263102095547,0.5631996153485345,2.218491783407859,5.268020681575575,9.207557697837885,6.978200107513246,3.9395370162623102,97.015,0.20921911339606752,1.4,6,0,0.00034752198720879035,0,0.0001288510098065465
B0044,88,216,4.0,1.4779954511171076,73.89977255585538,4.132709552803766,3.419844090039504,2.6987042664288663,3.438530012225991,0.22508797480128484,0.9486677628435232,5.0591928512168725,10.171915363933092,7.831586108538486,5.1127225127162195,5608.781,5.090853055428954,1.4,6,0,1.4160144202411589,1,0.2832986510247598
B0044,89,220,4.0,1.494119871447679,74.70599357238396,4.158928271771768,3.445169317963351,2.6902025456609366,3.4576572257357188,0.23183218395323696,0.9429908380342336,4.362853119300769,10.296016892383854,7.730546352316417,5.933163773083085,5703.296,5.175516456618967,1.4,6,0,0.016124420330571487,1,0.2865152451649553
B0044,90,222,4.0,1.488007820113173,74.40039100565865,4.173670999223567,3.4449002898550436,2.682194069736634,3.4553887210557868,0.2430492173244514,0.9448514489760842,5.778122232694578,10.396418259744522,7.787963683864436,4.618296027049944,5668.032,5.150701626440973,1.4,6,0,-0.006112051334506097,0,0.2853279074262531
B0044,91,224,4.0,1.4748338592717107,73.74169296358554,4.173428084270444,3.4610402376666234,2.698791325109984,3.453365325098602,0.24140667383083414,0.9421563938919909,6.0108486107998935,10.675119900160503,7.849823078169805,4.6642712893606095,5634.047,5.101276809997978,1.4,6,0,-0.013173960841462273,0,0.28264007007659414
B0044,92,226,4.0,1.4604378044785566,73.02189022392783,4.17295985340472,3.4707688932039567,2.6972261726105513,3.4533767517944844,0.23678244229891232,0.9414988076892857,3.811503767508387,10.562265269293302,7.863220580243154,6.750761501784915,5582.375,5.050503135378622,1.4,6,0,-0.01439605479315409,0,0.2796913547205216
B0044,93,228,4.0,1.452380841576719,72.61904207883595,4.172771279792943,3.47728287954328,2.6816548421625512,3.4460660596643384,0.24492976637876157,0.9389248190462193,6.075213816624852,10.76625471358321,7.930106785779635,4.691040896958358,5567.329,5.011741010654874,1.4,6,0,-0.008056962901837661,0,-0.005122921908077727
B0044,94,232,4.0,1.4411028883649861,72.05514441824931,4.15544388290786,3.475952772687804,2.6758389635879234,3.4382387035909514,0.24205083131062194,0.9382384193003172,3.8604868917439146,10.911129725577434,7.888437545923743,7.050642833833519,5528.453,4.961193200047588,1.4,6,0,-0.01127795321173286,0,-0.010603396616538596
B0044,95,234,4.0,1.4300355978410688,71.50177989205343,4.172195811279475,3.492534910262206,2.6766750362925413,3.4385248959075603,0.24432972030509578,0.9336490860823935,4.9665241241819045,10.81913572086399,7.818043363205418,5.8526115966820855,5513.39,4.922595954389076,1.4,6,0,-0.011067290523917306,0,-0.011594444454420838
B0044,96,236,4.0,1.413943296719903,70.69716483599515,4.171402160517197,3.5195548509418253,2.695622084623807,3.4365202293034374,0.24412763083027847,0.9277689220640792,3.440362613271007,11.006306031992887,7.830974235734798,7.56594341872188,5486.187,4.862075894813823,1.4,6,0,-0.016092301121165775,0,-0.012178112510361539
B0044,97,238,4.0,1.3972667497450317,69.86333748725158,4.170188354997629,3.540231132629273,2.6908429071948605,3.4352027430527405,0.24515407144955606,0.9210915737535232,6.273380041307724,10.614675024239112,7.878562179371438,4.341294982931388,5461.922,4.80133409906782,1.4,6,0,-0.01667654697487131,0,-0.012634210946704982
B0044,98,240,4.0,1.3865375876825874,69.32687938412937,4.170349799747877,3.549033034175941,2.6963132256039875,3.43345469224157,0.2457107891281105,0.9181201846393618,6.235672307285621,10.78731375840829,7.960251571512366,4.551641451122669,5438.157,4.760836932923404,1.4,6,0,-0.010729162062444342,0,-0.013168650778826318
B0044,99,244,4.0,1.3724753685724698,68.62376842862349,4.152097901125397,3.5589131619970353,2.6889652303475895,3.425091148228222,0.24526445395798016,0.9148056354944822,3.644460232552048,10.646148713943534,7.825815360855775,7.001688481391486,5402.875,4.698996940885423,1.4,6,0,-0.014062219110117624,0,-0.013725503958503272
B0044,100,246,4.0,1.3598593948812812,67.99296974406406,4.169872871486082,3.5757246471232946,2.697702269918439,3.43285332747351,0.2430436944817367,0.9097290378256396,6.1193991842295,10.149343674038578,7.871717073752719,4.029944489809078,5384.438,4.665113330711158,1.4,6,0,-0.012615973691188609,0,-0.014035240591957533
B0044,101,248,4.0,1.3486733410392264,67.43366705196132,4.17029400170211,3.5795905831244874,2.6908621173584564,3.4316708520467616,0.24291093170155378,0.9089429725976691,5.9499522459786585,10.269672545542077,7.872850841533409,4.319720299563419,5344.859,4.624378294227096,1.4,6,0,-0.011186053842054733,0,-0.013053991136135323
B0044,102,250,4.0,1.3334258933205057,66.67129466602529,4.16968317987712,3.5894824249326205,2.6956578221948044,3.4305423593747584,0.2401806270549152,0.9053821063023094,6.01819997849802,10.511836729394169,7.787673589037049,4.493636750896149,5305.156,4.569114775231495,1.4,6,0,-0.015247447718720775,0,-0.012768171284905216
B0044,103,252,4.0,1.3387793081075827,66.93896540537914,4.170671249766948,3.56673989102567,2.683891843696469,3.4188541266416608,0.2498622296553686,0.9122974973243161,5.103177021039184,11.2498423901219,7.997910807563725,6.146665369082716,5284.547,4.573979013551253,1.4,6,0,0.005353414787077071,1,-0.009551655915000934
B0044,104,256,4.0,1.3153320403016995,65.76660201508497,4.149844268077626,3.600774643323901,2.6861736439095387,3.42241373548389,0.24064467781962742,0.899415665813965,6.140427032820424,10.478668312226782,7.881896352735887,4.3382412794063585,5267.843,4.4940200125764145,1.4,6,0,-0.023447267805883243,0,-0.011428665654154058
B0044,105,258,4.0,1.322963328110081,66.14816640550404,4.170207896534634,3.5723995517215763,2.6915218489806785,3.4160977003080477,0.25007768239367234,0.9110361819574849,5.409746706230465,11.276068425006786,8.022448822976777,5.86632171877632,5229.688,4.515160429284309,1.4,6,0,0.007631287808381515,1,-0.007379213354240033
B0044,106,260,4.0,1.3086991524155074,65.43495762077536,4.169943833836458,3.589097994535681,2.6982230360736286,3.415875051664848,0.24990788334796682,0.9054784982339315,5.118567803709009,11.18488048040138,7.977920186292173,6.066312676692371,5206.954,4.463700933309752,1.4,6,0,-0.014264175694573611,0,-0.007994837724743808
B0044,107,262,4.0,1.2897499583900436,64.48749791950218,4.168649657337103,3.6095432846887325,2.6884148666237393,3.420770509924939,0.24561946829125472,0.8972042620479108,5.9382293326681515,10.572845919227095,8.016774436428086,4.634616586558944,5179.062,4.402713099709312,1.4,6,0,-0.0189491940254638,0,-0.008735186986092413
B0044,108,264,4.0,1.2906172590904164,64.53086295452081,4.168865124534303,3.5971883241554266,2.699098319484438,3.412152763562302,0.25083554403688085,0.9036678684489556,4.18197518397857,11.286420953867147,8.104364904391632,7.104445769888577,5144.109,4.395821539284955,1.4,6,0,0.0008673007003727751,0,-0.009632409803433273
B0044,109,268,4.0,1.2752011253442166,63.76005626721083,4.14775004325363,3.6164304267520118,2.692387025960113,3.411365387592042,0.24715706243537902,0.8935071299028775,6.413693421121831,10.532008688910055,8.021367388918382,4.118315267788224,5142.891,4.33859653292282,1.4,6,0,-0.015416133746199767,0,-0.008026182991496577
B0044,110,270,4.0,1.2686072657374579,63.43036328687289,4.16768084822256,3.6177701809387437,2.684075358151804,3.4151055404827564,0.24725587375393934,0.8950719052463397,6.22810169387369,10.496769408739059,8.012944452376887,4.268667714865369,5109.734,4.321412029582281,1.4,6,0,-0.006593859606758734,0,-0.010871212474524628
B0044,111,272,4.0,1.2565759973225976,62.828799866129884,4.167944485512648,3.6258720290143316,2.687825351809013,3.4139726333379956,0.24957949086066564,0.8916652038874839,6.228154681268915,10.219372011443097,7.944197776199544,3.991217330174182,5078.937,4.277063109805595,1.4,6,0,-0.012031268414860241,0,-0.010424631018581954
B0044,112,274,4.0,1.2486254509320867,62.43127254660433,4.167775501643388,3.62875590408682,2.6932435794466025,3.410670178184504,0.2505271688577992,0.8906107795294059,6.385705098046586,10.307592528834146,7.904886527570053,3.92188743078756,5051.672,4.245032613602169,1.4,6,0,-0.00795054639051096,0,-0.008224901491591385
B0045,1,1,4.0,1.0819793880779518,54.09896940389759,4.202937200343293,3.678452965469899,1.990881848788414,3.3507147228969534,0.3835508485154758,0.6797383425468184,6.546128313360122,15.71039018923076,9.485217152757082,9.164261875870636,6436.141,3.9162220133643757,1.4,1,0,0.0,0,-0.05148643875755214
B0045,2,5,4.0,0.927952404748273,46.39762023741365,4.1669008679698605,3.663097390180859,1.9875972636980002,3.343710562419324,0.39538425271967914,0.6849343730870635,5.661731233736432,16.327881769438125,9.412485833762908,10.666150535701693,5650.265,3.465636899218774,1.4,1,0,-0.1540269833296788,0,-0.05148643875755214
B0045,3,7,4.0,0.885193608411576,44.2596804205788,4.187652780308948,3.674371007397814,1.9885380767186824,3.357113032625278,0.3996993218277446,0.6646741680212028,6.421987720230596,16.190453016227536,9.14441346005273,9.76846529599694,5590.907,3.328953235269964,1.4,1,0,-0.04275879633669699,0,-0.05148643875755214
B0045,4,9,4.0,0.8581010699478283,42.905053497391414,4.188401226248918,3.6817897500731527,1.969241613952096,3.358646172572514,0.4037204554586566,0.6509708172327299,4.777824751111958,16.44564599364816,9.07418033049993,11.667821242536203,5543.61,3.221570203777946,1.4,1,0,-0.027092538463747706,0,-0.05148643875755214
B0045,5,11,4.0,0.8409352213456689,42.04676106728344,4.188303916193977,3.688499142654617,1.9830542841988097,3.3660643885240518,0.40023479460797123,0.6403002019566112,5.04727429257204,16.652821920677077,9.063698357219925,11.605547628105036,5499.046,3.143913761639466,1.4,1,0,-0.017165848602159417,0,-0.05148643875755214
B0045,6,13,4.0,0.8245471942901911,41.227359714509554,4.18828020412361,3.6948450418453898,1.980464521626357,3.367910347978234,0.4026658132120647,0.6317916802649506,5.288671517567152,16.626045153527933,9.076577071060372,11.33737363596078,5461.219,3.0740008030225137,1.4,1,0,-0.016388027055477816,0,-0.05148643875755214
B0045,7,17,4.0,0.7935960418803983,39.67980209401992,4.115206177316684,3.7010520128314486,1.9822192378370667,3.357745333360116,0.40437548661670575,0.6177297001608738,4.611342855994695,16.231693733501764,9.265023738219778,11.620350877507068,5451.281,2.9706775174483666,1.4,1,0,-0.030951152409792737,0,-0.026871272573574932
B0045,8,21,4.0,0.8183676087159205,40.918380435796024,4.166213617468092,3.69898995831713,1.9987122390470566,3.3696607473704705,0.40001556805694966,0.6276530720982322,5.513851353295177,16.185673883928935,9.339350112299787,10.671822530633758,5468.062,3.0536033614634928,1.4,1,0,0.024771566835522174,1,-0.0133651999391311
B0045,9,23,4.0,0.7977644276409412,39.888221382047064,4.188858082816243,3.7024435738763604,1.97927314966301,3.3747312015520436,0.4087667892837247,0.6228892158147179,5.128013636342155,16.52621032903044,9.308634523153344,11.398196692688286,5411.297,3.0016799414433293,1.4,1,0,-0.02060318107497927,0,-0.012067328461377414
B0045,10,25,4.0,0.7993777411831636,39.968887059158185,4.189052979187811,3.704020503426279,1.9640518711887227,3.381799182114607,0.39834424614079716,0.6165874685425882,5.899810916272923,15.196414604557985,9.25414520667292,9.296603688285062,5369.703,2.953484356858143,1.4,1,0,0.0016133135422223832,0,-0.008311496032501054
B0045,11,27,4.0,0.7783107440628891,38.91553720314446,4.189280705297697,3.7078446962381064,1.9965583229383295,3.385176591409285,0.4018441407241525,0.6125821930083027,5.093156336915293,16.354435553014117,9.291749311540086,11.261279216098824,5327.406,2.908427776428305,1.4,1,0,-0.02106699712027449,0,-0.009247290045460387
B0045,12,29,4.0,0.7803738231239117,39.01869115619559,4.189527524041756,3.706347835294092,1.9676140964966766,3.3813096388474886,0.4006633805500128,0.6121519312429837,5.863135839167943,15.57016420519042,9.310447961834724,9.707028366022477,5299.266,2.8886148142629136,1.4,1,0,0.0020630790610225436,0,-0.002644443751297332
B0045,13,33,4.0,0.7713058245640294,38.565291228201474,4.096886292796828,3.7008319877296514,1.9877016401767398,3.3490369985986668,0.4081915634168042,0.6159913820815515,5.790962051360082,16.481904111846188,9.29775486780575,10.690942060486105,5367.172,2.9033639376524705,1.4,1,0,-0.009067998559882273,0,-0.009412356830378221
B0045,14,37,4.0,0.795279016979026,39.7639508489513,4.165741464264874,3.704404289307393,1.99572402940065,3.3694542187312684,0.41241773704821716,0.6254526771870121,4.8555345231325076,16.686364651804713,9.245632947295453,11.830830128672204,5406.812,3.0016978544503905,1.4,1,0,0.023973192414996625,1,-0.0004970821323830421
B0045,15,39,4.0,0.7824128169919247,39.120640849596235,4.189116912804917,3.7050758895307285,1.9723902186883997,3.3771129586319466,0.41210253018594595,0.6181125618678242,5.015412655584477,16.527315358470222,9.21860683892004,11.511902702885745,5353.094,2.9437846169055617,1.4,1,0,-0.012866199987101368,0,-0.0033929848382477923
B0045,16,41,4.0,0.7649414992231182,38.24707496115591,4.189394418073402,3.7080145188067903,1.9760075772645442,3.382104218416538,0.41002837132421227,0.6122046146070167,4.875248498740987,16.325076195754107,9.194130154197088,11.44982769701312,5280.031,2.8773385187070533,1.4,1,0,-0.017471317768806505,0,-0.0026738489679541955
B0045,17,43,4.0,0.7544899426779375,37.724497133896875,4.189251613691141,3.7103292795390734,1.9786838559411906,3.3859954600090036,0.4091191055981716,0.6065820586083148,5.5653454005697265,16.18780234880546,9.188267060937262,10.622456948235733,5248.593,2.831983093296051,1.4,1,0,-0.010451556545180707,0,-0.005176776089194845
B0045,18,45,4.0,0.7504048978314295,37.52024489157147,4.18999236240837,3.710136582658889,1.9866467601774969,3.3830345538672018,0.40845658905679433,0.606500882979079,5.093905174975223,16.54868871782283,9.211910760834266,11.454783542847608,5203.375,2.804433224555617,1.4,1,0,-0.004085044846507957,0,-0.004180185346519982
B0045,19,49,4.0,0.7407258109620256,37.03629054810128,4.165973150657214,3.7108957795935584,1.9915335628511552,3.37881379914347,0.4060283053107908,0.6023224010859699,5.721506867075603,15.893386512216575,9.156857409395572,10.171879645140972,5166.812,2.753905669298891,1.4,1,0,-0.009679086869403886,0,-0.010910641203400084
B0045,20,51,4.0,0.0,0.0,4.1894414322262765,2.942421777794815,2.942421777794815,3.406714657706338,0.24175487363253112,0.9941979686236159,5.143494609537566,11.62448622814209,8.86575510454971,6.4809916186045236,2384.094,2.2478048247598332,1.4,1,0,-0.7407258109620256,0,-0.15648256339838493
B0045,21,53,4.0,0.7308525593793626,36.54262796896813,4.195641973763218,3.72048442804489,1.9935644864605024,3.389059266953009,0.4195637021739833,0.5862699132665358,4.960970902677981,16.273556126855052,9.104538013834128,11.31258522417707,5340.281,2.76533983324744,1.4,1,0,0.7308525593793626,1,-0.0068177879687511215
B0045,22,55,4.0,0.7287255851177903,36.43627925588952,4.189381114418313,3.7132140068108397,1.9937078109097683,3.3783919657677495,0.4122571167675055,0.603881934054826,5.76729348032811,16.57769275391533,9.196243634400288,10.810399273587219,5103.0,2.728497566342504,1.4,1,0,-0.0021269742615722675,0,-0.0051528715120294334
B0045,23,57,4.0,0.7161023377036263,35.80511688518131,4.189726548094093,3.713750450899932,1.9840988185168291,3.3779346242690615,0.4158258492933414,0.6040552033748721,5.453596887910249,16.451931737613187,9.224293881462565,10.998334849702937,5051.172,2.700853280159127,1.4,1,0,-0.012623247414163985,0,-0.006860512025560639
B0045,24,61,4.0,0.7129204834988017,35.64602417494008,4.166113676768846,3.7127031451411376,1.9818309446595743,3.3727225247575885,0.4124764973030112,0.6018841886990297,5.483711016472406,16.660404158556567,9.239291915944644,11.176693142084162,5027.563,2.671646217121399,1.4,1,0,-0.003181854204824641,0,-0.00556106549264479
B0045,25,63,4.0,0.7141991829499618,35.70995914749809,4.189756191273931,3.714311138945114,1.9984963466197732,3.3807359604288414,0.410623352090995,0.603976310616455,5.335310067214765,16.192781213892964,9.220514425854448,10.857471146678199,4993.765,2.6744091954259295,1.4,1,0,0.0012786994511601035,0,0.14283983658999236
B0045,26,65,4.0,0.7190570819844222,35.95285409922111,4.1890449974281685,3.7154129272265513,1.9886589228929203,3.3889133424072204,0.399152100824586,0.6006875482757977,6.100783748755052,14.742856005940368,9.140591023627803,8.642072257185315,4962.469,2.649133637605218,1.4,1,0,0.004857899034460433,0,-0.0023590954789880713
B0045,27,67,4.0,0.7173975428775917,35.869877143879584,4.189274783071479,3.716384100528091,1.9836644140733661,3.3855430731736647,0.4005606692330707,0.6033816848288885,6.401969376913104,14.693521549329,9.05273466167465,8.291552172415898,4907.859,2.628477194030785,1.4,1,0,-0.0016595391068304766,0,-0.002265608448039713
B0045,28,69,4.0,0.7071027496463946,35.35513748231973,4.189518201774546,3.7152428502180563,1.9705703151314151,3.3756882564741844,0.41293021360063115,0.6067336731114306,4.700009468829889,15.86983818237976,9.311519157220646,11.169828713549872,4888.656,2.6241361767184457,1.4,1,0,-0.010294793231197086,0,-0.0017999176114463333
B0045,29,73,4.0,0.703531206505542,35.1765603252771,4.166301702021804,3.716189989859948,1.971779249329659,3.37794278508875,0.4040235589370315,0.6015575630713584,6.285051906885481,14.829662137922766,9.167853966731156,8.544610231037286,4866.25,2.5867566318483686,1.4,1,0,-0.0035715431408526177,0,-0.0018778553986519286
B0045,30,75,4.0,0.6941108278958862,34.70554139479431,4.19002918934191,3.715704598052087,1.9938420365930107,3.373558298075209,0.4152537030221347,0.6099382533777461,5.1873392831769864,15.906462051621897,9.287848514483294,10.719122768444912,4836.125,2.6089581654915133,1.4,1,0,-0.009420378609655833,0,-0.004017671010815116
B0045,31,77,4.0,0.6914114388869608,34.57057194434804,4.1895524054233135,3.714616483624382,1.9993629637641337,3.368742642573582,0.4164636746020461,0.6121612430072217,5.592898008308924,16.353770501511462,9.322184761530549,10.760872493202537,4801.485,2.597311617953136,1.4,1,0,-0.0026993890089254124,0,-0.005529128619492285
B0045,32,79,4.0,0.6971551798505504,34.85775899252752,4.189008492340535,3.714262676835134,1.9932756058141663,3.3718000664169727,0.40647557295300696,0.6133595751961212,6.126545857182796,15.076528277493722,9.289681276195049,8.949982420310926,4760.938,2.5844998478084467,1.4,1,0,0.00574374096358965,1,-0.00404847260540826
B0045,33,81,4.0,0.6832460217432723,34.16230108716361,4.189696962609597,3.7144038299620723,1.9801057444800894,3.366360304166582,0.4193001878532025,0.6140212606464396,5.287965466922043,16.045850353764667,9.365909184464234,10.757884886842625,4740.907,2.571169204254496,1.4,1,0,-0.013909158107278108,0,-0.004771345580624464
B0045,34,85,4.0,0.6822029317493292,34.11014658746646,4.089724777212303,3.712721112010587,1.9944009127947364,3.342277843498783,0.42221338916105466,0.6005861132610241,4.942094376566913,16.24823467681854,9.328022708662925,11.306140300251627,4914.532,2.566229527491438,1.4,1,0,-0.0010430899939430915,0,-0.004265654951242559
B0045,35,89,4.0,0.7289529213213379,36.447646066066895,4.165986533295463,3.7153780330420187,1.9913126738513702,3.3722684174392836,0.4168976828857538,0.6130241600461854,6.282836973703889,15.761879553141288,9.373114023056761,9.4790425794374,4998.656,2.708955221208446,1.4,1,0,0.04674998957200871,1,0.0069684186850903496
B0045,36,91,4.0,0.7139321758287004,35.69660879143502,4.188598948796885,3.7114954801216666,1.9818085465777886,3.357634548884028,0.42399584720889455,0.6243963654074588,6.01693861220351,16.349393593197068,9.306835708093752,10.332454980993557,4890.015,2.693388811060704,1.4,1,0,-0.015020745492637544,0,0.004504147388347923
B0045,37,93,4.0,0.6957731747455482,34.78865873727741,4.188722662834883,3.7148856086306696,1.999993313622792,3.3697954619483568,0.42055358082005717,0.614012612549409,5.382629103582618,16.22246271510604,9.339526786032339,10.839833611523423,4842.11,2.628692879662383,1.4,1,0,-0.01815900108315216,0,-0.0002764010210004386
B0045,38,95,4.0,0.7018312962317095,35.09156481158547,4.188652677315742,3.7163941206965236,1.9746595802941598,3.3766733742445987,0.41051357014573464,0.6093457451037623,6.349267442708521,14.780023826016944,9.1327535688995,8.430756383308424,4798.281,2.591200270574665,1.4,1,0,0.00605812148616125,1,0.003717054897687433
B0045,39,97,4.0,0.6911808244378487,34.559041221892436,4.1894790557667125,3.712423044727602,1.978180955008712,3.356692310359256,0.42416674488782047,0.6216046286696331,5.823275952549424,16.357147782799643,9.343849839453913,10.53387183025022,4739.188,2.595500545657148,1.4,1,0,-0.010650471793860805,0,0.0017955785377038902
B0045,40,101,4.0,0.6843279752855028,34.21639876427514,4.165284595300714,3.717582613624396,1.9845097801200726,3.3716599583869122,0.4138661949104426,0.6050658552624923,6.43407322930751,15.304013119865168,9.257582649630315,8.869939890557658,4733.156,2.5260583143586306,1.4,1,0,-0.006852849152345852,0,-0.008924989207167023
B0045,41,103,4.0,0.6741394908812485,33.706974544062426,4.189848639216605,3.7152243853973026,1.9921664972023339,3.358461612325261,0.42639024124118863,0.6206808927728046,5.609768465038268,16.298057069520368,9.38425161776499,10.6882886044821,4670.61,2.55453860413581,1.4,1,0,-0.01018848440425435,0,-0.007958536989490384
B0045,42,105,4.0,0.6670070174301739,33.350350871508695,4.165425573897933,3.718067406495371,1.9991203083414102,3.3733153872943236,0.411931533314803,0.6014579071154386,5.023617145016327,15.088230300481198,9.144982402264807,10.064613155464873,4635.0,2.459115646510488,1.4,1,0,-0.007132473451074595,0,-0.00575323146307487
B0045,43,107,4.0,0.6804085117374855,34.020425586874275,4.188987638858462,3.7173141911938457,1.9790832878431535,3.367632771675607,0.41657832601534267,0.6147324348436538,5.129091632711206,15.201775291002932,9.26257479341655,10.072683658291727,4615.86,2.505825548838159,1.4,1,0,0.013401494307311634,1,-0.004284556898844794
B0045,44,109,4.0,0.6617864063235485,33.08932031617742,4.1895804149451985,3.71691203309215,1.9986367632788742,3.363321307304569,0.4222729536245531,0.6171838442155201,5.145260978678159,15.820509282900385,9.40011028670591,10.675248304222226,4580.75,2.4934984576037014,1.4,1,0,-0.01862210541393705,0,-0.005878883622860043
B0045,45,113,4.0,0.6623168733492338,33.11584366746169,4.165726010477988,3.7145612024997487,1.9713723245890473,3.346491714827562,0.4221435781355467,0.6210353862363285,6.334181592282474,15.58071439830652,9.419332811255558,9.246532806024046,4557.406,2.48140413934041,1.4,1,0,0.0005304670256853772,0,-0.004402220387253797
B0045,46,115,4.0,0.6679358357181778,33.39679178590889,4.188826402459722,3.71758038160168,1.9843056004522797,3.3599039237162853,0.41362887374946794,0.6204955003009219,4.7457277637201125,14.525034072927795,9.207828068558017,9.779306309207684,4524.0320000000065,2.474672407179205,1.4,1,0,0.005618962368943992,1,-0.0012407310326141285
B0045,47,117,4.0,0.6488990885270688,32.44495442635344,4.189296725569063,3.715840088088744,1.9946795397137125,3.349639562276425,0.43047217671665805,0.6247886683198488,5.775840750277868,16.256345838594637,9.478974220669317,10.480505088316768,4502.938,2.4716511256420506,1.4,1,0,-0.019036747191109038,0,-0.003621585780621017
B0045,48,119,4.0,0.6503639129625527,32.51819564812764,4.189791506946971,3.716260669858614,1.9789936656967484,3.352423027875088,0.42948921748226,0.6220813665043828,5.3928509591669345,15.916519503570713,9.37536325812961,10.52366854440378,4483.094,2.4516701838977766,1.4,1,0,0.0014648244354839024,0,-0.0060089197549865634
B0045,49,121,4.0,0.6572077690202801,32.860388451014,4.189224626327275,3.717175991704089,1.9690947658783289,3.3563090390508155,0.4243089104106655,0.6250499539522099,4.988915934654242,15.322696472607957,9.348977069227304,10.333780537953714,4448.36,2.4338385030251746,1.4,1,0,0.0068438560577274155,1,-0.0009157274606536702
B0045,50,125,4.0,0.6363517458476216,31.817587292381077,4.165215565897099,3.715827934222603,1.9951107736579325,3.340602870094091,0.4318667144643051,0.623734929192778,5.7302034291795305,16.435471374813734,9.539830147989116,10.705267945634203,4440.531,2.4222886862282076,1.4,1,0,-0.020856023172658555,0,-0.005193025500322457
B0045,51,127,4.0,0.6536449360948587,32.68224680474294,4.188761935596181,3.7151525618329324,1.965197509539028,3.348511229053965,0.4215414528368804,0.6278279595149393,6.330518937184438,14.752873057453401,9.436879605277216,8.422354120268963,4416.547,2.4391289151224984,1.4,1,0,0.01729319024723719,1,-0.0028581799246638175
B0045,52,129,4.0,0.6391428272150887,31.957141360754438,4.188802708146619,3.7132177429856683,1.9820270227741772,3.3328844784891074,0.43473899515488995,0.6341009810432264,6.267388828328786,16.57328291132994,9.4879310296259,10.305894083001153,4382.937,2.432138407049888,1.4,1,0,-0.014502108879769993,0,-0.0019512522623960082
B0045,53,131,4.0,0.6482206049496236,32.41103024748118,4.18882331762149,3.717993419303729,1.9731005832473114,3.3518219079975298,0.41820342712286684,0.6270509080782825,4.820308282507962,14.528444176948046,9.300314416191522,9.708135894440083,4347.453,2.3996730172248366,1.4,1,0,0.009077777734534886,1,-0.00042866160258581143
B0045,54,133,4.0,0.6287957471922729,31.439787359613646,4.189177173035626,3.696749648236704,1.9974420919351863,3.268327350028982,0.44051873135303093,0.7597050846771239,5.555842296822165,15.828293567742275,10.07602230197817,10.27245127092011,3581.188,2.39375403778532,1.4,1,0,-0.0194248577573507,0,-0.005682404365601435
B0045,55,137,4.0,0.6380571850193401,31.902859250967,4.0872023413860825,3.7160972305125295,1.9759474231215746,3.3368580984170784,0.42539364389148215,0.5859068227373201,4.5379011696564415,15.050939348149981,9.254842453288928,10.51303817849354,4746.5,2.3982732011956602,1.4,1,0,0.00926143782706712,1,0.0003410878343437007
B0045,56,141,4.0,0.6554825047832906,32.77412523916453,4.164517478268349,3.7163563542691973,1.9944210992064382,3.339305489603821,0.44360092473166657,0.6235792080415339,5.495180185746912,16.878888140585346,9.58411609363967,11.383707954838435,4679.156,2.546518402006657,1.4,1,0,0.017425319763950564,1,0.0003675137376863757
B0045,57,143,4.0,0.6484934835397033,32.424674176985164,4.1883794105875705,3.714955821201089,1.972391693643957,3.339570448565296,0.44580086790729995,0.6257994741257482,5.787899862928433,16.752865016509336,9.566905713744635,10.964965153580902,4596.578,2.51655850976316,1.4,1,0,-0.006989021243587357,0,0.001870131264922903
B0045,58,145,4.0,0.6454071687844921,32.27035843922461,4.188367290905127,3.715784593198778,1.9932621672542286,3.3451677206996573,0.4393089186050154,0.6208878392755675,6.01816211972521,16.630725230629476,9.486246140892044,10.612563110904265,4544.641,2.4715596375369753,1.4,1,0,-0.0030863147552111503,0,-0.0005626872330263044
B0045,59,147,4.0,0.6427008031845645,32.135040159228225,4.189241965038727,3.7167229763182954,1.9848873247448806,3.3544794166161487,0.4308280846348997,0.6150097821120054,5.9010898814107975,15.270710849004713,9.492943245052498,9.369620967593915,4526.938,2.44524885704547,1.4,1,0,-0.0027063655999276515,0,0.0027810111984583052
B0045,60,149,4.0,0.6352454880802477,31.762274404012388,4.189229122156955,3.714388789780833,1.9683654551310577,3.3411905698302573,0.441027346309686,0.6210708337106292,5.633058471184682,16.438070093673065,9.621291466671478,10.805011622488383,4487.438,2.4382846308093824,1.4,1,0,-0.00745531510431674,0,-0.0005623393878184668
B0045,61,153,4.0,0.6156760019587869,30.783800097939345,4.106079484073849,3.7198421765926533,1.9924043536128275,3.3372444928972818,0.4351483328425604,0.5956433245504575,6.397693656563628,15.659914658719188,9.480811280043975,9.26222100215556,4513.312,2.324120828519961,1.4,1,0,-0.01956948612146081,0,-0.007961300564900742
B0045,62,157,4.0,0.6170833682807023,30.854168414035115,4.132422979505627,3.717171800752999,1.9776141524479487,3.3510332188429146,0.4314445351721339,0.5899031716590648,6.081544292944806,15.265721279585906,9.448949676434,9.184176986641098,4568.438,2.344144486314564,1.4,1,0,0.0014073663219154042,0,-0.006282023051800189
B0045,63,159,4.0,0.6434227390858672,32.17113695429336,4.18912672162077,3.719304997626814,1.996982635601323,3.3573066817086326,0.43243595684153674,0.6130674558373729,6.009906260900299,15.459947276103474,9.522656892771677,9.450041015203176,4499.656,2.422879991854705,1.4,1,0,0.026339370805164908,1,-0.000396885939724978
B0045,64,161,4.0,0.6278124433742752,31.39062216871376,4.1893708877050795,3.716123038638658,1.9822999400765693,3.3367004271481884,0.44586633305242196,0.6233316332163754,5.7227062450674495,16.472719613709117,9.570096566546104,10.750013368641667,4430.984,2.412017019044377,1.4,1,0,-0.015610295711592004,0,-0.0029776719620578486
B0045,65,163,4.0,0.6290078315253372,31.450391576266863,4.189359078886884,3.7189365414067876,1.9703495135592828,3.3507625069372007,0.4363658847129575,0.6138039303856421,6.169835162439899,15.321947787344948,9.488568418373822,9.15211262490505,4411.141,2.3725244281043154,1.4,1,0,0.0011953881510620157,0,-0.0012475313109820974
B0045,66,165,4.0,0.0,0.0,4.1893540752465075,2.9329708174243927,2.9329708174243927,3.3925513327274577,0.2529457255211169,0.9901523172837655,5.4902815545600285,11.709111497619928,8.948370017570232,6.218829943059899,1991.531,1.8601768634524454,1.4,1,0,-0.6290078315253372,0,-0.12313520039175738
B0045,67,169,4.0,0.6266355568292261,31.331777841461307,4.106980966416932,3.7211533443603804,1.980504790064301,3.3452602996349197,0.4386949639606151,0.5724793139232983,6.124403837613795,15.469187485474004,9.378195494421618,9.344783647860208,4883.312,2.4061056387407245,1.4,1,0,0.6266355568292261,1,0.0019104377097047599
B0045,68,173,4.0,0.6495813516716594,32.479067583582975,4.165436559350493,3.7208847862354926,1.9754246490329654,3.3478192813331984,0.4468777181665032,0.6068356261713459,6.465314671940455,15.90915813248566,9.495184531517388,9.443843460545205,4663.907,2.4680430880388786,1.4,1,0,0.02294579484243331,1,0.00123172251715844
B0045,69,175,4.0,0.6337485177966306,31.687425889831527,4.189250217496488,3.7201977043603742,1.9843068510361204,3.3500352436555985,0.4490587941202833,0.6091490165625868,5.70821150442389,16.128312311530546,9.474914433741436,10.420100807106657,4581.328,2.4377722626047698,1.4,1,0,-0.015832833875028873,0,0.001187214884471066
B0045,70,177,4.0,0.6298550929085645,31.49275464542822,4.189075663187289,3.7209700450881633,1.9881721268958945,3.3590566596536764,0.4422843518469912,0.599818664489055,6.375289355420008,15.803292200329722,9.411639640493867,9.428002844909713,4553.031,2.389798295501456,1.4,1,0,-0.0038934248880660993,0,0.00016945227664544316
B0045,71,179,4.0,0.6183063778386736,30.91531889193368,4.189728966453982,3.719263297090984,1.9809529177782506,3.3495911750877263,0.4435071876936871,0.6065388177429143,6.189579915426426,15.46350630780127,9.476832839675836,9.273926392374843,4486.5,2.3767907094214666,1.4,1,0,-0.011548715069890858,0,0.12366127556773472
B0045,72,181,4.0,0.6069476168507777,30.347380842538886,4.1890724171726745,3.7198653837769724,1.9697892783360584,3.3462597198775272,0.4509930875675443,0.6056443773005142,5.447328740126087,16.26952559815265,9.49822266009937,10.822196858026564,4450.625,2.349540799417883,1.4,1,0,-0.0113587609878959,0,-0.0039375879956896846
B0046,1,1,4.0,1.7282392323598248,86.41196161799124,4.237702541731068,2.1792997733612083,2.1792997733612083,3.4409645322869102,0.33232746015937215,1.0031661082518326,6.398455346375354,13.880080551261507,9.035891964302168,7.481625204886153,6436.141,6.1735746368615425,1.4,17,16,0.0,0,-0.053856754619068824
B0046,2,5,4.0,1.5161488467923143,75.80744233961572,4.1621898468680545,2.1744736968146285,2.1744736968146285,3.4252545586780085,0.3240382986311047,1.0024459582241103,5.60506560391164,12.941526372487642,8.872109574065124,7.336460768576002,5650.265,5.393424043850431,1.4,17,15,-0.21209038556751048,0,-0.053856754619068824
B0046,3,7,4.0,1.503121190703977,75.15605953519885,4.180873304847234,2.195666899317151,2.195666899317151,3.425904453303529,0.32557649993219817,1.0023602664995583,6.323536182251092,13.359691095670462,8.6284456728549,7.036154913419369,5590.907,5.3372633521978345,1.4,17,14,-0.013027656088337336,0,-0.053856754619068824
B0046,4,9,4.0,1.48586566102824,74.29328305141199,4.182266567788393,2.1796283675041006,2.1796283675041006,3.423608435843718,0.32782789410967744,1.0022919216677797,4.784514691777849,12.683911154117249,8.63136091760955,7.8993964623394,5543.61,5.288060220535965,1.4,17,13,-0.01725552967573707,0,-0.053856754619068824
B0046,5,11,4.0,1.4694562316392716,73.47281158196358,4.180656549578995,2.1952581561866973,2.1952581561866973,3.4211455348547464,0.3296615665498401,1.0022939530561292,5.0598723280079385,13.065399804685724,8.67696820980418,8.005527476677784,5499.046,5.2416105010557965,1.4,17,12,-0.016409429388968277,0,-0.053856754619068824
B0046,6,13,4.0,1.4589554592644807,72.94777296322404,4.180899052149243,2.1940346005371705,2.1940346005371705,3.418211640329191,0.3296981689014063,1.002437745381024,5.286624165247708,12.802479603911387,8.714755394110101,7.515855438663679,5461.219,5.2019061578058565,1.4,17,11,-0.010500772374790968,0,-0.053856754619068824
B0046,7,17,4.0,1.4556853555098295,72.78426777549147,4.120992799547824,2.1978529182010296,2.1978529182010296,3.3913871477101263,0.3222078627624074,1.0021724885230217,4.540712414173866,13.585554405586658,8.941517894800649,9.044841991412792,5451.281,5.150651671149019,1.4,17,10,-0.003270103754651199,0,-0.01209269825649697
B0046,8,21,4.0,1.456232262380321,72.81161311901604,4.158094572470294,2.190965071547283,2.190965071547283,3.405195390316552,0.3337396410833955,1.002235016700841,5.499201106644663,13.94301293338268,8.956808204433374,8.443811826738017,5468.062,5.187399426106502,1.4,17,9,0.0005469068704915259,0,-0.009377785664731197
B0046,9,23,4.0,1.4440592236675138,72.20296118337569,4.180141305155931,2.1866396618663058,2.1866396618663058,3.408987597578302,0.3347838829374165,1.0021923537852624,5.067882431329782,13.134169173843693,8.857079944726477,8.066286742513912,5411.297,5.139255440833135,1.4,17,8,-0.012173038712807172,0,-0.008361287472145217
B0046,10,25,4.0,1.428294264765868,71.4147132382934,4.179370029585307,2.183328288428697,2.183328288428697,3.405344636824463,0.33859194934471304,1.002036442615774,5.843976657040264,14.086951683642923,8.951187295260016,8.24297502660266,5369.703,5.093442675345866,1.4,17,7,-0.015764958901645754,0,-0.008232393374680713
B0046,11,27,4.0,1.4199848948034668,70.99924474017334,4.178701514525068,2.169516718963703,2.169516718963703,3.4032461605763142,0.33825236102665535,1.0019449254309927,5.01792596363546,13.314723048488913,8.966158040889411,8.296797084853452,5327.406,5.049556745292273,1.4,17,6,-0.00830936996240128,0,-0.007794112892202776
B0046,12,29,4.0,1.4043226018516568,70.21613009258284,4.178686122362143,2.1506636217123933,2.1506636217123933,3.3967709514446076,0.3444375115603829,1.0019368953910395,5.8031849716171715,14.173291675329546,8.972930848723113,8.370106703712374,5299.266,5.013389613834575,1.4,17,5,-0.015662292951809986,0,-0.010272550731634533
B0046,13,33,4.0,1.4234351301615986,71.17175650807994,4.104102047327936,2.1813781395662764,2.1813781395662764,3.372196461428764,0.32618959818634646,1.0020744940471753,5.654368336482152,13.959348125513564,9.032800036514974,8.304979789031412,5367.172,5.0421405573228535,1.4,17,4,0.019112528309941812,1,-0.006559426443744476
B0046,14,37,4.0,1.4339948857967295,71.69974428983647,4.155413180529303,2.1971149516601716,2.1971149516601716,3.3962096829403037,0.3354824349037891,1.0019365649129635,4.757687443416716,13.523198161538613,8.8666091485246,8.765510718121897,5406.812,5.114446410385341,1.4,17,3,0.010559755635130896,1,-0.0020128675741568625
B0046,15,39,4.0,1.4185177047756572,70.92588523878285,4.17891702072451,2.157995006136477,2.157995006136477,3.3989726713804767,0.34277945366449597,1.0017349404979956,4.948794491271015,13.750234723504356,8.91721938287038,8.80144023223334,5353.094,5.066727499280466,1.4,17,2,-0.015477181021072317,0,-0.0019553119980421753
B0046,16,41,4.0,1.4056313337829422,70.28156668914711,4.178285871350945,2.198419108542039,2.198419108542039,3.39769311615204,0.33873781327021807,1.0015911631812058,4.839602607984876,13.400973711086477,8.923958703020183,8.561371103101601,5280.031,4.995159570563386,1.4,17,1,-0.012886370992714946,0,-0.0028707122041049084
B0046,17,43,4.0,1.3890214025155618,69.45107012577809,4.1780747638293185,2.151164339585934,2.151164339585934,3.3923860221630204,0.34463156005118034,1.0016627535047886,5.48550873752483,13.648707282364962,8.991317663963024,8.163198544840132,5248.593,4.9576662448889754,1.4,17,0,-0.016609931267380418,0,-0.0030602398672189947
B0046,18,45,4.0,1.3723339082737365,68.61669541368683,4.177918597629585,2.152208745567858,2.152208745567858,3.387564802409393,0.347537740041608,1.0017210974492488,5.087697171800642,13.959820884900516,9.016720196858454,8.872123713099874,5203.375,4.908349301016228,1.4,17,0,-0.016687494241825362,0,-0.01022024437757243
B0046,19,49,4.0,1.3615778905990565,68.07889452995283,4.150975215166189,2.165968185309718,2.165968185309718,3.3755889260430436,0.3454299517233836,1.0015714385037338,5.661478093560933,14.349640095291218,8.999593683204715,8.688162001730284,5166.812,4.855679637129989,1.4,17,0,-0.01075601767467993,0,-0.014483399039534595
B0046,20,51,4.0,0.0,0.0,4.177351418157289,3.4709356617126152,3.4709356617126152,3.651052971550194,0.1368840784195717,0.9957188795918821,5.13334466696164,8.96387999471909,7.549065028670864,3.83053532775745,2384.094,2.414519229382134,1.4,17,0,-1.3615778905990565,0,-0.28370354095513145
B0046,21,53,4.0,1.4100282016237429,70.50141008118715,4.178758227714876,2.199378116446157,2.199378116446157,3.3771442240108183,0.3471988973924628,1.0017131896387046,5.0202014297824205,13.720010432160603,9.073580268946476,8.699809002378181,5340.281,5.021496056886684,1.4,17,0,1.4100282016237429,1,0.0008793735681601244
B0046,22,55,4.0,1.3395671374926488,66.97835687463244,4.177296277706522,2.1709534591124666,2.1709534591124666,3.3739069772216053,0.3515723712524985,1.0014759387718013,5.742878333760452,14.214578668306734,9.035703497783533,8.47170033454628,5103.0,4.7930151885913395,1.4,17,0,-0.0704610641310941,0,-0.009890853004582612
B0046,23,57,4.0,1.3291515487117478,66.4575774355874,4.176859724330072,2.1705625280743464,2.1705625280743464,3.3730377771688125,0.34915371013625646,1.001751590105337,5.4401284420509874,13.7206185074268,9.0428494070086,8.280490065375812,5051.172,4.744563621380778,1.4,17,0,-0.010415588780900986,0,-0.008636471912397737
B0046,24,61,4.0,1.3181687033905718,65.90843516952859,4.148811503971785,2.1762627754763426,2.1762627754763426,3.361814920655554,0.34836235373699836,1.0013919768296455,5.450700875673206,14.307049577086083,9.103478864398264,8.856348701412877,5027.563,4.705220738550692,1.4,17,0,-0.010982845321175994,0,-0.00868183744169695
B0046,25,63,4.0,1.312423708466101,65.62118542330505,4.17607839536505,2.16031962283908,2.16031962283908,3.36759601245628,0.35039753354392483,1.0012785845104526,5.306184400117354,13.73206507015365,9.08626820310501,8.425880670036296,4993.765,4.68121061129143,1.4,17,0,-0.005744994924470781,0,0.2624847416932202
B0046,26,65,4.0,1.2993237532162487,64.96618766081244,4.175479903911147,2.1449047324556036,2.1449047324556036,3.3619567307164724,0.3558298131162476,1.0011100184599881,6.042016495459646,14.550153842364988,9.113491912356011,8.508137346905343,4962.469,4.642857146972975,1.4,17,0,-0.013099955249852302,0,-0.022140889681498833
B0046,27,67,4.0,1.2877483042174591,64.38741521087296,4.175276949812811,2.196218583907234,2.196218583907234,3.360770876263507,0.3507027692758381,1.0010016783342917,6.336057068671648,14.437029519118854,8.977476169539525,8.100972450447205,4907.859,4.589758229860416,1.4,17,0,-0.011575448998789595,0,-0.010363766655037932
B0046,28,69,4.0,1.2865282739749122,64.32641369874561,4.175506752243359,2.1691838412748474,2.1691838412748474,3.3581255157395584,0.35089478259800383,1.0011852000845294,4.682778319876364,14.364000921258654,9.205520238536876,9.68122260138229,4888.656,4.5692498275809665,1.4,17,0,-0.00122003024254691,0,-0.008524654947367117
B0046,29,73,4.0,1.2719636386987183,63.598181934935916,4.145965438635247,2.1947559967284405,2.1947559967284405,3.347714666699619,0.3491445701376315,1.0010013987669988,6.2059277993727315,14.693349843683665,9.14555330973735,8.487422044310932,4866.25,4.533207364642602,1.4,17,0,-0.014564635276193894,0,-0.009241012938370697
B0046,30,75,4.0,1.2714495345417192,63.572476727085956,4.174989626740224,2.1877179876194033,2.1877179876194033,3.353800882166825,0.34999076900655496,1.0010290829534054,5.173813834388308,14.058016587648103,9.111354213090989,8.884202753259796,4836.125,4.513675195005084,1.4,17,0,-0.0005141041569991511,0,-0.00819483478487637
B0046,31,77,4.0,1.2615423884659074,63.07711942329537,4.175655686812431,2.1508230766314127,2.1508230766314127,3.350657273692142,0.35468453445011466,1.0009585460015413,5.580480841079329,13.779152574880365,9.163824507961877,8.198671733801035,4801.485,4.476854217584236,1.4,17,0,-0.009907146075811779,0,-0.0075562729500682655
B0046,32,79,4.0,1.2421201619204132,62.10600809602066,4.174757798171361,2.190167787518222,2.190167787518222,3.349047830330531,0.3542335819797706,1.0009004370775454,6.071252419449891,14.383739114376208,9.165326915001913,8.312486694926317,4760.938,4.436880303488341,1.4,17,0,-0.019422226545494192,0,-0.009125628459409185
B0046,33,81,4.0,1.2402537441669796,62.01268720834898,4.175734259626989,2.18851427579806,2.18851427579806,3.3446343037059103,0.3546864709704731,1.0008605640359372,5.2806981759694755,14.589504036127655,9.179753755489338,9.30880586015818,4740.907,4.412225586355628,1.4,17,0,-0.0018664177534335469,0,-0.009254905961586513
B0046,34,85,4.0,1.2851130012242886,64.25565006121442,4.086997909095507,2.1637485824862837,2.1637485824862837,3.3205030122204913,0.3411515185635458,1.0011746350209894,4.887740323811735,13.891154624298235,9.27415763140438,9.0034143004865,4914.532,4.5428960906416656,1.4,17,0,0.04485925705730898,1,0.0026298725051140614
B0046,35,89,4.0,1.3043327841699193,65.21663920849596,4.1471218794503475,2.153820870810703,2.153820870810703,3.349264182688189,0.3542577553777758,1.0011690143333176,6.199837008509335,14.673096336965486,9.271981913108279,8.473259328456152,4998.656,4.660057918410699,1.4,17,0,0.019219782945630648,1,0.006576649925640022
B0046,36,91,4.0,1.2778639041619957,63.89319520809978,4.17500990248918,2.1856873619664867,2.1856873619664867,3.3574536928825296,0.35392154482926447,1.0009996740645901,5.96092810450143,13.896967367053858,9.033984664610193,7.936039262552428,4890.015,4.569171126013994,1.4,17,0,-0.02646888000792358,0,0.0032643031392176614
B0046,37,93,4.0,1.2723464591651539,63.617322958257695,4.175207914830006,2.1586585951828057,2.1586585951828057,3.3535254761184166,0.3547163385613316,1.0008611138640544,5.371461580732384,13.908543615362126,9.172120651818531,8.53708203462974,4842.11,4.518812854056451,1.4,17,0,-0.005517444996841814,0,0.006045259448948137
B0046,38,95,4.0,1.2477883952768762,62.38941976384381,4.174827125492382,2.1497344671215517,2.1497344671215517,3.347073227310051,0.36003418488043387,1.000811467966266,6.290879841630379,14.617560660341365,9.093365400458568,8.326680818710987,4798.281,4.469174813628255,1.4,17,0,-0.024558063888277637,0,0.0015069302219793191
B0046,39,97,4.0,1.2352499196655526,61.76249598327763,4.1748101416565255,2.180494984747436,2.180494984747436,3.348504626898048,0.3565937571742071,1.000971558605881,5.794527318181999,14.288124170416687,9.119927887302934,8.493596852234688,4739.188,4.41648710234727,1.4,17,0,-0.012538475611323596,0,-0.009972616311747196
B0046,40,101,4.0,1.229251291851949,61.462564592597445,4.144890688492612,2.1583931144361963,2.1583931144361963,3.332816913331474,0.3577440370638567,1.0007926094103774,6.372547700800173,14.875868929885128,9.185345552194319,8.503321229084953,4733.156,4.389582366259368,1.4,17,0,-0.0059986278136037186,0,-0.015016298463594068
B0046,41,103,4.0,1.223890910501634,61.1945455250817,4.174530382960434,2.1973084174346607,2.1973084174346607,3.343773088070051,0.35301114494059443,1.0006667122739987,5.61551685476947,13.880179808466218,9.156968538676207,8.26466295369675,4670.61,4.345410578402172,1.4,17,0,-0.005360381350314913,0,-0.010794598732072336
B0046,42,105,4.0,1.205423323571373,60.27116617856865,4.1743300924480256,2.1948349231295037,2.1948349231295037,3.33676988143417,0.3581167078199952,1.0004434396725717,5.0002098383925935,14.631961684725407,9.08775088318824,9.631751846332815,4635.0,4.302259310876365,1.4,17,0,-0.01846758693026107,0,-0.013384627118756187
B0046,43,107,4.0,1.1957824090008151,59.789120450040755,4.173688629517977,2.153169565361056,2.153169565361056,3.333058450714012,0.3620655963278742,1.0004321685718414,5.10365669005996,14.768164211079867,9.184456763175827,9.664507521019907,4615.86,4.2796353504050515,1.4,17,0,-0.009640914570557824,0,-0.010401197255212224
B0046,44,109,4.0,1.1900729496698461,59.50364748349231,4.174343502341572,2.1789077465484965,2.1789077465484965,3.330716899309493,0.36076542207230294,1.0005022293394439,5.149525989520556,15.037938036453403,9.215049403610458,9.888412046932846,4580.75,4.24449453776705,1.4,17,0,-0.005709459330969002,0,-0.009035393999141305
B0046,45,113,4.0,1.179201763233652,58.9600881616826,4.14222437268915,2.16713614374112,2.16713614374112,3.3218468956700393,0.35692298645985876,1.000376190229538,6.264805944538347,14.290141125898849,9.185331012909922,8.025335181360502,4557.406,4.211202639737615,1.4,17,0,-0.010871186436194114,0,-0.010009905723659385
B0046,46,115,4.0,1.169504032514554,58.4752016257277,4.173393414123743,2.175632256591337,2.175632256591337,3.327359417043662,0.35978797674114443,1.0001870072907715,4.7267614606630675,13.996450231420782,9.046655941616262,9.269688770757714,4524.0320000000065,4.186449739188588,1.4,17,0,-0.009697730719097963,0,-0.010877375597415995
B0046,47,117,4.0,1.16772376849918,58.386188424958995,4.173536996898156,2.1992835564527877,2.1992835564527877,3.3259632346577273,0.3592356725099358,1.0001225394585929,5.761080260625401,14.935082428364883,9.26195924957788,9.17400216773948,4502.938,4.1649308253401,1.4,17,0,-0.0017802640153741223,0,-0.007539911014438605
B0046,48,119,4.0,1.1579256145829042,57.89628072914521,4.174582549013794,2.176786994904175,2.176786994904175,3.322240958381916,0.36312314783425154,1.0001481029921278,5.394685631512769,14.99164974108056,9.252994157098664,9.59696410956779,4483.094,4.142133024185537,1.4,17,0,-0.009798153916275698,0,-0.00757135888358218
B0046,49,121,4.0,1.1499812813376982,57.499064066884905,4.174588307825947,2.1988382142547396,2.1988382142547396,3.325985699672719,0.3599945124954451,0.9999715315503709,5.001649533206434,14.811846373564524,9.26310734626783,9.81019684035809,4448.36,4.110772536354486,1.4,17,0,-0.007944333245206048,0,-0.00801833366642959
B0046,50,125,4.0,1.150285902223034,57.514295111151704,4.140409334076233,2.165246924019346,2.165246924019346,3.3114789937571287,0.35618825635711365,1.0003136352879307,5.6790936483184975,14.247555903096723,9.331127163327569,8.568462254778225,4440.531,4.090601118497475,1.4,17,0,0.0003046208853358934,0,-0.0057831722021235875
B0046,51,127,4.0,1.1349452274085248,56.74726137042624,4.1724288341154105,2.1595222389378317,2.1595222389378317,3.3170441017303047,0.3642671793472578,1.0001598810351362,6.27283043174604,14.332240013732582,9.266824205941363,8.059409581986543,4416.547,4.074538307716137,1.4,17,0,-0.015340674814509292,0,-0.006911761021205854
B0046,52,129,4.0,1.1380960963513609,56.90480481756804,4.172310550176221,2.1831972567411246,2.1831972567411246,3.314496922697215,0.35902528866351713,1.0002538884639347,6.223878359088394,14.276871638701772,9.20992133972331,8.052993279613379,4382.937,4.041118992702281,1.4,17,0,0.003150868942836116,0,-0.005925534429563806
B0046,53,131,4.0,1.123711172150547,56.185558607527355,4.1745648072291,2.191895759269081,2.191895759269081,3.315933995614132,0.3592864361520222,1.0001281764463046,4.848055925778921,13.777310967702926,9.1721362476023,8.929255041924005,4347.453,4.0094913885128305,1.4,17,0,-0.014384924200813831,0,-0.006842888486471433
B0046,54,133,4.0,0.0,0.0,4.1730486061960095,2.957668027855621,2.957668027855621,3.4426193474976627,0.22654309010347237,0.9990527044797731,5.537797928281438,11.441352869995514,8.57217147461004,5.903554941714076,3581.188,3.427450506567598,1.4,17,0,-1.123711172150547,0,-0.22999625626753964
B0046,55,137,4.0,1.214119211354098,60.7059605677049,4.101490888057319,2.1989086411312972,2.1989086411312972,3.2963331961890048,0.35491419416905207,1.0007823470008956,4.438075602523107,14.96165525093106,9.25834987796474,10.523579648407953,4746.5,4.354194662844534,1.4,17,0,1.214119211354098,1,0.012766661826212777
B0046,56,141,4.0,1.211944797522819,60.597239876140954,4.143239194674257,2.1759612427269523,2.1759612427269523,3.3205927834140843,0.3609794393738016,1.0005274848759138,5.478084527507487,14.622124863653873,9.311634785976043,9.144040336146386,4679.156,4.3231724333740065,1.4,17,0,-0.0021744138312789207,0,0.015399914022858851
B0046,57,143,4.0,1.1971248679331923,59.856243396659615,4.174381858889519,2.1740843812957524,2.1740843812957524,3.3321448974569696,0.36064374813605965,1.0003494909916653,5.766281580897997,14.181162993443126,9.306501252940652,8.414881412545128,4596.578,4.261290376967816,1.4,17,0,-0.014819929589626746,0,0.011805754316366279
B0046,58,145,4.0,1.1822892151870987,59.114460759354934,4.173792780760516,2.1699286892596934,2.1699286892596934,3.3300589536831566,0.36192951663404355,1.000130643791712,6.004760162893874,13.989284902759552,9.361883663268088,7.9845247398656785,4544.641,4.209550466007115,1.4,17,0,-0.014835652746093553,0,0.011715608607310335
B0046,59,147,4.0,1.1645336676778397,58.22668338389199,4.174292933831419,2.15658205310809,2.15658205310809,3.326398154149516,0.3678841176963526,0.9999751500715209,5.915029423059273,15.042601535042603,9.565977385225588,9.12757211198333,4526.938,4.187912176107168,1.4,17,0,-0.017755547509259006,0,0.23290673353556796
B0046,60,149,4.0,1.1535559567518647,57.67779783759324,4.174080626824366,2.159229413482601,2.159229413482601,3.324081152870965,0.36732409450287556,1.0001108627417223,5.67699835260256,15.027421071078606,9.613253810213061,9.350422718476047,4487.438,4.149056838791255,1.4,17,0,-0.010977710925974993,0,-0.012112650920446643
B0046,61,153,4.0,1.1601987101282065,58.00993550641033,4.089380393518967,2.1981836512730997,2.1981836512730997,3.2901896835135895,0.35183803592025376,0.9997381912875449,6.299328542848396,14.577396723095212,9.659706152498446,8.278068180246816,4513.312,4.129192875746924,1.4,17,0,0.006642753376341792,1,-0.010349217478922501
B0046,62,157,4.0,1.1711716308206082,58.55858154103041,4.142442473931475,2.172247401410494,2.172247401410494,3.3123680120679446,0.36581506549606746,0.999942885934547,6.043750449758176,15.36587842843583,9.660074492266734,9.322127978677653,4568.438,4.208309558565795,1.4,17,0,0.010972920692401633,1,-0.005190647422516825
B0046,63,159,4.0,1.1563410270783216,57.817051353916085,4.174041322689958,2.167855497701561,2.167855497701561,3.320267294029527,0.36904926735305477,0.9999545027275712,5.99587629562271,15.29268403662172,9.610732084606383,9.29680774099901,4499.656,4.155168931559211,1.4,17,0,-0.014830603742286508,0,-0.005189637621755417
B0046,64,161,4.0,1.141082456193516,57.0541228096758,4.174154842675988,2.197413864039741,2.197413864039741,3.3220005581957603,0.3638478320634991,0.9997765998111345,5.723451619542152,14.698902260428524,9.509606751933422,8.975450640886372,4430.984,4.093214323522736,1.4,17,0,-0.015258570884805644,0,-0.004690242296864744
B0046,65,163,4.0,1.1352383596118123,56.76191798059062,4.173817719824036,2.1808859045895868,2.1808859045895868,3.316995919062792,0.3675697555818649,0.9995908082297772,6.144973775318404,15.066788669768552,9.55376799961061,8.921814894450147,4411.141,4.068109267248104,1.4,17,0,-0.005844096581703706,0,-0.0036635194280104865
B0046,66,165,4.0,0.0,0.0,4.174508000036821,3.4276877712777214,3.4276877712777214,3.6155991581342013,0.1437141387317121,0.9914201446967897,5.505465509140455,9.413942588565497,7.9488520188669245,3.908477079425042,1991.531,1.989783364089495,1.4,17,0,-1.1352383596118123,0,-0.23203974202564132
B0046,67,169,4.0,1.2530847858282803,62.654239291414015,4.122425499351743,2.1634350552847827,2.1634350552847827,3.304824958917925,0.36232589518218045,0.9999417105324964,6.076388571807733,14.884443210062466,9.689325427035971,8.808054638254733,4883.312,4.487665825272263,1.4,17,0,1.2530847858282803,1,0.01638263100153443
B0046,68,173,4.0,1.2050453590356518,60.25226795178259,4.143823070139112,2.1839323108066178,2.1839323108066178,3.3235919579934095,0.3623490442717308,0.9998114309250242,6.432013227405411,14.454392118638458,9.54652406934783,8.022378891233046,4663.907,4.310653541197046,1.4,17,0,-0.048039426792628515,0,0.00974086639146603
B0046,69,175,4.0,1.19119860196273,59.559930098136505,4.173823759594136,2.196284886273677,2.196284886273677,3.3336764636844887,0.3617192117816279,1.000251341258239,5.731228183540531,14.172939173239188,9.486110245180768,8.441710989698656,4581.328,4.249125386899836,1.4,17,0,-0.013846757072921712,0,0.010023229153842817
B0046,70,177,4.0,1.17463817374538,58.731908687269,4.174042864835579,2.1526544597098902,2.1526544597098902,3.32512940887575,0.3698193105366857,1.0000776424140996,6.373693931578403,14.797843662102167,9.528985199683015,8.424149730523764,4553.031,4.2114690925291525,1.4,17,0,-0.016560428217350154,0,0.007879962826713527
B0046,71,179,4.0,1.1555432048235512,57.77716024117756,4.173923325104936,2.1963314779954723,2.1963314779954723,3.3265245824041667,0.3660917892383615,0.9996836231447859,6.176787099087437,14.86814851282613,9.519831150565885,8.691361413738694,4486.5,4.15001847096653,1.4,17,0,-0.019094968921828714,0,0.23110864096471023
B0046,72,181,4.0,1.1538041170229467,57.69020585114733,4.174510564064746,2.189500804437932,2.189500804437932,3.325662411014798,0.3629951732612294,0.9996591394483646,5.512487384505981,14.051631055988958,9.508632239069211,8.539143671482977,4450.625,4.115675224073774,1.4,17,0,-0.0017390878006044996,0,-0.019856133761066718
B0047,1,1,4.0,1.6743047446975208,83.71523723487604,4.246711253516259,3.3293564839618974,2.4706118669327277,3.4752664759657903,0.28433499707641363,0.9527678704653465,6.212696115916043,12.376815880696887,8.272422519178683,6.1641197647808434,6436.141,5.938076996968498,1.4,10,9,0.0,0,-0.04508931754305077
B0047,2,5,4.0,1.5243662105099023,76.21831052549511,4.186635709569866,3.1281566254115516,2.477661652422805,3.4765588189090355,0.2721771391260614,0.9838885014038209,5.4549567195531115,11.314903320182367,8.210715424489035,5.8599466006292555,5650.265,5.381011035806591,1.4,10,8,-0.1499385341876185,0,-0.04508931754305077
B0047,3,7,4.0,1.5080762969973425,75.40381484986712,4.199922751479228,3.1273793356505872,2.4707098734854784,3.4707669643372343,0.2782061491833235,0.9838892612061609,6.145254125961212,11.624528187721145,7.954455063989402,5.479274061759933,5590.907,5.315605637509509,1.4,10,7,-0.016289913512559817,0,-0.04508931754305077
B0047,4,9,4.0,1.4835577960067696,74.17788980033848,4.199568876812779,3.208956838658454,2.465457800547402,3.4675514337042928,0.27808334092416015,0.9789479794332585,4.553269274801158,11.0929238810592,7.985864710265716,6.539654606258042,5543.61,5.2405495863165585,1.4,10,6,-0.024518500990572845,0,-0.04508931754305077
B0047,5,11,4.0,1.4671391666146525,73.35695833073262,4.1993968014662295,3.2396390680484703,2.465765118194009,3.4628386272032645,0.2822438487013008,0.9762640641045123,4.826283158332467,11.020979145558455,8.009426990342208,6.1946959872259875,5499.046,5.177300003612876,1.4,10,5,-0.016418629392117134,0,-0.04508931754305077
B0047,6,13,4.0,1.448858156982267,72.44290784911335,4.198907847432783,3.2907200056866284,2.4700482803033514,3.4591836330966035,0.2805787826778443,0.9711681343753051,5.074450571014079,11.05909419348262,8.033626730077737,5.984643622468541,5461.219,5.109969763837349,1.4,10,4,-0.018281009632385548,0,-0.04508931754305077
B0047,7,17,4.0,1.4458534180949325,72.29267090474663,4.163285001782157,3.278962744366024,2.484128874181115,3.440865649757287,0.27683465141748076,0.9709381095988223,4.135578398049189,11.877028657628198,8.150799939416203,7.741450259579009,5451.281,5.072681383088056,1.4,10,3,-0.003004738887334435,0,-0.015702558482993956
B0047,8,21,4.0,1.431118266178283,71.55591330891416,4.181797294694067,3.3514925009682375,2.483034750266961,3.44810227661685,0.28290323875304185,0.9610547420763002,5.292800359862219,11.559250858608888,8.230899786348077,6.266450498746669,5468.062,5.047060195444058,1.4,10,2,-0.014735151916649425,0,-0.015391606163811878
B0047,9,23,4.0,1.4192745516578533,70.96372758289266,4.197837203348764,3.377792692577216,2.49830336362436,3.4496654644975946,0.27977111975208924,0.9582923588349711,4.779042205440951,11.34743713793976,8.146945225413083,6.568394932498809,5411.297,4.982285156270496,1.4,10,1,-0.01184371452042976,0,-0.012856648869783261
B0047,10,25,4.0,1.3999974221808271,69.99987110904135,4.197777018222757,3.391624187990136,2.49851157426792,3.4449123724079618,0.2850824520913082,0.9553719838321842,5.664182556239294,11.693269060729056,8.251894856354932,6.029086504489762,5369.703,4.9220630044459455,1.4,10,0,-0.0192771294770262,0,-0.013428348886765074
B0047,11,27,4.0,1.3885156686114437,69.42578343057218,4.197306543877358,3.4070997498945625,2.4919375577484737,3.441830864370845,0.28221806463046634,0.9527836491780217,4.636183279973251,11.557441727679935,8.23497518866995,6.921258447706684,5327.406,4.864973731189526,1.4,10,0,-0.011481753569383413,0,-0.012068497674164647
B0047,12,29,4.0,1.3652234669528964,68.26117334764483,4.19770091242359,3.418078036723362,2.4683068422721184,3.434468178084287,0.29072594064998714,0.949814677088373,5.589217205361708,11.667407771157471,8.269239827690175,6.078190565795763,5299.266,4.813667762588777,1.4,10,0,-0.023292201658547285,0,-0.016125990228407217
B0047,13,33,4.0,1.4060442272970963,70.30221136485481,4.1533796403143945,3.331026808386518,2.479195639185483,3.430115214310407,0.2731172062669594,0.9623912130236258,5.290782080102379,11.311016339650983,8.236583239584068,6.020234259548604,5367.172,4.935609639109876,1.4,10,0,0.0408207603441999,1,-0.005014807776237351
B0047,14,37,4.0,1.4057541613525781,70.28770806762891,4.1809212253928045,3.3967197943497776,2.4933737831605582,3.442078085056046,0.27902708249350994,0.9528782892582865,4.342176116367808,11.175603921563273,8.16126508624072,6.833427805195464,5406.812,4.939021393018356,1.4,10,0,-0.0002900659445181919,0,-0.0027040780610550373
B0047,15,39,4.0,1.3867662881727878,69.33831440863939,4.198049966629152,3.4151250266420123,2.4915713224709926,3.4424678812268277,0.28251007358934205,0.949763883381583,4.600686396248,11.15023736338702,8.25301239256121,6.54955096713902,5353.094,4.873935540533541,1.4,10,0,-0.018987873179790338,0,-0.002646226801607865
B0047,16,41,4.0,1.3705053061420223,68.52526530710111,4.1976485673043396,3.4035285208516157,2.471859124111365,3.433855142547628,0.28675476453100107,0.9517236523037205,4.38017730844184,11.81131136026599,8.291638340695691,7.4311340518241495,5280.031,4.805739242148828,1.4,10,0,-0.016260982030765536,0,-0.00360207249388429
B0047,17,43,4.0,1.3497431114823601,67.487155574118,4.1969633661004995,3.446009349775365,2.488914813470205,3.4327517306039357,0.2837963895568054,0.9434304652541514,5.114704674958012,11.699803023226297,8.318107121376224,6.585098348268285,5248.593,4.731897137866886,1.4,10,0,-0.020762194659662114,0,-0.0030960710941072556
B0047,18,45,4.0,1.3251533367939783,66.25766683969891,4.196227134476293,3.4617289705611416,2.4728525339367153,3.4273855541261473,0.2878272123291579,0.9400504066130265,4.784737147270536,11.234017863419322,8.303021352537922,6.4492807161487855,5203.375,4.666447549021851,1.4,10,0,-0.02458977468838186,0,-0.016178178100623608
B0047,19,49,4.0,1.3111943869635805,65.55971934817903,4.176260352394772,3.4766213571171005,2.4822189935935484,3.4184685184601045,0.28858687882320255,0.9371728265330332,5.473663110232025,11.729632241368254,8.32601397527908,6.255969131136229,5166.812,4.605413566462972,1.4,10,0,-0.013958949830397804,0,-0.01891195487779953
B0047,20,51,4.0,0.0,0.0,4.195583212031605,3.452630071948054,3.452630071948054,3.6507246573834036,0.14305538291215084,0.9839651386620409,4.883778524929352,8.565277404002732,7.192903163731922,3.68149887907338,2384.094,2.385745458224378,1.4,10,0,-1.3111943869635805,0,-0.27735325763455754
B0047,21,53,4.0,1.3394234405932892,66.97117202966446,4.199835388165491,3.5149099793182903,2.481264290061195,3.4156755122328164,0.2913387097780892,0.9234888743201763,4.748318446282868,12.186162994585318,8.388106987601862,7.437844548302451,5340.281,4.683113446242002,1.4,10,0,1.3394234405932892,1,-0.006216373109746609
B0047,22,55,4.0,1.2849157142560723,64.24578571280361,4.195847527614419,3.5069160151578584,2.487540187711501,3.4189443106786306,0.2885981410630757,0.9304751538451652,5.506502298082729,11.147409475641334,8.304841644444155,5.640907177558605,5103.0,4.514875844843612,1.4,10,0,-0.0545077263372169,0,-0.012965479445257565
B0047,23,57,4.0,1.281719159327807,64.08595796639035,4.195387366763826,3.5014122578826012,2.4907582384317,3.4147835574863517,0.2873263908738879,0.9322878087078721,5.165891185911349,11.681014963080823,8.319029412369582,6.5151237771694746,5051.172,4.472418589156943,1.4,10,0,-0.003196554928265316,0,-0.008686835493234258
B0047,24,61,4.0,1.2600051642942829,63.000258214714144,4.174064296873529,3.523123652499999,2.4931638320699276,3.409591730169167,0.2864319849937852,0.9267897523084677,5.265209753192886,11.29683746494969,8.40175592495139,6.031627711756803,5027.563,4.416650261858625,1.4,10,0,-0.021713995033524114,0,-0.010237844533859519
B0047,25,63,4.0,1.266070385993126,63.303519299656294,4.1949588865165515,3.503450628794799,2.479240941037315,3.4076452403509663,0.29056442416523226,0.9316546985476123,5.042763463669986,11.88239860330653,8.395347720509115,6.8396351396365445,4993.765,4.409524840575314,1.4,10,0,0.0060652216988430485,1,0.2532140771986252
B0047,26,65,4.0,1.2413590294280803,62.067951471404015,4.194794488425212,3.530046084468069,2.4915265338912347,3.407201115194828,0.29229417940297314,0.9255712459255208,5.828204131463054,11.79170575767619,8.419292173692186,5.963501626213136,4962.469,4.3497746548133795,1.4,10,0,-0.02471135656504564,0,-0.019612882233041785
B0047,27,67,4.0,1.2298873703485311,61.49436851742656,4.194210512385239,3.5295598976471045,2.495727313119633,3.402851724115477,0.2916749413758398,0.9273765014856349,6.105449719306633,11.726616039636879,8.293327119939335,5.6211663203302455,4907.859,4.304944611809218,1.4,10,0,-0.011471659079549168,0,-0.011005668781508238
B0047,28,69,4.0,1.228088614506696,61.404430725334805,4.19378669081209,3.5280993862030905,2.4979742120513753,3.398740761774466,0.29310708428014587,0.9267828902753352,4.152158421868814,12.464631760563272,8.49190236531868,8.312473338694458,4888.656,4.280478787300609,1.4,10,0,-0.0017987558418350869,0,-0.010726108964222191
B0047,29,73,4.0,1.2139857189070042,60.69928594535021,4.1718864589662426,3.5386452327036166,2.495109477398993,3.3945066004903923,0.290759535255161,0.9236909885385988,6.017733257441179,11.863547747838407,8.437149776270967,5.845814490397228,4866.25,4.2395936633192415,1.4,10,0,-0.0141028955996918,0,-0.00920388907745573
B0047,30,75,4.0,1.2173435064564189,60.86717532282094,4.19388971043665,3.524430984081883,2.4851956352139384,3.39192930556013,0.29686961932360884,0.9289130253832715,4.936935040317449,12.460832791038596,8.429621946088576,7.523897750721147,4836.125,4.2357971958601075,1.4,10,0,0.003357787549414626,0,-0.009745375907341414
B0047,31,77,4.0,1.2073445944515917,60.36722972257959,4.1938733183948385,3.5235817833132557,2.4873308484835266,3.39128980672992,0.2952361690401796,0.9282509790818946,5.37037124024595,12.213639136225725,8.46306110156025,6.843267895979775,4801.485,4.201333107000751,1.4,10,0,-0.009998912004827165,0,-0.0068028869952977186
B0047,32,79,4.0,1.18804049227045,59.4020246135225,4.1933443957612875,3.5434895598001273,2.488620645344286,3.3932667889977313,0.2935425150923969,0.9244391789678553,5.856719474511227,11.534784991217848,8.459204966688853,5.678065516706621,4760.938,4.150267461192182,1.4,10,0,-0.019304102181141758,0,-0.008369375615616237
B0047,33,81,4.0,1.186304749886542,59.3152374943271,4.19356398488292,3.53287751083392,2.476969143594387,3.3838600818009588,0.300132596908711,0.9270778841362789,5.006658336012915,12.42977502748968,8.493224799915222,7.423116691476764,4740.907,4.133479186316174,1.4,10,0,-0.0017357423839079456,0,-0.008356772924030809
B0047,34,85,4.0,1.2613935471028506,63.06967735514253,4.142510591712848,3.430256148149239,2.4790054948940434,3.3866520851320576,0.2847952352538696,0.9460945366701964,4.680181437078328,12.428323073625249,8.466232868159803,7.7481416365469205,4914.532,4.384181600740532,1.4,10,0,0.07508879721630857,1,0.009481565639169265
B0047,35,89,4.0,1.2648246158850653,63.24123079425327,4.174381011699289,3.4830191388435696,2.479600589435018,3.402095154295076,0.2937159829378483,0.9356871602351079,6.021117136893664,12.487413364213579,8.553128334903379,6.466296227319915,4998.656,4.42778139862624,1.4,10,0,0.0034310687822147745,0,0.009496221885729295
B0047,36,91,4.0,1.2466494548982199,62.332472744910994,4.194961577545829,3.4807424394545063,2.46837363838224,3.404625504614091,0.2933185117448005,0.9401543135566397,5.835192891797076,11.343734065329729,8.342818484380935,5.508541173532652,4890.015,4.355633408117811,1.4,10,0,-0.018175160986845462,0,0.007860972089325634
B0047,37,93,4.0,1.2333924152795082,61.66962076397541,4.194728577808066,3.4844739172428008,2.497016493627855,3.3977378433240313,0.29649531997602196,0.9395699773936357,5.230194273505954,12.641653349352346,8.481468325698998,7.411459075846392,4842.11,4.301521555111568,1.4,10,0,-0.013257039618711719,0,0.009070384601811643
B0047,38,95,4.0,1.2129250072037692,60.64625036018846,4.194123941573546,3.500791519526392,2.4751740867556524,3.39454078926717,0.29804597856074916,0.9358384770108444,6.1158072487240815,11.969937687736323,8.425193812256257,5.854130439012241,4798.281,4.240573583189138,1.4,10,0,-0.02046740807573899,0,0.005324051463445434
B0047,39,97,4.0,1.1999106597943647,59.995532989718235,4.194413177433493,3.514478324614081,2.499811739255094,3.397135252361952,0.2925306083331327,0.9347314616646687,5.685535074662302,11.438399477589398,8.471726206300676,5.752864402927096,4739.188,4.185429793575514,1.4,10,0,-0.013014347409404436,0,-0.012296577461697166
B0047,40,101,4.0,1.1902559038393383,59.512795191966916,4.172002506353698,3.5192858427126774,2.494550023378076,3.384557786350807,0.29580136996824413,0.9317063778783359,6.171555815120978,12.144441411939049,8.510483818712029,5.97288559681807,4733.156,4.150060221650666,1.4,10,0,-0.009654755955026406,0,-0.014913742409145402
B0047,41,103,4.0,1.1892563795455853,59.46281897727926,4.194068049662567,3.478044114225982,2.477337702429082,3.38207924956575,0.3026814490144442,0.9431304926184637,5.503640579819108,12.67224284322037,8.530222967717657,7.1686022634012625,4670.61,4.145938122861655,1.4,10,0,-0.0009995242937530513,0,-0.01147861507052692
B0047,42,105,4.0,1.167069685125939,58.35348425629695,4.193464344236471,3.5094590191985695,2.478325379623597,3.3808097620789024,0.30165693932088455,0.9364521415339061,4.838263185416672,11.984785271459067,8.420605358837513,7.1465220860423955,4635.0,4.081552686947711,1.4,10,0,-0.02218669441964627,0,-0.013264546030713831
B0047,43,107,4.0,1.1615348403090369,58.07674201545184,4.192797311893991,3.523831972961057,2.494831087986124,3.382026759648077,0.2980372620985294,0.9330135422416264,4.719433173149201,12.101959002780742,8.51215713252602,7.382525829631541,4615.86,4.049996171733382,1.4,10,0,-0.00553484481690214,0,-0.01027803337894646
B0047,44,109,4.0,1.1555563844349988,57.77781922174994,4.193468094113346,3.51635574108424,2.4956781405402677,3.376424700878435,0.3016705821365086,0.9354455085688509,4.959571710692188,12.396974763839234,8.54602737861718,7.437403053147046,4580.75,4.023469959807494,1.4,10,0,-0.005978455874038113,0,-0.008870855071873195
B0047,45,113,4.0,1.1488524666097713,57.442623330488566,4.16991637056524,3.5144464699056024,2.4729308126474736,3.3729563491800936,0.29515697073157215,0.9350022847130899,6.073194143734228,11.455115215105929,8.4485741292899,5.381921071371701,4557.406,3.9967439384569268,1.4,10,0,-0.006703917825227501,0,-0.008280687445913416
B0047,46,115,4.0,1.143572986788779,57.17864933943895,4.192396921446495,3.5268870259917424,2.494578415325497,3.37864248825242,0.29370984683516205,0.9345624675488318,4.297524081029169,11.39345446641458,8.334392904335672,7.095930385385411,4524.0320000000065,3.9718855598129394,1.4,10,0,-0.0052794798209923055,0,-0.009136678551361266
B0047,47,117,4.0,1.1418015379428537,57.09007689714268,4.192623205881946,3.498931426932542,2.492546798627854,3.370172138170829,0.303652063611796,0.9405823229183861,5.565824291195301,12.6352725981059,8.548983420432004,7.069448306910599,4502.938,3.9709246944747805,1.4,10,0,-0.001771448845925283,0,-0.0050536294366170685
B0047,48,119,4.0,1.136058647502255,56.802932375112746,4.1933895299679325,3.4983119317914344,2.4752083843332136,3.367920943746027,0.3058014554974564,0.940166082376245,5.1455704528550195,12.45444631401429,8.545644001542279,7.30887586115927,4483.094,3.949176206521663,1.4,10,0,-0.005742890440598725,0,-0.005095238561356385
B0047,49,121,4.0,1.1236364680969286,56.18182340484643,4.192510832064287,3.5110021651084087,2.4974098896142385,3.3731133787458685,0.3011090441631974,0.9385689008878586,4.688571374253996,12.18400994607025,8.530684068571668,7.495438571816253,4448.36,3.9129645439161203,1.4,10,0,-0.012422179405326306,0,-0.006383983267614024
B0047,50,125,4.0,1.1320498900328944,56.60249450164472,4.1689267149519535,3.467446039936088,2.470530852621601,3.3570684734893477,0.3048112046308941,0.9458611624510037,5.497525279278245,12.849012968534737,8.5880890540764,7.3514876892564915,4440.531,3.9241948224600693,1.4,10,0,0.008413421935965726,1,-0.0033605153153753787
B0047,51,127,4.0,1.1170101762158153,55.850508810790764,4.191753022543457,3.509096311319358,2.4800604125308974,3.3691516897861753,0.299897414924366,0.9389210671779096,6.071837872490532,11.44307926801482,8.520717953543993,5.371241395524288,4416.547,3.886166888881859,1.4,10,0,-0.015039713817079026,0,-0.005312562114592722
B0047,52,129,4.0,1.120043039721982,56.0021519860991,4.192116566565046,3.46467879035011,2.482310382215253,3.3578225461504885,0.30604915292372337,0.9483861774789661,6.046970505533699,12.895633770945397,8.509426489984776,6.848663265411697,4382.937,3.8852068418180434,1.4,10,0,0.0030328635061667164,0,-0.004351699644174323
B0047,53,131,4.0,1.1059773445917063,55.29886722958531,4.192241727517348,3.5074830754383517,2.499914991218416,3.3676285575809373,0.29536760910309956,0.9414057391873883,4.609747972453439,11.573902587010835,8.454153696786289,6.964154614557396,4347.453,3.83409827657707,1.4,10,0,-0.01406569513027578,0,-0.0060162605821097335
B0047,54,133,4.0,0.0,0.0,4.192932934065261,2.9946951355251095,2.9946951355251095,3.449492446913663,0.2252205098353673,0.9867104653499662,5.370074531227729,10.553052640742195,8.047459499367323,5.182978109514465,3581.188,3.391807718109667,1.4,10,0,-1.1059773445917063,0,-0.22472729361938573
B0047,55,137,4.0,1.1907902374762016,59.53951187381008,4.151696493245396,3.4982675194968915,2.47468810834507,3.372493003925355,0.29208429577264144,0.9331169601303769,4.112740493952812,11.984288635557064,8.476574571858773,7.8715481416042525,4746.5,4.155085227124393,1.4,10,0,1.1907902374762016,1,0.01174806948866145
B0047,56,141,4.0,1.2012387088454022,60.06193544227011,4.1736256040616375,3.4525558254032793,2.4936019875098454,3.382136756328252,0.30015562659759226,0.9478500725791359,5.389667102986422,12.836265571184011,8.567006275916873,7.446598468197589,4679.156,4.176770357722922,1.4,10,0,0.010448471369200574,1,0.01684570652591737
B0047,57,143,4.0,1.1906909549024802,59.53454774512401,4.194390827243979,3.4072339863042402,2.4794043785439617,3.383822718764627,0.30387697242722594,0.9564443856574797,5.650047278870985,12.655987301395294,8.607327084258758,7.005940022524309,4596.578,4.144342891126707,1.4,10,0,-0.010547753942921956,0,0.014129583036099635
B0047,58,145,4.0,1.1764375730308343,58.82187865154172,4.194161811786053,3.438465020597029,2.495823360233662,3.3860339727551585,0.29749672800376487,0.9528788222891165,5.763668242393892,12.20963360823446,8.707959029152644,6.445965365840569,4544.641,4.0840047562958866,1.4,10,0,-0.014253381871645932,0,0.014092045687825605
B0047,59,147,4.0,1.1628110372792353,58.14055186396176,4.194190653204952,3.435754173705419,2.4834980820953168,3.3841395923852935,0.3024543935015258,0.9523529313575727,5.695680582397816,12.780134013784455,9.003534328496398,7.084453431386639,4526.938,4.063996118091832,1.4,10,0,-0.013626535751599,0,0.23256220745584705
B0047,60,149,4.0,1.1516152840582585,57.580764202912924,4.194292935889806,3.4443815553851276,2.4920392941768497,3.3827771801616175,0.3008022592970466,0.9518066439769568,5.446015893467767,12.658108002877777,9.02852617906244,7.212092109410009,4487.438,4.024152145256463,1.4,10,0,-0.011195753220976767,0,-0.007834990683588616
B0047,61,153,4.0,1.1583673498348623,57.91836749174312,4.146356741131726,3.4258324018323396,2.488243242390158,3.364536091766799,0.2948314389505114,0.9517092580364076,6.10878441695699,13.249368019025939,9.027729535660669,7.140583602068949,4513.312,4.025782962171218,1.4,10,0,0.006752065776603811,1,-0.008574271802107968
B0047,62,157,4.0,1.1692285288386206,58.46142644193103,4.172368631167838,3.4661204268370387,2.498187334581169,3.3787603150369994,0.2990127373018747,0.9457748215495676,5.850291159286313,13.102537521023756,9.071608131387514,7.252246361737442,4568.438,4.064930675020715,1.4,10,0,0.01086117900375827,1,-0.004292485212771924
B0047,63,159,4.0,1.1588148476218465,57.94074238109233,4.193697451503613,3.4446132424186633,2.4982213366801296,3.38042492580436,0.30269751059629774,0.9517687360403534,5.813454944381435,13.019156020970017,9.050284055951,7.205701076588582,4499.656,4.032402266208716,1.4,10,0,-0.010413681216774107,0,-0.0035245450817975588
B0047,64,161,4.0,1.1439588147705457,57.197940738527286,4.193432136090228,3.4103729051603433,2.4715997205282143,3.3757552328187086,0.3049335326273056,0.9577791462463945,5.570068309383535,12.612257184300963,8.986064263951343,7.042188874917429,4430.984,3.991212180086739,1.4,10,0,-0.014856032851300771,0,-0.003770444501737913
B0047,65,163,4.0,1.1383941068159398,56.91970534079699,4.193707973256604,3.4358247775121717,2.4972991957929973,3.374465176072899,0.30380763925441956,0.9541869981546398,5.966721242217489,12.968805846071126,9.036875447987502,7.002084603853636,4411.141,3.95659631161507,1.4,10,0,-0.005564707954605952,0,-0.0026442354484637496
B0047,66,165,4.0,0.0,0.0,4.193728328919069,3.4270575222731954,3.4270575222731954,3.6287077311529012,0.1485842689411486,0.9792185696039555,5.299836944616897,9.05446951177611,7.698431744424151,3.754632567159214,1991.531,1.972318799114009,1.4,10,0,-1.1383941068159398,0,-0.23167346996697247
B0047,67,169,4.0,1.2213102850395667,61.065514251978335,4.166980224197571,3.5106107478750306,2.475863858583421,3.3850807989789575,0.2943106425694348,0.9269695970852067,5.917626432694945,13.123905320087225,9.095394308322597,7.20627888739228,4883.312,4.263222730425775,1.4,10,0,1.2213102850395667,1,0.010416351240189225
B0047,68,173,4.0,1.2031062978889062,60.15531489444531,4.1751120424901105,3.4214066417633813,2.482088014003299,3.3900890450634233,0.29987410018055277,0.9526683776410486,6.238720966250603,13.179418154583676,9.009063913586548,6.940697188333073,4663.907,4.1969416649108355,1.4,10,0,-0.018203987150660517,0,0.008858290053411943
B0047,69,175,4.0,1.1897147112197684,59.48573556098842,4.195168632438667,3.3951588495296066,2.484545959502679,3.3919885847746993,0.30114777154169126,0.9591403423116251,5.404610180339548,12.742282067813369,8.958051495293551,7.337671887473821,4581.328,4.153751480711932,1.4,10,0,-0.013391586669137867,0,0.009151179289844524
B0047,70,177,4.0,1.177422568842014,58.8711284421007,4.19482784099826,3.417243809422241,2.4817240149799855,3.386239960829826,0.30377949359181733,0.9554309097116921,6.097195309128632,13.23162562344335,8.972563208541265,7.134430314314717,4553.031,4.104697344638632,1.4,10,0,-0.012292142377754445,0,0.007805692405214826
B0047,71,179,4.0,1.158443027293818,57.9221513646909,4.194470276921028,3.406567642998465,2.475682459777723,3.383817098626054,0.30511505535073524,0.9577201485364993,5.911910142205657,12.857920538298638,9.037146843138395,6.946010396092981,4486.5,4.051745529584168,1.4,10,0,-0.018979541548195922,0,0.2316886054587636
B0047,72,181,4.0,1.1567087516841796,57.83543758420898,4.194180006661532,3.4146895251408456,2.4992087242533025,3.3818846696550433,0.30111269804110674,0.9573123780210179,5.3659263532424175,12.67528068575023,9.009035929017505,7.309354332507813,4450.625,4.014765260913163,1.4,10,0,-0.0017342756096383471,0,-0.012920306671077419
B0048,1,1,4.0,1.6579955793677608,82.89977896838803,4.223690952621402,3.472282086194371,2.6876065414465464,3.4658606296374312,0.25195309750600897,0.9276655898472513,6.52486744360099,10.851944131643279,7.9114909421254485,4.327076688042289,6436.141,5.7563524218003606,1.4,12,11,0.0,0,-0.041407261744082643
B0048,2,5,4.0,1.5076933476098775,75.38466738049388,4.161851896835355,3.3843177878784885,2.6835427959445024,3.4593246298099665,0.24532063703018744,0.9596461587566725,5.772228474438241,10.829468947828506,7.958927971485882,5.057240473390265,5650.265,5.224072277146357,1.4,12,10,-0.15030223175788326,0,-0.041407261744082643
B0048,3,7,4.0,1.4989223343608031,74.94611671804016,4.175466417206107,3.3712998717915488,2.6769979855651793,3.4552294701778714,0.2518900375063333,0.9640825344080227,6.464830716990584,11.053444137693344,7.708927821830712,4.588613420702759,5590.907,5.186644817819354,1.4,12,9,-0.008771013249074366,0,-0.041407261744082643
B0048,4,9,4.0,1.4782919502497789,73.91459751248894,4.174693750587349,3.4134542776865877,2.6934384147921953,3.4575807060974952,0.24561002644308652,0.9590550928011438,4.7430828910301654,10.582379295049947,7.711890755969547,5.839296404019781,5543.61,5.118125472491695,1.4,12,8,-0.020630384111024247,0,-0.041407261744082643
B0048,5,11,4.0,1.461856891390611,73.09284456953054,4.174741021763634,3.4407406799760074,2.6967591738883163,3.457640385589739,0.2464655716748604,0.9561748606378301,5.090456621271111,10.227762694291695,7.733691649876036,5.137306073020584,5499.046,5.0605702737713685,1.4,12,7,-0.01643505885916796,0,-0.041407261744082643
B0048,6,13,4.0,1.4509592706473475,72.54796353236738,4.174511213058054,3.444141576376391,2.6855475478766424,3.454056999646405,0.24694271619528063,0.9556261469733808,5.4679438423211195,10.448166696977866,7.713793706750157,4.980222854656747,5461.219,5.017442624488781,1.4,12,6,-0.010897620743263392,0,-0.041407261744082643
B0048,7,17,4.0,1.451746997147108,72.5873498573554,4.141019898259104,3.416103079724194,2.6917502037421612,3.436367401137892,0.24577171703518763,0.9578003813998489,3.9324231269288994,11.087645565750543,7.8513931260036465,7.155222438821644,5451.281,4.99478338047756,1.4,12,5,0.0007877264997604438,0,-0.011189270092553905
B0048,8,21,4.0,1.444392866287476,72.2196433143738,4.158004815622747,3.4607544010115348,2.689384375743919,3.4466304878843594,0.24987804627803933,0.9502602542385187,5.537851990335868,10.331525897326845,7.905320525605018,4.793673906990977,5468.062,4.9836570312693835,1.4,12,4,-0.00735413085963188,0,-0.010905893614665407
B0048,9,23,4.0,1.432738323965376,71.63691619826879,4.173957792716822,3.456445474072732,2.6855540838129546,3.4469353939775913,0.2497423904620442,0.9524156532378657,4.843165715131853,10.695473118282326,7.847675607740912,5.852307403150473,5411.297,4.943866212614181,1.4,12,3,-0.01165454232210017,0,-0.009110725256880592
B0048,10,25,4.0,1.417241201438662,70.8620600719331,4.173757067290182,3.4736422959401874,2.6891526224241358,3.4438356242957933,0.254367199882586,0.9494427440502914,5.922858009928646,10.588614300598088,7.926506175979814,4.665756290669442,5369.703,4.885320049397579,1.4,12,2,-0.01549712252671398,0,-0.008923137990389796
B0048,11,27,4.0,1.4057559944573452,70.28779972286726,4.172904801080625,3.4739813813144704,2.678956108681276,3.4417182002819104,0.2516215455383381,0.9492353160642906,4.743978301887625,10.710761172174601,7.937097401174621,5.966782870286976,5327.406,4.842510892885038,1.4,12,1,-0.01148520698131672,0,-0.009040655238000461
B0048,12,29,4.0,1.3902706269897063,69.51353134948532,4.173032965850683,3.50011120811147,2.688287422782237,3.439456123966976,0.2546017828031505,0.9438796730509981,5.8904161453269,10.526862897224621,7.9661274485105595,4.636446751897721,5299.266,4.785051930806761,1.4,12,0,-0.015485367467638955,0,-0.012295274031480341
B0048,13,33,4.0,1.4196659307880326,70.98329653940164,4.1332844161551865,3.442563792741048,2.680621623320638,3.4300387550398135,0.23952805169522504,0.9514187094129738,5.256730979140233,10.680714357791624,7.886742523689043,5.423983378651391,5367.172,4.875051577741925,1.4,12,0,0.029395303798326333,1,-0.004945387099888699
B0048,14,37,4.0,1.4190563985232272,70.95281992616135,4.1566553119964516,3.4839781880410294,2.693587841641054,3.442487347026378,0.24488096526774092,0.9442040547675177,4.068288178754029,10.479304841863389,7.810373532807223,6.4110166631093595,5406.812,4.8893517977680805,1.4,12,0,-0.0006095322648054236,0,-0.0027363850884297492
B0048,15,39,4.0,1.404272356704056,70.2136178352028,4.172913024979518,3.4936197447589277,2.6905447145318244,3.4434500367152183,0.24869578491964914,0.9437570759749822,4.561699444118848,10.378581035006627,7.869709498966687,5.816881590887779,5353.094,4.8392666199324585,1.4,12,0,-0.014784041819171145,0,-0.0025937689469211823
B0048,16,41,4.0,1.3916140490958342,69.5807024547917,4.172334722190024,3.4801792910636653,2.6889512479861937,3.4369770767738053,0.2519626533021191,0.9480488241096376,4.0786868053917065,10.851484720266557,7.873285917762758,6.77279791487485,5280.031,4.7867995091044095,1.4,12,0,-0.012658307608221842,0,-0.0028283890723022065
B0048,17,43,4.0,1.3749618350294734,68.74809175147367,4.171533861821569,3.501249681415178,2.6767423992621824,3.4351167375068576,0.2519284998944137,0.9424867611094392,4.913630848475918,10.70498211965856,7.888295790156799,5.791351271182641,5248.593,4.725971266022117,1.4,12,0,-0.01665221406636075,0,-0.0030617583920465653
B0048,18,45,4.0,1.3545155713071164,67.72577856535582,4.172113180559959,3.5322167430398976,2.692752260117709,3.4352880614818906,0.25130097980516464,0.9365969047664735,4.951795065579511,10.268281599303819,7.90514873318139,5.316486533724308,5203.375,4.654059053640754,1.4,12,0,-0.020446263722357028,0,-0.013030071896183238
B0048,19,49,4.0,1.3440223073315984,67.20111536657993,4.152547964911409,3.5349685647409554,2.69610071870072,3.426473499744202,0.2530962723377127,0.9360188749298911,5.795238147232829,10.420289094539939,7.9278743808781424,4.62505094730711,5166.812,4.605212746614256,1.4,12,0,-0.010493263975517975,0,-0.015006818238325748
B0048,20,51,4.0,0.0,0.0,4.171642845757827,3.4429735829245125,3.4429735829245125,3.6332673475295345,0.13607111695204863,0.9854842004014974,5.137975123717214,8.382812028066311,7.084065434295192,3.244836904349097,2384.094,2.378017530385092,1.4,12,0,-1.3440223073315984,0,-0.2808544713408112
B0048,21,53,4.0,1.372384475860572,68.61922379302861,4.1766644930032495,3.5525521282978603,2.6813752744142234,3.4231723044699156,0.258997634394945,0.9250233140583074,5.066670449647178,11.025933551300648,7.950376644939932,5.95926310165347,5340.281,4.696330313358121,1.4,12,0,1.372384475860572,1,-0.0038459146470524175
B0048,22,55,4.0,1.3184105752674413,65.92052876337206,4.171686901258687,3.5598794872131627,2.6946752970811247,3.428797713311107,0.25322576989742407,0.929732815909964,5.80373424080225,10.196289899952209,7.891054732187375,4.392555659149959,5103.0,4.518947433321346,1.4,12,0,-0.053973900593130786,0,-0.011310251952406425
B0048,23,57,4.0,1.3112727599578604,65.56363799789303,4.172000465131976,3.547612453624492,2.6954700046169733,3.4246615589655964,0.2525508496697396,0.9341251703434303,5.448284108593169,10.67776116366158,7.911933312913009,5.229477055068411,5051.172,4.489940962506668,1.4,12,0,-0.007137815309580908,0,-0.0086485622698512
B0048,24,61,4.0,1.2970172419001187,64.85086209500594,4.150939254828758,3.5660999613662216,2.696945913635699,3.420260120001828,0.2519226526486537,0.9283586633773623,5.563022662749718,10.197605675555666,7.9731250548171255,4.6345830128059475,5027.563,4.433682068621726,1.4,12,0,-0.014255518057741723,0,-0.009401013086295951
B0048,25,63,4.0,1.2995219526631718,64.97609763315859,4.171107672675929,3.5380254986159865,2.678219557836974,3.4176468335228454,0.256284635451176,0.9362285211622211,5.305296976396524,10.817583822184044,7.988820643678426,5.5122868457875205,4993.765,4.441095679205918,1.4,12,0,0.0025047107630531418,0,0.25990439053263437
B0048,26,65,4.0,1.2826154066729571,64.13077033364786,4.170406220123355,3.5629135484227303,2.6929901554909765,3.4172601086559014,0.2585062978491375,0.930033329245173,6.099330518078865,10.516072793190034,7.990220402102304,4.416742275111169,4962.469,4.380551074736058,1.4,12,0,-0.016906545990214683,0,-0.01795381383752299
B0048,27,67,4.0,1.2752890152407,63.764450762035,4.169460748536267,3.5512780093003813,2.6849697818820895,3.4115448650857543,0.25959572491808997,0.9348347446587294,6.383970280688883,10.549697060839051,7.882690956878554,4.165726780150168,4907.859,4.348848524361624,1.4,12,0,-0.007326391432257218,0,-0.008624312005348278
B0048,28,69,4.0,1.2735572473264072,63.67786236632036,4.170165006607723,3.5396408376560102,2.6836073579697186,3.4065891490442124,0.2618998761764979,0.9371176228014825,3.9473512652861746,11.262651366620426,8.054682377673142,7.315300101334252,4888.656,4.337242618330728,1.4,12,0,-0.0017317679142927478,0,-0.007543102526290646
B0048,29,73,4.0,1.2594114333938535,62.970571669692674,4.148906074950599,3.5615297314630223,2.6880496504528555,3.404850768576602,0.25856124294538724,0.9311372529050507,6.305053336592642,10.67022537319244,7.989516678064296,4.365172036599799,4866.25,4.284940939721872,1.4,12,0,-0.014145813932553652,0,-0.0075211617012530315
B0048,30,75,4.0,1.2631632585495876,63.15816292747938,4.170272562112315,3.5372223753984398,2.6866245843324728,3.4037388246513496,0.2630267491039539,0.9395139259872171,5.22224566501025,11.290252755528313,8.031961049301984,6.068007090518063,4836.125,4.298267141079565,1.4,12,0,0.003751825155734023,0,-0.007271738822716855
B0048,31,77,4.0,1.2491717310136363,62.458586550681815,4.170271899546104,3.5496811764510317,2.698617918096401,3.4068285577090975,0.25866498064833215,0.9359020639605131,5.67786105224998,10.973350060572036,8.043229181254354,5.295489008322056,4801.485,4.253758790206858,1.4,12,0,-0.013991527535951231,0,-0.006688735131864165
B0048,32,79,4.0,1.233984347835307,61.69921739176535,4.1694521749389235,3.569510253850017,2.699107325579607,3.4086789774100317,0.2579674002654644,0.9323227445653476,6.129065228463955,10.3391489283262,8.03181115051043,4.210083699862245,4760.938,4.203018327826415,1.4,12,0,-0.01518738317832935,0,-0.008260933481078592
B0048,33,81,4.0,1.240031992028868,62.0015996014434,4.170146996930818,3.5359903310504452,2.6835548325191994,3.3973450050321667,0.2659197088395426,0.9407426247998096,5.270377561388148,11.22843469416495,8.097013437245895,5.958057132776801,4740.907,4.211572188146293,1.4,12,0,0.006047644193561075,1,-0.0067050510595078276
B0048,34,85,4.0,1.30370857198071,65.1854285990355,4.12494331073437,3.458324598835496,2.681569834191177,3.3993392010348766,0.24937260316111612,0.9537558797304317,4.729340770408116,11.142187018109254,8.022533123805395,6.412846247701139,4914.532,4.434265672931174,1.4,12,0,0.06367657995184195,1,0.008859427717371294
B0048,35,89,4.0,1.315055963470538,65.75279817352691,4.151287967783268,3.5001428321460777,2.683679055503892,3.4116534333763227,0.25884819170462836,0.9460929584807043,6.314971263700609,11.266783334689709,8.108172025448226,4.9518120709891,4998.656,4.488052987885397,1.4,12,0,0.011347391489828107,1,0.01037854098419011
B0048,36,91,4.0,1.2888738300982074,64.44369150491038,4.170265534323388,3.513422953465616,2.682654869893668,3.417645007960136,0.2561915635435603,0.9477855148830246,6.049160939740571,10.42585253276335,7.8977220071348055,4.376691593022779,4890.015,4.4057693980640185,1.4,12,0,-0.026182133372330663,0,0.007940419816914224
B0048,37,93,4.0,1.2877137595885193,64.38568797942597,4.1709795561538705,3.471075221902585,2.6823844675903756,3.4079105797438367,0.2639087582764168,0.9560273563484156,5.476383163594572,11.216029100406415,8.04149350152151,5.739645936811843,4842.11,4.390386213206206,1.4,12,0,-0.001160070509688138,0,0.010745882350642466
B0048,38,95,4.0,1.2673379985315463,63.36689992657731,4.169424514471797,3.5075032151188377,2.6862404868403718,3.407164499269472,0.26255342262758397,0.9496364262713142,6.338489248196976,10.782099455149345,7.954120438181095,4.443610206952369,4798.281,4.31883870279571,1.4,12,0,-0.02037576105697303,0,0.005461201300535646
B0048,39,97,4.0,1.250594345697306,62.529717284865306,4.170624380836064,3.5204478581250704,2.6969281633328235,3.411264697940678,0.25852283809960735,0.9487573095482515,5.897865128301559,10.321202935071103,7.99745058769299,4.423337806769544,4739.188,4.266154996508297,1.4,12,0,-0.016743652834240175,0,-0.01062284525668078
B0048,40,101,4.0,1.2487131179395878,62.43565589697939,4.149740744130536,3.5140131665479344,2.697244348677796,3.399055092260418,0.2611263140857149,0.9485527697552146,6.409621182701179,10.970703995179441,8.033089769228212,4.561082812478262,4733.156,4.24443314683835,1.4,12,0,-0.0018812277577182623,0,-0.013268569106190054
B0048,41,103,4.0,1.248002326082933,62.40011630414665,4.170538290499679,3.459150098165392,2.682663772646134,3.397998613644679,0.2665958506083215,0.9603224978651567,5.717127274396325,11.121182366824467,8.032822875095608,5.404055092428142,4670.61,4.242131161018293,1.4,12,0,-0.0007107918566549021,0,-0.008174300803054901
B0048,42,105,4.0,1.2300895244599586,61.50447622299793,4.170102316006519,3.4987236862330846,2.6897565950033164,3.3968749308721438,0.2662099234524243,0.9539242483967955,5.066112833343836,10.805368665446066,7.971994643634386,5.73925583210223,4635.0,4.1787184193327835,1.4,12,0,-0.017912801622974373,0,-0.011524847025712149
B0048,43,107,4.0,1.2244197121500935,61.22098560750467,4.169002458595089,3.4974998330965534,2.6851150517360427,3.3949285391136215,0.26569656696689486,0.953519534598257,4.3972240514895,10.904276324187439,7.985840586212385,6.507052272697939,4615.86,4.1570966648159375,1.4,12,0,-0.005669812309865074,0,-0.008583657276290558
B0048,44,109,4.0,1.2186682845116386,60.93341422558193,4.169722967056448,3.4873190160461673,2.691698678764574,3.3923053503439844,0.26784389954024757,0.9562176825328654,5.146085898076146,11.177549576040898,8.055923800450703,6.0314636779647515,4580.75,4.134510863019735,1.4,12,0,-0.005751427638454931,0,-0.0063852122371335085
B0048,45,113,4.0,1.2037865236033616,60.18932618016808,4.147796072295514,3.5199348591591537,2.688395997689043,3.393507466288284,0.2584095262168435,0.9495409470303556,6.348444607125377,10.375532122783676,7.982156595851859,4.027087515658299,4557.406,4.084468734288095,1.4,12,0,-0.014881760908276975,0,-0.00898531886724525
B0048,46,115,4.0,1.1947642300832226,59.73821150416113,4.16937546220786,3.5294379761355064,2.6966509268234162,3.397997936501643,0.25797801058219444,0.949292534598478,3.933634252465968,10.314092555911314,7.842796481143621,6.380458303445346,4524.0320000000065,4.05886328370494,1.4,12,0,-0.009022293520138946,0,-0.01064761919994206
B0048,47,117,4.0,1.2052091893871497,60.260459469357485,4.170164354666364,3.461041958212736,2.6969697387700067,3.3882925257712975,0.26853569491576396,0.9617299045592227,5.857608382590895,11.367431862943256,8.079939832789865,5.509823480352361,4502.938,4.084321978308674,1.4,12,0,0.010444959303927082,1,-0.004976067014561769
B0048,48,119,4.0,1.1955746593628465,59.77873296814232,4.169926901474105,3.480442952102829,2.6967087456075824,3.3877256181336417,0.26863917191050873,0.9583265475382831,5.437911138683623,11.06954549641082,8.064765751727982,5.631634357727196,4483.094,4.050632145161377,1.4,12,0,-0.009634530024303256,0,-0.005769010557449406
B0048,49,121,4.0,1.1888497102149884,59.44248551074942,4.169479557902343,3.46905153420119,2.6919470298999473,3.3892443793813447,0.2681959267280601,0.9604743072287989,4.837302629347535,10.977331626368251,8.047690080561159,6.140028997020716,4448.36,4.027265344884256,1.4,12,0,-0.006724949147858039,0,-0.0059637148593300274
B0048,50,125,4.0,1.1915605250807406,59.57802625403703,4.1465630797524256,3.438014252495993,2.686563173222129,3.379247569665043,0.26639430643711887,0.9640803173362276,5.785194935260636,11.250413706808821,8.077528255423264,5.4652187715481855,4440.531,4.027642889461615,1.4,12,0,0.002710814865752198,0,-0.0024451997045241924
B0048,51,127,4.0,1.1726587153109655,58.632935765548275,4.168333177873153,3.5077982319522176,2.6961737443762415,3.3916390352444328,0.2622501026155267,0.9541804254072416,6.3423059747997454,10.261913330935936,7.993540199499143,3.919607356136191,4416.547,3.976931962588896,1.4,12,0,-0.01890180976977507,0,-0.004421102954451417
B0048,52,129,4.0,1.1841133872494156,59.20566936247078,4.1690272272079385,3.399511239083487,2.687805922420921,3.3795641863547807,0.2691899973431098,0.9704382036513209,6.282786797966164,11.209451387068038,7.973181959906697,4.926664589101874,4382.937,4.003194974192422,1.4,12,0,0.011454671938450067,1,-0.00421916042754682
B0048,53,131,4.0,1.1576825122317769,57.88412561158884,4.169215137661718,3.500460198210737,2.6954427225266566,3.3905357196785717,0.25961363181134445,0.9568694430548056,4.719507027593361,10.394655986683219,7.915947250994455,5.675148959089858,4347.453,3.925180126378733,1.4,12,0,-0.026430875017638744,0,-0.007578429426213918
B0048,54,133,4.0,0.0,0.0,4.1701191621232025,3.078111316923791,3.078111316923791,3.4657216656737035,0.20156885018087045,0.988731690729091,5.644734454652529,9.73523495959482,7.631644271961187,4.090500504942291,3581.188,3.4149657937099285,1.4,12,0,-1.1576825122317769,0,-0.23776994204299767
B0048,55,137,4.0,1.259355851168598,62.967792558429906,4.135364610542779,3.4768581146611233,2.6861121256233056,3.3909861606032004,0.25755678333313325,0.9536686474918149,3.856634164252213,10.71880829888557,7.938268366482139,6.8621741346333565,4746.5,4.2717848724037655,1.4,12,0,1.259355851168598,1,0.013559065217571487
B0048,56,141,4.0,1.265883375278026,63.294168763901304,4.1506494675081695,3.374017323363964,2.6816961536149058,3.3970417211274984,0.26620810672120293,0.971860723702563,5.64884344861153,11.267543040114028,8.024531067354474,5.618699591502497,4679.156,4.3026630216077555,1.4,12,0,0.006527524109428029,1,0.018644931993412106
B0048,57,143,4.0,1.2472598673184119,62.362993365920595,4.1705945560509186,3.367229119214674,2.6935260886313634,3.4053897793262036,0.2636858430564658,0.974602466474259,5.912696010882755,10.977215485451685,8.026701986317695,5.064519474568931,4596.578,4.249585135150717,1.4,12,0,-0.018623507959614205,0,0.012629296013799252
B0048,58,145,4.0,1.232808747256218,61.64043736281089,4.170902199360611,3.3721992572024773,2.6819098951639786,3.4044637089502996,0.2635601494156174,0.9743398667332848,6.034413983587424,10.698980931953203,8.083086131954136,4.6645669483657795,4544.641,4.199233996560264,1.4,12,0,-0.014451120062193956,0,0.01502524700488821
B0048,59,147,4.0,1.2319592783041904,61.59796391520952,4.1707733769162845,3.3331905350817066,2.6836569825858465,3.40066115678775,0.269940756636037,0.9773446816135273,5.877656826915311,11.200778779435032,8.282945581406354,5.32312195251972,4526.938,4.191422348721591,1.4,12,0,-0.0008494689520275323,0,0.24639185566083807
B0048,60,149,4.0,1.220785786262778,61.0392893131389,4.170606882649154,3.338878087772158,2.686405541586876,3.399557901522936,0.26892720431290895,0.976997574700761,5.525503580120772,11.067122162658642,8.296254318972048,5.541618582537869,4487.438,4.151986707120686,1.4,12,0,-0.01117349204141238,0,-0.007714012981164009
B0048,61,153,4.0,1.2275441303266783,61.377206516333914,4.1280471381711665,3.3222976568922302,2.685608364298082,3.3869933616946555,0.2596233468073573,0.9767496637730696,6.3014823540705045,11.217197558663642,8.280354632475289,4.915715204593138,4513.312,4.159784505004403,1.4,12,0,0.006758344063900301,1,-0.007667848990269554
B0048,62,157,4.0,1.2386788414290355,61.933942071451774,4.150268203613492,3.362198958177995,2.685972991906515,3.3947531020283486,0.26762238384365317,0.9738385500192067,6.0326667823965785,11.59325762914515,8.346898191755683,5.560590846748571,4568.438,4.207110214349492,1.4,12,0,0.011134711102357198,1,-0.0017162051778752741
B0048,63,159,4.0,1.2283577755407058,61.41788877703529,4.1705243721131415,3.2954911896042596,2.689198249643033,3.3979955411966936,0.2706474910731909,0.9802649950544473,5.977980107459538,11.534047303435644,8.337878264565942,5.556067195976106,4499.656,4.175609038915179,1.4,12,0,-0.010321065888329706,0,-0.0008901943431024239
B0048,64,161,4.0,1.2095481507570451,60.47740753785226,4.170294880009359,3.3092881713990305,2.6983204775942364,3.399587991995103,0.26714548430200585,0.9801876236771123,5.68627740208186,10.92572543982624,8.259622932500356,5.2394480377443795,4430.984,4.113609905538883,1.4,12,0,-0.01880962478366066,0,-0.0044822255094290496
B0048,65,163,4.0,1.2082142070681048,60.410710353405236,4.170568686817898,3.2466652213085228,2.693240203211685,3.3951186218431086,0.2710289439804623,0.9833779841752258,6.146023934910214,11.346378697595553,8.290496900072908,5.200354762685339,4411.141,4.103120503384337,1.4,12,0,-0.0013339436889403533,0,-0.0025143158389346444
B0048,66,165,4.0,0.0,0.0,4.170160404909495,3.441548920019712,3.441548920019712,3.6274300474413557,0.13818978606540294,0.9815143614251551,5.28639106317437,8.56828741399406,7.381556529300557,3.2818963508196903,1991.531,1.976530222286339,1.4,12,0,-1.2082142070681048,0,-0.24550882606533567
B0048,67,169,4.0,1.2998734542832147,64.99367271416074,4.152589435404936,3.460696060949822,2.6866110987705887,3.402660754515897,0.26152748318614566,0.9566274965004851,6.0823567572801185,11.439171740202124,8.321321846834685,5.356814982922005,4883.312,4.4254484463072945,1.4,12,0,1.2998734542832147,1,0.012238922570835831
B0048,68,173,4.0,1.2691220651743778,63.45610325871889,4.151836918495948,3.330409297613938,2.699083135691788,3.409317486730915,0.2612023022786713,0.9772791431136014,6.3964728651306295,11.147240167890732,8.23807744072398,4.750767302760103,4663.907,4.329434750263101,1.4,12,0,-0.030751389108836902,0,0.008152857926734392
B0048,69,175,4.0,1.2555144634690785,62.775723173453926,4.170962379739071,3.2468563261867365,2.6907134698484554,3.4133709426845624,0.26296457922539446,0.9840040834561613,5.2083237131583076,10.831285577855546,8.189029507624946,5.622961864697238,4581.328,4.287018611642605,1.4,12,0,-0.013607601705299288,0,0.009193262542406665
B0048,70,177,4.0,1.2519876926897657,62.59938463448829,4.171135033653532,3.1409210078563077,2.684500860538322,3.4068009615962724,0.2687789338995992,0.9871893320151925,6.135373803303162,11.236293148641268,8.234868029314756,5.100919345338106,4553.031,4.265895703016644,1.4,12,0,-0.003526770779312738,0,0.00875469712433219
B0048,71,179,4.0,1.2374982003019996,61.874910015099985,4.1708733924683505,2.687835669252526,2.687835669252526,3.406169063274703,0.27061189919358775,0.9901168517565061,6.134851694204359,11.08616967823061,8.238279702155017,4.95131798402625,4486.5,4.208744195490018,1.4,12,0,-0.01448949238776609,0,0.24749964006039993
B0048,72,181,4.0,1.2231273969878986,61.156369849394935,4.170920111392399,3.156989597876158,2.690437364566134,3.406745720524415,0.26548338866216487,0.9865545525457216,5.4384961126886715,10.751912617606896,8.219372551773532,5.313416504918225,4450.625,4.167378290847269,1.4,12,0,-0.01437080331410101,0,-0.015349211459063206
B0049,1,1,4.0,0.8583727215167135,42.91863607583568,3.8454913513399713,1.9925401284554691,1.9925401284554691,3.053366988981642,0.2709451054299822,1.9911008133050878,9.292640050962104,16.380725919820748,13.052857746525287,7.088085868858643,1713.235,2.8930160454195093,1.4,1,0,0.0,0,0.04043261501008162
B0049,2,5,4.0,1.4209057149417375,71.04528574708688,4.162033653860913,3.580623809209341,1.9882559316714203,3.2129415422375103,0.37525431694999717,1.838286633259802,5.641776754662599,20.824132297943244,12.628005551626734,15.182355543280645,3170.984,5.145033371788586,1.4,1,0,0.5625329934250239,1,0.04043261501008162
B0049,3,7,4.0,1.372852133389263,68.64260666946315,4.191097729318615,3.481601787897443,1.9995727928951719,3.184979657873478,0.44711623357821456,1.9024102519616237,5.701047125577017,22.127142494646403,12.625179528928726,16.426095369069387,3135.344,5.249050898364724,1.4,1,0,-0.04805358155247452,0,0.04043261501008162
B0049,4,9,4.0,1.3643742487429145,68.21871243714573,4.191581344098992,3.6995314402201136,1.9713959702644483,3.3418301077163908,0.34341360331284526,1.7343849389987147,4.854225015084466,17.45530915998414,11.462796138822771,12.601084144899673,3049.781,4.817033767619179,1.4,1,0,-0.008477884646348466,0,0.04043261501008162
B0049,5,11,4.0,2.378643730568756,118.9321865284378,4.462470916200919,1.9735165526751874,1.9735165526751874,3.2625681004485227,0.36320508974597304,2.0045868396237765,5.236135942170356,20.096309819317955,14.669814873687034,14.860173877147599,4565.859,8.29277881099099,1.4,1,0,1.0142694818258415,1,0.04043261501008162
B0049,6,15,4.0,1.0605357965671216,53.02678982835608,4.176011860001955,3.7255934678418567,1.9779063196102418,3.4447754613409876,0.404488576695879,0.8641755005097665,5.004978019452487,20.530529696550808,10.159724053383584,15.52555167709832,5428.594,3.9803309857738487,1.4,1,0,-1.3181079340016344,0,0.04043261501008162
B0049,7,17,4.0,1.0069932376659496,50.34966188329748,4.192152439213644,3.7004497789126183,1.999505796022011,3.2264301040985295,0.4308862311282786,1.631724457466756,5.519666047954203,19.605507267281187,12.747809437833528,14.085841219326984,2646.797,3.7412640646124045,1.4,1,0,-0.05354255890117199,0,-0.08278249545515756
B0049,8,19,4.0,0.9298775334359536,46.49387667179768,4.19193811929599,3.7111132119496544,1.9998676881173485,3.226587700876868,0.4708157132982916,1.541466435461987,6.6311619429128275,21.578292345131203,12.859387226194555,14.947130402218376,2705.594,3.568278966586504,1.4,1,0,-0.07711570422999603,0,-0.08859491999066187
B0049,9,21,4.0,0.9232377029483808,46.16188514741904,4.191932999195206,3.708207118145847,1.9942412611094629,3.2214892828227866,0.4558714715835003,1.5481032877370609,5.752360169193854,21.333411676684346,12.77865014417398,15.581051507490493,2627.828,3.4774467867331227,1.4,1,0,-0.006639830487572773,0,-0.08822730915890672
B0049,10,23,4.0,0.9053279121173716,45.26639560586858,4.190969695803424,3.737102325704897,1.9887929829692834,3.3410764354812947,0.42116669710019605,1.2680407896505121,6.417953888677325,18.65094643921925,11.60077882051404,12.232992550541926,2981.312,3.2607462741416837,1.4,1,0,-0.017909790831009187,0,-0.2946631636902769
B0049,11,27,4.0,0.8595848360639872,42.97924180319936,4.171657227834694,1.9939496316818301,1.9939496316818301,3.064645703434,0.4583935112741284,1.9918699549524492,6.688482546858955,21.206691637037263,12.462166006182779,14.518209090178308,1941.797,3.288606547791795,1.4,1,0,-0.04574307605338446,0,-0.04019019210062689
B0049,12,29,4.0,0.8369614294820705,41.84807147410353,4.190637849743496,3.7206501350405135,1.9970255058845359,3.2359600944959555,0.4750766329390913,1.4315633891789727,5.972052878159773,21.329570135453707,12.68524460660397,15.357517257293935,2663.625,3.2217035339290416,1.4,1,0,-0.02262340658191664,0,-0.03400636163677582
B0049,13,31,4.0,0.8456824187653132,42.284120938265666,4.1898267739177975,3.7303762980013055,1.990570708799589,3.306834813693079,0.43749712735074403,1.2827972771329763,6.274589960817087,18.615958800969327,12.070917134385256,12.34136884015224,2862.25,3.12469025022295,1.4,1,0,0.00872098928324272,1,-0.01683902293412807
B0049,14,33,4.0,0.8071214007577537,40.35607003788769,4.190571685709423,1.9874243707218107,1.9874243707218107,3.027048731210282,0.4662139252599023,1.99132682330145,5.501426145497583,22.131760657764843,12.931744232686027,16.63033451226726,1894.485,3.1689629728519426,1.4,1,0,-0.03856101800755951,0,-0.023223260438125413
B0049,15,35,4.0,0.7820744360746734,39.10372180373367,4.18826381558764,1.9892517372066318,1.9892517372066318,3.0458944536011447,0.44748405725678364,1.9900791687971107,4.405811059920201,21.079756102740596,12.53100572898693,16.673945042820396,1799.25,3.0256822612567027,1.4,1,0,-0.02504696468308032,0,-0.02465069520853964
B0049,16,39,4.0,0.7953019444133349,39.765097220666746,4.162762870031206,1.9868911872895965,1.9868911872895965,3.0556096413337333,0.42055715936441807,1.9889148395636458,6.702906182387145,19.664724046912717,12.335513729341908,12.961817864525571,1741.204,2.937251474749217,1.4,1,0,0.013227508338661487,1,-0.012856578330130453
B0049,17,41,4.0,0.0,0.0,4.19011964495105,3.4543504315144196,3.4543504315144196,3.6333215332721274,0.19042226504229126,1.8455690193556895,6.13448299056782,8.914965140326935,7.437341180783139,2.7804821497591146,236.156,0.4441776039741012,1.4,1,0,-0.7953019444133349,0,-0.1673922858964141
B0049,18,43,4.0,0.7752051154719997,38.76025577359998,4.169197088508879,1.996058976050717,1.996058976050717,2.9848405470772863,0.46302829452783334,1.990973959623023,4.032381358513863,22.347809168975328,13.187367445445181,18.315427810461465,1899.218,3.1311518684190016,1.4,1,0,0.7752051154719997,1,-0.014095460658662717
B0049,19,45,4.0,0.7711865903845158,38.55932951922579,4.186817701935873,3.7216043905675256,1.9811242583835047,3.216101228170252,0.4512721484836408,1.476061610828751,6.563001902336632,19.41196098209977,12.73854385905339,12.848959079763139,2305.25,2.872656005610984,1.4,1,0,-0.004018525087483904,0,-0.007186962074647596
B0049,20,47,4.0,0.7585098914517947,37.925494572589734,4.188353148421002,1.9912347674711242,1.9912347674711242,3.0487042882213067,0.4163009609595128,1.9881249898325228,6.653715353599918,19.074608803884857,12.43174282130699,12.42089345028494,1690.594,2.8448593579393755,1.4,1,0,-0.012676698932721053,0,-0.004712908924575742
B0049,21,51,4.0,0.7349386490499009,36.746932452495045,4.161361064351189,1.992352748796434,1.992352748796434,2.97408172255637,0.45716401479160385,1.9893941710211709,6.031905884095365,22.607671167433093,13.382353818734753,16.575765283337727,1800.421,2.9546184550200913,1.4,1,0,-0.02357124240189379,0,-0.012072659072686797
B0049,22,53,4.0,0.7366758033690756,36.83379016845378,4.186507738215053,1.9960897948919885,1.9960897948919885,3.0444695632884358,0.410982512202864,1.9869597453899306,6.686184478788328,19.003281636478988,12.300881528020009,12.317097157690661,1633.25,2.7437337165955507,1.4,1,0,0.0017371543191746497,0,0.1473351606738151
B0049,23,55,4.0,0.7093946599203638,35.46973299601819,4.188359485457034,1.9999963944412724,1.9999963944412724,2.977231196667954,0.46282699339500816,1.9884870151283096,5.952890350814283,22.10154579807187,13.146013541941878,16.14865544725759,1737.172,2.8542718535842493,1.4,1,0,-0.027281143448711798,0,-0.013162091110327179
B0049,24,57,4.0,0.7186465009220309,35.932325046101546,4.185414346041184,1.9911540027307004,1.9911540027307004,3.0221149151314726,0.4251034552653744,1.9864544147288472,5.2766980645209145,19.702963463668752,12.419820365387574,14.426265399147837,1614.406,2.691281111186567,1.4,1,0,0.009251841001667094,1,-0.010508017892496979
B0049,25,59,4.0,0.6913885231046639,34.569426155233195,4.187572397568079,1.9924291348754952,1.9924291348754952,2.9634989615749228,0.4648504646064372,1.9877745412866725,6.047374959267245,22.293655276575564,13.214727037699832,16.24628031730832,1708.86,2.793937821930618,1.4,1,0,-0.02725797781736694,0,-0.013424273669426157
B0051,1,1,4.0,0.6434735598158292,32.17367799079146,3.8000325140227753,3.509680559092201,2.469359676853076,3.1549295868000704,0.24949992589633,1.444694618164293,9.13006459295357,17.933039751399626,13.521306814955082,8.802975158446056,1713.235,2.0906681510586402,1.4,1,0,0.0,0,0.07316146441935438
B0051,2,5,4.0,1.2931804619982779,64.6590230999139,4.166332642660912,3.718022664172381,2.4943981098310886,3.3515013948204975,0.2872737595522955,1.5427628209287927,5.559342704925847,17.97953483271074,12.32941609273775,12.420192127784894,3170.984,4.399159364059238,1.4,1,0,0.6497069021824486,1,0.07316146441935438
B0051,3,7,4.0,1.2288940261191657,61.44470130595828,4.197817181186768,3.741674511735558,2.493737690186406,3.4103353813308233,0.28523535604931677,1.4746664717153095,5.537156809077428,16.976273689395825,11.786163300295161,11.439116880318398,3135.344,4.2228209536256855,1.4,1,0,-0.0642864358791122,0,0.07316146441935438
B0051,4,9,4.0,1.2039031789717949,60.19515894858974,4.201090648817504,3.7431948019800445,2.484825203522635,3.399036037954353,0.30053329603900986,1.5006986661957025,4.5435374363624526,18.15291521418941,11.79177216318508,13.609377777826957,3049.781,4.165835292964163,1.4,1,0,-0.024990847147370765,0,0.07316146441935438
B0051,5,11,4.0,2.330873478782131,116.54367393910654,4.4605398643795535,3.64489270392309,2.481006838176381,3.35046347393405,0.32148983671746467,1.896872396959773,5.100602932076569,20.74350641722436,14.855344209164883,15.64290348514779,4565.859,8.038982829717067,1.4,1,0,1.126970299810336,1,0.07316146441935438
B0051,6,15,4.0,1.0092808819126011,50.46404409563006,4.183564695802171,3.7701311306740797,2.4989144012367213,3.5507869816186806,0.31846619438148666,0.7375306160516588,4.985512566961855,19.42896460124537,9.407360590589006,14.443452034283514,5428.594,3.514314951210421,1.4,1,0,-1.3215925968695297,0,0.07316146441935438
B0051,7,17,4.0,0.9565659895125322,47.828299475626615,4.201222601303239,3.748007907633048,2.4909800416005967,3.3747303939191564,0.3405991310336022,1.4121020737012022,5.455277091797561,18.9541455757646,12.00427347710193,13.498868483967037,2646.797,3.3482101826975885,1.4,1,0,-0.05271489240006888,0,-0.06732289449714912
B0051,8,19,4.0,0.901956291365404,45.0978145682702,4.202406487867388,3.7608531647068557,2.4946772785123836,3.4288897043375743,0.32826748930467053,1.282335808953127,6.262649300334429,17.468709072861763,11.420322251577586,11.206059772527334,2705.594,3.1292432763843054,1.4,1,0,-0.05460969814712824,0,-0.06538754695075233
B0051,9,21,4.0,0.8897906666138162,44.48953333069081,4.204413406598424,3.753400963095882,2.4990630530936326,3.391239374171384,0.352004473513818,1.34082874099171,5.591121385175445,19.153660408464766,11.80356781146328,13.562539023289322,2627.828,3.149051476972655,1.4,1,0,-0.012165624751587778,0,-0.06282250247159574
B0051,10,23,4.0,0.8830717036634559,44.153585183172794,4.203308441652878,3.763815615019705,2.4911013141195597,3.458540277576628,0.3324924168349503,1.138981779931305,6.124502338406652,16.52477794467856,10.939133221658826,10.40027560627191,2981.312,3.0425971848888325,1.4,1,0,-0.006718962950360341,0,-0.289560355023735
B0051,11,27,4.0,0.8431270354481757,42.15635177240878,4.18785232136192,3.724601780301507,2.487899627353052,3.331880238029603,0.3163477200742021,1.6578827538328458,6.288909422298661,17.11375752268931,11.883224057630693,10.824848100390646,1941.797,2.9184880027865994,1.4,1,0,-0.0399446682152802,0,-0.033230769292885085
B0051,12,29,4.0,0.826559103449663,41.32795517248315,4.204131585576503,3.7660603717418537,2.4928843010694406,3.4455112582421257,0.33619110921202383,1.2024790526236682,5.531413821124367,17.63739523383682,11.104558398908889,12.105981412712453,2663.625,2.8806315918570644,1.4,1,0,-0.016567931998512697,0,-0.02600137721257385
B0051,13,31,4.0,0.8352681546837963,41.76340773418982,4.20261624712583,3.7601990010350974,2.4993609910440835,3.4313160640623783,0.35815523073671035,1.1683569317325024,6.015605534281872,18.522369238924334,11.406827135294929,12.506763704642463,2862.25,2.9691946294291354,1.4,1,0,0.008709051234133347,1,-0.013337627336321534
B0051,14,33,4.0,0.8025719464987874,40.12859732493937,4.204441713018145,3.722010511531726,2.498094046924129,3.3091927488307733,0.34601512322628875,1.6652629774337186,5.385185542414158,18.399233275283038,12.198436592525173,13.01404773286888,1894.485,2.841359880065159,1.4,1,0,-0.03269620818500896,0,-0.017443744023005768
B0051,15,35,4.0,0.7839218784699513,39.196093923497564,4.205629455017258,3.7216558564923217,2.495501924298458,3.321646649287508,0.3272666238754537,1.6833216067815977,4.09406012572444,17.275372082939334,11.825318185585296,13.181311957214895,1799.25,2.7425114351312025,1.4,1,0,-0.018650068028836064,0,-0.019829965038700915
B0051,16,39,4.0,0.7910763493036002,39.55381746518001,4.18869211223692,3.7074886367908944,2.4904774374699135,3.2949705809839465,0.3235007365968801,1.7406000834384334,6.307184249541587,16.60444518809659,11.83597928071688,10.297260938555004,1741.204,2.736050609752562,1.4,1,0,0.0071544708336488405,1,-0.010410137228915105
B0051,17,41,4.0,0.0,0.0,4.197410333228745,3.546618065659587,3.546618065659587,3.7129537186963533,0.1669049734777025,1.8228736152324203,5.878114568810227,8.422696645654868,7.054471734319081,2.544582076844641,236.156,0.44925816935596563,1.4,1,0,-0.7910763493036002,0,-0.1653118206899326
B0051,18,43,4.0,0.7654538269480236,38.27269134740118,4.1821997161959255,3.7372603737605568,2.491598912047876,3.3300145239416707,0.3395777482664856,1.5728547609195669,3.957976104923049,17.682518901037938,12.009985166510232,13.72454279611489,1899.218,2.6855267552144286,1.4,1,0,0.7654538269480236,1,-0.013962865547154557
B0051,19,45,4.0,0.773177347633947,38.65886738169735,4.194584498935661,3.758073806751284,2.4869071541416994,3.3919119959638957,0.35638681001022166,1.3142534014310983,6.220888547997254,16.94512387438401,11.6895460366882,10.724235326386754,2305.25,2.702622116820599,1.4,1,0,0.007723520685923413,1,-0.0058789197729680834
B0051,20,47,4.0,0.7605293776416485,38.026468882082426,4.197406401996851,3.7004048287658278,2.499952602276462,3.267971796503206,0.3428169953071062,1.7653134403490016,6.260405354471425,17.545176388637014,11.987366110206718,11.284771034165589,1690.594,2.6771977363826553,1.4,1,0,-0.012647969992298447,0,-0.004678500165660559
B0051,21,51,4.0,0.7376430319247004,36.88215159623502,4.189508964301152,3.725558284335418,2.4997210982004625,3.2933938275360117,0.3590516804914694,1.6393244831010425,5.826687243750715,18.870237090882178,12.368454802055908,13.043549847131462,1800.421,2.634943598953786,1.4,1,0,-0.022886345716948142,0,-0.010686663475779956
B0051,22,53,4.0,0.739179500257907,36.95897501289535,4.19596724295681,3.703284901716726,2.491516785323916,3.271485849685164,0.33848982670408667,1.7554397237037889,6.3185007472702415,16.8501327260127,11.810149488093078,10.531631978742457,1633.25,2.573939352253011,1.4,1,0,0.001536468333206642,0,0.1478359000515814
B0051,23,55,4.0,0.7014575429842594,35.07287714921297,4.190531975284901,3.734471739521037,2.496222014851971,3.30778530525047,0.36134166968132025,1.6005657555126516,5.728313900767564,18.12397455517185,12.09457421285805,12.395660654404285,1737.172,2.488393405818465,1.4,1,0,-0.03772195727364758,0,-0.012799256792752822
B0051,24,57,4.0,0.7047349480541781,35.23674740270891,4.178476681914968,3.7168165023008135,2.488325882818304,3.2841455177779646,0.3390591963624162,1.688137636758635,4.909635080402769,16.26047891418261,11.797027499425711,11.350843833779841,1614.406,2.4425340640797795,1.4,1,0,0.003277405069918693,0,-0.013688479915953766
B0051,25,59,4.0,0.677848893570423,33.89244467852115,4.1919700049548565,3.7387392736062446,2.495715251425015,3.3119152698386256,0.3640096476263335,1.5784322210682304,5.784528692369955,18.153508709771476,12.079392114792578,12.36898001740152,1708.86,2.412974456426105,1.4,1,0,-0.02688605448375514,0,-0.016536096814245105
B0053,1,1,4.0,1.0691417886194299,53.45708943097149,4.081952934128504,1.9808329057464713,1.9808329057464713,3.0828389099409663,0.3672575674000287,1.993560711727946,5.6480393241342135,19.02185891684059,11.988576567861957,13.373819592706376,2349.64,4.011344928214263,1.4,1,0,0.0,0,0.00889129030499114
B0053,2,5,4.0,1.1540727934432229,57.703639672161145,4.178500682084486,1.9735558560671433,1.9735558560671433,3.1103286425468237,0.40154460512338475,1.9952703301071852,5.543675124020882,18.304754041202315,12.059863244911188,12.761078917181433,2560.688,4.413071792055361,1.4,1,0,0.08493100482379301,1,0.00889129030499114
B0053,3,7,4.0,1.1501525413826983,57.50762706913491,4.192255020207044,1.9558143264177166,1.9558143264177166,3.1104628288221936,0.41963172945920213,1.9952721899822612,6.154198814950669,19.33942752368694,11.967885395858058,13.185228708736272,2522.375,4.346171261735089,1.4,1,0,-0.003920252060524598,0,0.00889129030499114
B0053,4,9,4.0,1.1305863853936766,56.52931926968383,4.192588912486402,1.9974831055926598,1.9974831055926598,3.115027942360279,0.409301125630312,1.994739489778059,5.896215310159421,18.729143210051177,11.985900972885712,12.832927899891757,2488.719,4.293925654382691,1.4,1,0,-0.019566155989021672,0,0.00889129030499114
B0053,5,11,4.0,1.121790272357562,56.0895136178781,4.192849949462827,1.974695202836088,1.974695202836088,3.109376043532363,0.4143003600848971,1.994716528121975,5.959010081605195,18.709411575172346,12.004376962205335,12.750401493567152,2474.844,4.262104901387922,1.4,1,0,-0.008796113036114717,0,0.00889129030499114
B0053,6,13,4.0,1.1135982401443856,55.67991200721928,4.193081087954604,1.9637397944562873,1.9637397944562873,3.1067532264566258,0.41059239608652565,1.994462268339957,5.846660329659284,18.63570596513145,12.133888437168595,12.789045635472167,2473.875,4.256271260156614,1.4,1,0,-0.008192032213176326,0,0.00889129030499114
B0053,7,17,4.0,1.0864654057095062,54.32327028547531,4.179160867574629,1.9443649588528493,1.9443649588528493,3.083406677687234,0.4213068159253873,1.9944377413009737,4.908867265489057,21.292305794774187,12.32708937826574,16.38343852928513,2495.5,4.2606415830264,1.4,1,0,-0.02713283443487935,0,-0.013521477546743332
B0053,8,19,4.0,1.0647493568993147,53.237467844965735,4.191975122366585,1.9470490842081751,1.9470490842081751,3.080580001769896,0.43045116084864515,1.994535794151797,4.387614529643548,21.011599594200046,12.164497494980397,16.6239850645565,2481.078,4.231829229612644,1.4,1,0,-0.021716048810191513,0,-0.017080636896676715
B0053,9,21,4.0,1.0809288094959644,54.04644047479822,4.1919635181969905,1.9602813323957715,1.9602813323957715,3.0828198149689934,0.4461026007246853,1.9942958735740086,6.560250515665322,20.939938897683515,12.128732336863894,14.379688382018193,2460.125,4.196804402560893,1.4,1,0,0.016179452596649657,1,-0.009931515179542449
B0053,10,23,4.0,1.0852752041846463,54.263760209232316,4.192155796080977,1.9605995541160257,1.9605995541160257,3.095128536447283,0.4153815174985487,1.99423279352749,5.925238378002409,19.283836838998095,12.245191547318633,13.358598460995687,2440.547,4.18291674340288,1.4,1,0,0.0043463946886819205,0,-0.007303013634583122
B0053,11,25,4.0,1.0504799933740894,52.52399966870447,4.192319942921637,1.9595048550370973,1.9595048550370973,3.078011917190656,0.43011047924182044,1.9941341922034355,4.487996832815854,21.101391697483887,12.190916714981144,16.61339486466803,2449.922,4.174601222984457,1.4,1,0,-0.03479521081055692,0,-0.012623649354059241
B0053,12,29,4.0,1.0853550177054305,54.267750885271525,4.178256270528613,1.9845858202377116,1.9845858202377116,3.0992512260717127,0.4094892867197389,1.993681474074749,6.1518696907773815,18.64340722345076,12.163073942837917,12.49153753267338,2408.781,4.133373673073758,1.4,1,0,0.03487502433134115,1,-0.0002220776008151404
B0053,13,31,4.0,1.0508395690790722,52.54197845395361,4.192753069603226,1.9446709162715439,1.9446709162715439,3.0759964813859115,0.4295733697871356,1.994006147873811,4.384930600130763,21.313677971413888,12.292542702117027,16.928747371283126,2442.547,4.15907152045339,1.4,1,0,-0.03451544862635836,0,-0.0027819575640485096
B0053,14,33,4.0,1.060906788333118,53.0453394166559,4.192021598416352,1.9692766515934297,1.9692766515934297,3.076814828498021,0.447476192133071,1.9936811039205453,6.634642818346704,20.92811979857166,12.1295279689702,14.293476980224957,2420.671,4.120581201569222,1.4,1,0,0.010067219254045856,1,-0.00400440423256927
B0053,15,35,4.0,1.070582461063814,53.529123053190695,4.192422731350341,1.991566826677512,1.991566826677512,3.0908348956433267,0.4142812537110478,1.9936409148373782,5.945060994833763,19.930786955410536,12.364595355360214,13.985725960576772,2409.906,4.123909305140052,1.4,1,0,0.009675672730695917,1,-0.0029385486241664703
B0053,16,37,4.0,1.024036665663697,51.20183328318485,4.192159667005352,1.9588680902433295,1.9588680902433295,3.0705536079059534,0.4383440137868843,1.9937041845656749,5.487197175667743,21.0220574646762,12.128324396717016,15.53486028900846,2416.672,4.105774540498103,1.4,1,0,-0.04654579540011694,0,-0.005288665542078475
B0053,17,41,4.0,1.0670957253433857,53.35478626716929,4.177933640317498,1.9836880271317603,1.9836880271317603,3.087460321440554,0.4099215875980613,1.9931353663259233,6.030995537951039,19.091622529647232,12.302129277138697,13.060626991696193,2395.75,4.094788135105125,1.4,1,0,0.043059059679688705,1,-0.0036518584724089644
B0053,18,43,4.0,1.0279237850447498,51.39618925223749,4.192397472111982,1.968810244689163,1.968810244689163,3.0715434654202056,0.4291773441484477,1.9931312424190146,4.410907685703091,21.30570494347084,12.366585260617878,16.89479725776775,2410.688,4.097277160264454,1.4,1,0,-0.03917194029863591,0,-0.004583156806864474
B0053,19,45,4.0,1.0325426399701008,51.627131998505035,4.191372411963712,1.940239319338743,1.940239319338743,3.0648787393041275,0.447220254346678,1.9933351618651365,6.915652604727742,21.068855242444318,12.13341884254367,14.153202637716575,2402.125,4.072380639689032,1.4,1,0,0.004618854925350968,0,-0.005672829672603452
B0053,20,47,4.0,1.055948784653705,52.79743923268525,4.191822005194803,1.9763616179319545,1.9763616179319545,3.0920593287919123,0.41904160889899295,1.992634824405149,6.218257931736524,19.0403826843671,12.146814956196247,12.822124752630575,2355.265,4.030544681000576,1.4,1,0,0.023406144683604246,1,-0.0029267352820217863
B0053,21,49,4.0,1.0445313831308718,52.22656915654359,4.192766032434195,1.958878972318411,1.958878972318411,3.0752264215555254,0.422986350626055,1.9928835846166293,5.631538993521259,21.229882941943842,12.493460218119651,15.598343948422583,2396.719,4.078955058658972,1.4,1,0,-0.011417401522833215,0,0.0040989434934349585
B0053,22,53,4.0,1.035313906812183,51.765695340609156,4.1514305701957595,1.9866817453254884,1.9866817453254884,3.063652287832334,0.4109499577184017,1.9928226279037262,5.213874851291281,20.949809700571592,12.212439916474112,15.735934849280312,2442.344,4.140763158384708,1.4,1,0,-0.009217476318688744,0,-0.006356363706240531
B0053,23,57,4.0,1.076341053101982,53.8170526550991,4.177669181156461,1.9605382250198837,1.9605382250198837,3.081738329329653,0.4109230992788704,1.992894098916617,5.816404832755973,20.122996890408825,12.533800131697804,14.306592057652852,2444.703,4.169869950908753,1.4,1,0,0.041027146289798866,1,0.009683453611446425
B0053,24,59,4.0,1.0352223140423542,51.76111570211771,4.191266690420751,1.9904175883780109,1.9904175883780109,3.0712653565298207,0.43793980747527617,1.992442672698046,6.8539460597454305,20.906313087706064,12.15752125414067,14.052367027960633,2412.25,4.097618293366426,1.4,1,0,-0.04111873905962771,0,0.0005359348144506892
B0053,25,61,4.0,1.0514287056908256,52.57143528454128,4.191965715839513,1.9817745728975946,1.9817745728975946,3.0775076513338275,0.42060950530386554,1.9925926037905592,5.843094607514775,21.200762542996532,12.500489505201012,15.357667935481757,2403.234,4.092791872738481,1.4,1,0,0.016206391648471374,1,-0.0009040157925758851
B0053,26,63,4.0,1.060332934638968,53.016646731948406,4.191269581182375,1.9986378497920827,1.9986378497920827,3.081721091323029,0.43314899763377257,1.9921660756337995,6.534507460429901,20.01669492389786,12.129752391274424,13.482187463467959,2361.047,4.025328294296647,1.4,1,0,0.008904228948142467,1,0.0031603103016192512
B0053,27,65,4.0,1.0236966462748538,51.18483231374269,4.192350344888558,1.9475532037509713,1.9475532037509713,3.065618110074436,0.4298823469597102,1.992579022263777,5.292102618551012,21.300888549752415,12.4375808996521,16.008785931201402,2392.468,4.05837161315889,1.4,1,0,-0.036636288364114256,0,-0.002323452107465851
B0053,28,69,4.0,1.0465884668750887,52.329423343754435,4.177129906680911,1.9971786671898824,1.9971786671898824,3.078450046499129,0.41000583259873047,1.9922556312887356,6.081836176486336,19.859103950325803,12.499986997045514,13.777267773839467,2373.89,4.043825067996865,1.4,1,0,0.02289182060023487,1,-0.00595051724537865
B0053,29,71,4.0,1.0031121684812232,50.15560842406116,4.191922035679278,1.954304860794578,1.954304860794578,3.0625561806089783,0.4320687516761118,1.9924965285905243,4.155331079532283,21.371062787995548,12.407329307373491,17.215731708463267,2383.234,4.038518177290289,1.4,1,0,-0.043476298393865465,0,-0.0064220291122262015
B0053,30,73,4.0,1.0461578935615607,52.307894678078036,4.1914917424018325,1.9728121678621011,1.9728121678621011,3.070668465167841,0.4440273461674607,1.991918687181604,6.613111096765472,20.121473725568496,12.12683073125857,13.508362628803024,2342.453,3.978129081199342,1.4,1,0,0.04304572508033755,1,-0.001054162425852967
B0053,31,75,4.0,1.0156263513525605,50.78131756762802,4.192505197154108,1.9932654775438805,1.9932654775438805,3.0689252222547845,0.42421458928103906,1.992084846981035,5.384038595466962,21.375504791399432,12.488226976946088,15.991466195932471,2359.296,4.006009271823299,1.4,1,0,-0.03053154220900023,0,-0.008941316657281506
B0053,32,77,4.0,1.0250054893129452,51.25027446564726,4.191388693209469,1.9677305370734945,1.9677305370734945,3.059463155886766,0.45113145725801507,1.991605417269501,6.733785656878497,20.75519907919811,12.141455926320956,14.021413422319615,2345.453,3.967488955422536,1.4,1,0,0.009379137960384698,1,0.0002617686076182846
B0053,33,81,4.0,0.9801331625592913,49.00665812796456,4.1766533494421765,1.9646771872417268,1.9646771872417268,3.0515604930870808,0.4323327657355643,1.991893805829171,3.8100701431339856,21.495108529574846,12.395143910298117,17.685038386440862,2360.172,3.98433599682439,1.4,1,0,-0.044872326753653935,0,-0.013291060863159477
B0053,34,83,4.0,1.036777776420363,51.838888821018145,4.191203897341503,1.9842967959422222,1.9842967959422222,3.077258112412092,0.43069043564890847,1.991620909948196,6.579894379443364,19.650976156235696,12.19451958922961,13.071081776792333,2315.407,3.941455489328709,1.4,1,0,0.05664461386107167,1,0.00673312158782795
B0053,35,85,4.0,1.026830062058722,51.3415031029361,4.191866717831731,1.9519786488395736,1.9519786488395736,3.0764274410465147,0.42059886915905087,1.9916919647659999,6.1462236331107984,18.85601423191303,12.32467046038635,12.70979059880223,2322.156,3.9528526116647944,1.4,1,0,-0.00994771436164088,0,-0.0038655663005677356
B0053,36,87,4.0,1.0150379662805102,50.75189831402551,4.191989330112193,1.9991200294367055,1.9991200294367055,3.0735171627901745,0.41662715562486796,1.9916218196651592,6.025506571922682,19.66943680638515,12.456556362135045,13.643930234462468,2327.1570000000065,3.9572476878676532,1.4,1,0,-0.01179209577821183,0,-0.00011767701441005585
B0053,37,89,4.0,0.9904614739486177,49.52307369743089,4.192193889063254,1.9919158008530222,1.9919158008530222,3.0586262243104274,0.42927186660093597,1.9915769869135742,5.005649306807032,21.138845685984403,12.493233578273262,16.13319637917737,2335.0,3.9505557881278612,1.4,1,0,-0.02457649233189252,0,-0.006908803072865499
B0053,38,93,4.0,1.0145765174582757,50.72882587291379,4.176369785873148,1.9455914118085802,1.9455914118085802,3.0655406838342585,0.4178415324973847,1.9913315013296005,6.107617724558953,19.288047919779906,12.497083720348076,13.180430195220953,2329.375,3.9505836467236195,1.4,1,0,0.024115043509657985,1,0.006888670979796885
B0053,39,95,4.0,0.9811308944080389,49.056544720401945,4.191893131054369,1.9745609840275167,1.9745609840275167,3.0545790418645686,0.4329575022601096,1.991453914785753,4.640287420859574,21.3268013324968,12.499664099435382,16.686513911637228,2333.875,3.94305176349232,1.4,1,0,-0.033445623050236795,0,-0.011129376402464808
B0053,40,97,4.0,1.0041687429386437,50.208437146932184,4.191053526742021,1.945088917895143,1.945088917895143,3.050692756091621,0.45557607620300034,1.991333341091594,6.703945330872971,20.84260661100648,12.233147481743185,14.13866128013351,2317.453,3.908427062943231,1.4,1,0,0.023037848530604754,1,-0.004532263824015681
B0053,41,99,4.0,1.007820487960787,50.39102439803935,4.191344296215671,1.9541644750198832,1.9541644750198832,3.0706836502741286,0.4197126146609342,1.99101351508358,6.278938371508271,18.56010936417985,12.380002749755878,12.28117099267158,2295.109,3.898721518265631,1.4,1,0,0.0036517450221433823,0,-0.0014434956639446384
B0053,42,101,4.0,0.982454133084564,49.122706654228196,4.1920711169862885,1.935548354335742,1.935548354335742,3.051595420919736,0.4330541261129851,1.9908720980814456,5.426196267928294,21.59240098021019,12.616251645969692,16.166204712281896,2326.657,3.9270422970052854,1.4,1,0,-0.025366354876223074,0,-0.0016014681728107494
B0053,43,105,4.0,1.1096775355538027,55.483876777690135,4.131914155324195,1.9814063517681837,1.9814063517681837,3.072187965091245,0.37973652107519174,1.9918802848881905,5.4465816574183386,20.679962323191948,12.829588969895449,15.233380665773609,2479.297,4.216880724849909,1.4,1,0,0.1272234024692387,1,0.01902020361910539
B0053,44,109,4.0,1.1136801589914762,55.68400794957381,4.1754412480532865,1.9931418060709154,1.9931418060709154,3.094404341842919,0.3937350055132331,1.9920221198393642,6.1046272872518585,18.987480522594797,12.589854217504927,12.882853235342939,2463.578,4.220314060581177,1.4,1,0,0.004002623437673547,0,0.02650985291668746
B0053,45,111,4.0,1.0385009100572404,51.92504550286202,4.19084164853627,1.947894370100842,1.947894370100842,3.070776135685358,0.4265774800577266,1.9921969805882975,5.96756877663793,21.621996984314368,12.499581621225964,15.654428207676439,2458.812,4.17808488894092,1.4,1,0,-0.07517924893423578,0,0.006866433423719354
B0053,46,113,4.0,1.0768815902180078,53.844079510900386,4.190565801665098,1.9856387948209866,1.9856387948209866,3.093317588803282,0.40402494875258393,1.9915614937804331,6.159663782524879,18.973652680872625,12.550448845753783,12.813988898347747,2400.672,4.109506252558124,1.4,1,0,0.038380680160767344,1,0.013812220451444146
B0053,47,115,4.0,1.0721705505837382,53.60852752918691,4.191036582578031,1.949232767477218,1.949232767477218,3.0749380759068083,0.4292139003308446,1.9913636586660952,6.664645815607591,20.978900321002104,12.432369953422185,14.314254505394512,2396.407,4.075866365306735,1.4,1,0,-0.004711039634269554,0,0.01794328349983485
B0053,48,117,4.0,1.0124588999851116,50.62294499925558,4.190677216614621,1.971670057823583,1.971670057823583,3.0677280268889113,0.42830138482517427,1.9913026171829147,5.231720410730667,21.79016577987201,12.51661002939304,16.558445369141342,2392.375,4.059494803235393,1.4,1,0,-0.0597116505986266,0,-0.019443727113738207
B0053,49,121,4.0,1.0279944857549583,51.399724287747915,4.174790887794049,1.9947630114629615,1.9947630114629615,3.0638438118587557,0.42866113266128036,1.9908825994766095,6.859896980381493,21.259687238039497,12.386978430486096,14.399790257658005,2373.687,4.020757677917189,1.4,1,0,0.015535585769846705,1,-0.017137134647303577
B0053,50,123,4.0,1.0304147279049998,51.52073639524999,4.191223425605613,1.93495405419616,1.93495405419616,3.069633671738992,0.4199389263176685,1.99127383323294,5.440421040819881,22.11367611975276,12.86442209459833,16.67325507893288,2385.922,4.052063193086623,1.4,1,0,0.0024202421500414406,0,-0.0016172364304481324
B0053,51,125,4.0,1.0556163273995052,52.780816369975255,4.1907916530158085,1.9626921591466933,1.9626921591466933,3.0774703956362286,0.42690883574172533,1.9908555652032598,6.572423757587878,20.512663513524156,12.452887134609785,13.940239755936279,2345.0,3.991435692293966,1.4,1,0,0.0252015994945054,1,-0.004253052563700521
B0053,52,127,4.0,1.0011115418162628,50.055577090813145,4.191391388470691,1.965011869626919,1.965011869626919,3.065650898720959,0.4227891941535756,1.9910466332112344,4.487249730728364,21.838243278861643,12.717167506079072,17.350993548133278,2363.047000000006,4.007271972440915,1.4,1,0,-0.05450478558324234,0,-0.014211801753495078
B0053,53,129,4.0,1.0466839215498662,52.33419607749331,4.1908069648629,1.9982886464924436,1.9982886464924436,3.087680483774557,0.40816542041065523,1.9904919510318815,6.396599642741529,19.19841243068418,12.479976931874727,12.801812787942652,2316.687,3.9567115412254963,1.4,1,0,0.045572379733603396,1,0.0068450043129509195
B0053,54,133,4.0,1.047181656018543,52.35908280092715,4.1756454573909885,1.987337089818558,1.987337089818558,3.080080108538352,0.410392627499761,1.9901940926688606,6.475850983046928,19.947938817320452,12.53086381740867,13.472087834273523,2322.0,3.9551243852920024,1.4,1,0,0.000497734468676736,0,0.003837434052716926
B0053,55,135,4.0,1.0102740078425778,50.51370039212889,4.1919833117809935,1.9333820178355814,1.9333820178355814,3.0638130274525714,0.4228184094074482,1.9906079852392542,5.219841286029437,22.111677092018486,12.900294389057347,16.891835805989047,2357.687,3.995531604583357,1.4,1,0,-0.036907648175965146,0,-0.004028144012484391
B0053,56,137,4.0,0.0,0.0,4.190425450437361,3.8013484699433544,3.8013484699433544,4.060790325607858,0.1834531088409898,0.6718360254347512,6.582625875555882,6.582625875555882,6.164758961234487,0.0,23.0,0.014520429701280407,1.4,1,0,-1.0102740078425778,0,-0.21112326547990104
B0054,1,1,4.0,0.7399351039859233,36.99675519929617,3.849349497973326,3.66372553016249,2.1808531235872497,3.224017445984581,0.3815469150642992,1.1711014926455596,6.150630538748289,19.2224107892251,12.463481398239779,13.071780250476813,2660.313,2.5036223534541326,1.4,1,0,0.0,0,0.06512284976329126
B0054,2,5,4.0,1.1665440238116096,58.32720119058048,4.1501696736386835,3.718807290316491,2.1857283549042807,3.250620648698839,0.3386591963925303,1.6490088129931413,5.108163550070373,19.13350840101625,13.22908734445715,14.025344850945878,2826.0,4.066930551997024,1.4,1,0,0.4266089198256863,1,0.06512284976329126
B0054,3,7,4.0,1.1052521456138635,55.262607280693175,4.18097797086454,3.74417703782021,2.191704472328808,3.3125509639490387,0.34858738277033435,1.5571537423633102,6.220475036745926,19.246439328077983,12.767949622305693,13.025964291332057,2818.578,3.87688404554781,1.4,1,0,-0.061291878197746064,0,0.06512284976329126
B0054,4,9,4.0,1.0960302257185877,54.80151128592938,4.183717509418553,2.194436684364802,2.194436684364802,3.014547209987882,0.46948230029577886,1.997470366256859,5.191019676552512,25.274344894624623,14.48548355867213,20.083325218072112,2713.812,4.53130069154931,1.4,1,0,-0.009221919895275876,0,0.06512284976329126
B0054,5,11,4.0,1.0754450685609742,53.772253428048714,4.179551945393369,3.755571830337985,2.1744802077788186,3.362083204238267,0.3305518681697366,1.497567121848318,6.0970206115609225,17.912726519981458,12.210694836100142,11.815705908420536,2786.578,3.7314274419230546,1.4,1,0,-0.020585157157613443,0,0.06512284976329126
B0054,6,13,4.0,1.0655493528023796,53.27746764011898,4.186221002348923,2.1991956579298835,2.1991956579298835,3.01935322902276,0.4847331663805104,1.9970237894724439,5.390283064555845,25.399130245059563,14.382852820878863,20.008847180503718,2667.89,4.460974025229731,1.4,1,0,-0.009895715758594603,0,0.06512284976329126
B0054,7,17,4.0,1.0568368579972396,52.84184289986198,4.162902627844775,3.734996980369478,2.195382286735059,3.294907679053512,0.35095634652775587,1.6640947581323788,4.660863557714339,19.958495728003356,12.646539321462496,15.297632170289017,2530.172,3.7469087417822617,1.4,1,0,-0.008712494805140025,0,-0.021941433162874002
B0054,8,19,4.0,1.0449064445364842,52.24532222682421,4.185951705013706,3.57079973569565,2.186961493066742,3.099558518903638,0.4440840946235038,1.9715890005191599,5.262700511098681,22.3455512044548,13.501798463127008,17.082850693356118,2446.062,4.146596337392173,1.4,1,0,-0.011930413460755407,0,-0.01206914021547587
B0054,9,21,4.0,1.0458363976936966,52.291819884684834,4.183685207894235,3.752349878105168,2.1792899341144296,3.344320754921095,0.35598978364984957,1.5296231097961999,5.527548494059786,18.346440665576743,12.310686417130766,12.818892171516957,2713.25,3.698482224181658,1.4,1,0,0.0009299531572124486,0,-0.010038765604978206
B0054,10,23,4.0,1.018187920878015,50.90939604390074,4.186682919177322,3.7568612421941943,2.1960491387884744,3.3393968492515325,0.37236613088582243,1.5281548216731666,6.547534327664747,19.776786565302107,12.449589157423155,13.229252237637361,2676.578,3.6379503395909776,1.4,1,0,-0.027648476815681722,0,-0.011451429536591862
B0054,11,25,4.0,1.0226409233672233,51.132046168361164,4.187137846103755,3.571283662428627,2.1942476804372792,3.1066787302612444,0.4486783147290371,1.9701082949463853,5.452031534117803,22.520284175103843,13.39260571620204,17.06825264098604,2394.734,4.066727449009188,1.4,1,0,0.004453002489208435,0,-0.008581685887031254
B0054,12,29,4.0,1.03890961861509,51.94548093075449,4.170705017695055,3.7569036686153536,2.1907481286563577,3.3713317734388912,0.3338724769382628,1.5000438844683899,5.969757341249526,17.54568061289479,12.045245019281868,11.575923271645266,2673.0,3.6022036918548053,1.4,1,0,0.01626869524786656,1,-0.0035854478764299367
B0054,13,31,4.0,1.0173250354350074,50.86625177175037,4.18733783943504,3.6739964171356236,2.185877354823723,3.1171442968796907,0.4599686022254519,1.8653555811837863,5.015066312968263,22.730114882559054,14.027143186292392,17.71504856959079,2619.578,4.176811116281164,1.4,1,0,-0.021584583180082495,0,-0.005516281820295355
B0054,14,33,4.0,1.033183911994548,51.659195599727404,4.183271363053432,3.7563443982820273,2.18549830376202,3.3723181530355464,0.3355452594878319,1.5115348909095658,6.037899412491442,17.24230903543893,11.98698791631262,11.204409622947487,2640.016,3.5917425984187674,1.4,1,0,0.015858876559540658,1,-0.0025304971398297125
B0054,15,35,4.0,1.0095232119739597,50.47616059869798,4.1871763489072675,3.7620705806130483,2.169486415611112,3.3752367769573675,0.3452092682304832,1.4978572418243388,6.267140578035413,17.67282228813571,11.961246010798938,11.405681710100296,2621.187,3.531602275545118,1.4,1,0,-0.0236607000205884,0,-0.0017329417808110482
B0054,16,37,4.0,0.9862483259626477,49.31241629813238,4.187373537276062,3.611897459402903,2.1991609285274296,3.0680241783485127,0.4831202869627064,1.9179494962272428,6.396319300611759,24.83365687277193,14.303923037098802,18.43733757216017,2616.453,4.246020238341077,1.4,1,0,-0.023274886011312,0,-0.007278519480915136
B0054,17,41,4.0,1.0080048320000436,50.40024160000218,4.167740648411655,3.5842744379624696,2.16946894247905,3.080029423131606,0.4642371793654741,1.9314917930639428,4.558886140748058,23.814869897999767,14.014570142346548,19.25598375725171,2565.109,4.21747247051847,1.4,1,0,0.021756506037395984,1,-0.00618095732300925
B0054,18,43,4.0,1.0153387761254196,50.76693880627098,4.182759232638332,3.6137599158637124,2.189366386338004,3.0995001166042586,0.46583957419245015,1.92048742497431,5.113078726408071,23.286158021770156,13.82742179742786,18.173079295362086,2532.531,4.162942731693942,1.4,1,0,0.007333944125375913,1,-0.0003972518619175691
B0054,19,45,4.0,1.0106786853355956,50.53393426677978,4.183401065560466,3.6772812751724606,2.1938108499397133,3.135117188240346,0.4662350174333838,1.8496260164406817,5.459348970463833,22.857688282463826,13.793181239419976,17.398339311999994,2556.593,4.061565009892407,1.4,1,0,-0.00466009078982399,0,-0.004501045331790498
B0054,20,47,4.0,1.010409656585336,50.5204828292668,4.174098618023754,3.7521704768064477,2.195354018162212,3.361825569933971,0.3436137684863983,1.5258301851172213,6.016757746012392,17.0744400013979,12.006556818172502,11.057682255385508,2577.891,3.5336425825922206,1.4,1,0,-0.0002690287502595812,0,0.00017728892227526495
B0054,21,49,4.0,0.9801433323963482,49.00716661981741,4.187244537540539,3.5945175233917457,2.1757051329882087,3.069748420550782,0.4799992711735956,1.9223708469458909,6.546311692053876,25.034160636506623,14.223331420666247,18.487848944452747,2572.36,4.19065673565815,1.4,1,0,-0.03026632418898778,0,-0.0012209987132598909
B0054,22,53,4.0,1.1016641723624385,55.08320861812193,4.149611746563943,3.5838834010856213,2.1816843710356264,3.0996476610968013,0.4521735090161669,1.9101289869279876,5.709210511913059,23.829313770803374,13.816713741617784,18.120103258890314,2697.75,4.408633531963437,1.4,1,0,0.12152083996609031,1,0.018731868072478973
B0054,23,57,4.0,1.0826512239001271,54.13256119500636,4.167185143906847,3.729023578458242,2.1869057073992466,3.3276361450033405,0.35948054205009217,1.602025009425777,5.94648205472088,18.148295901779747,12.297445133045807,12.201813847058867,2683.406,3.847963138046094,1.4,1,0,-0.019012948462311385,0,0.013462489554941514
B0054,24,59,4.0,1.0575008387868343,52.87504193934171,4.1861551088147975,3.5845615135799878,2.1798631989492883,3.090887653178106,0.4815909637859592,1.9236868575194104,5.668984753416842,24.240504107723478,13.917709213674303,18.571519354306638,2646.156,4.34620614671389,1.4,1,0,-0.025150385113292817,0,0.00936443069024775
B0054,25,61,4.0,1.0385517331615322,51.927586658076606,4.183562459488766,3.646419338563987,2.1957368370641035,3.1255606087732573,0.4657110417283071,1.8803976235137,5.469812211001457,22.93935470684112,13.738247646589583,17.46954249583966,2593.531,4.192836752903042,1.4,1,0,-0.018949105625302165,0,0.005628415315239233
B0054,26,63,4.0,1.0073294901291132,50.36647450645566,4.183469543197807,3.600862517495629,2.197272162359153,3.0910099520509644,0.4727173191119414,1.905113543140002,4.344722244217998,24.77112444800467,14.02103674221244,20.426402203786672,2604.125,4.230137122609459,1.4,1,0,-0.03122224303241894,0,0.005437231546553001
B0054,27,65,4.0,1.0160400308540347,50.80200154270174,4.182803471091083,3.750608754885287,2.186991625035034,3.371121145966289,0.3418740107749257,1.5218884335997784,6.28640211010205,17.39258920543283,11.909908874752377,11.106187095330782,2588.594,3.552764061180988,1.4,1,0,0.0087105407249215,1,-0.017124828301680762
B0054,28,69,4.0,1.0158319636440951,50.79159818220476,4.177383538932332,3.7453009226362637,2.1839945875783817,3.3382772643772527,0.36536981720356954,1.559622677772477,6.134279357915084,18.305747733025576,12.313622257322168,12.171468375110493,2579.203,3.5979508456129192,1.4,1,0,-0.0002080672099395997,0,-0.013363852051206404
B0054,29,71,4.0,1.0015383803216271,50.076919016081355,4.18745666665725,3.7292420542022717,2.1974155139704856,3.275227014636782,0.41250675314092117,1.647130067473807,5.986542220048711,19.849601783840107,12.835536006037291,13.863059563791396,2555.453,3.710597280613007,1.4,1,0,-0.014293583322467995,0,-0.011192491693041439
B0054,30,73,4.0,0.9812488615918239,49.0624430795912,4.187380122640154,3.5871227400255266,2.1944796571193828,3.08264025202744,0.4659479263712653,1.925711921884979,5.1610554839040566,23.697887384213885,14.025334270032486,18.536831900309828,2525.609,4.144585214581689,1.4,1,0,-0.020289518729803224,0,-0.011460574313941652
B0054,31,75,4.0,0.9987416030110134,49.93708015055067,4.183314724424282,3.7446102995472006,2.19582689132158,3.3354691487943056,0.36862552330887216,1.5632852002617028,6.207886752135766,17.639370990163055,12.206393799822907,11.431484238027288,2536.172,3.5443046334750403,1.4,1,0,0.01749274141918955,1,-0.0017175774236199536
B0054,32,77,4.0,0.9584014230949642,47.920071154748214,4.187279483525102,3.5941170592562743,2.180729125655269,3.06956232360524,0.481929550033192,1.916727602246359,5.607145128207624,24.855759413239454,14.157912343382947,19.24861428503183,2536.204,4.120184039855442,1.4,1,0,-0.04034017991604921,0,-0.011527721551814096
B0054,33,81,4.0,0.9800846133894623,49.00423066947312,4.168468446662642,3.648475452266422,2.198606902338691,3.1084291827280213,0.4629538934214686,1.8791650730873322,5.730507970692339,22.633573596217214,13.877029644763786,16.903065625524874,2488.86,3.999063496043008,1.4,1,0,0.021683190294498056,1,-0.007149470050926565
B0054,34,83,4.0,0.9720372198962766,48.601860994813826,4.1836983412369415,3.753876919121481,2.178492152794792,3.3581509225423294,0.36250812218539735,1.5204721015245712,6.476137773602135,18.24210090664387,12.000734280236426,11.765963133041735,2518.547,3.437478632900686,1.4,1,0,-0.008047393493185728,0,-0.005900232085070112
B0054,35,85,4.0,0.9693202807518411,48.46601403759205,4.187523274109238,3.6558753417037777,2.1931605321338634,3.1056894645085027,0.47303999609321185,1.8782588716032265,5.800936573345654,23.459587106388874,13.961422230756659,17.65865053304322,2485.766,3.987913143887304,1.4,1,0,-0.002716939144435493,0,-0.0023857161679965654
B0054,36,87,4.0,0.9479786388506265,47.39893194253133,4.184269535257578,3.6133278880523303,2.1971158447610275,3.076065545012625,0.48707266224388035,1.8963962748516057,5.530999781648573,24.87318926454243,14.14108020855593,19.342189482893858,2506.718,4.029569204251773,1.4,1,0,-0.02134164190121457,0,-0.01015259283207739
B0054,37,89,4.0,0.9638519569071228,48.19259784535614,4.183868392040906,3.667664534861541,2.192446180613871,3.121042954980713,0.4724685014041262,1.8576897659318123,5.761431625069411,22.57895105031832,13.857077682108361,16.81751942524891,2459.297,3.914066240676733,1.4,1,0,0.015873318056496277,1,0.0010901067624317085
B0054,38,93,4.0,0.9682336695484697,48.41168347742348,4.169523640726687,3.7461787806161966,2.1750045839249057,3.330025768269621,0.37409389371900514,1.5518985984544131,6.232059973571748,18.155876160419844,12.299989669041157,11.923816186848097,2488.734,3.4428634512492637,1.4,1,0,0.004381712641346902,0,-0.0023701887681985222
B0054,39,95,4.0,0.9407020864603765,47.03510432301882,4.18749739820457,3.596888510616467,2.1906356157422464,3.067009596769174,0.4799350043744763,1.9124622855946998,4.495604432316355,24.745737558953422,14.212120623239777,20.250133126637067,2491.375,4.034442526945402,1.4,1,0,-0.027531583088093226,0,-0.006267026687180021
B0054,40,97,4.0,0.9618442077038963,48.09221038519482,4.183674115350642,3.717812319923843,2.1969226044699126,3.224323331222822,0.4427289044730542,1.701137560872864,6.057179250867235,20.864500972462256,13.232401754114171,14.80732172159502,2467.328,3.6574144087666727,1.4,1,0,0.021142121243519885,1,-0.0014952146095889463
B0054,41,99,4.0,0.9332340144199703,46.66170072099852,4.185867048914436,3.7573170223736123,2.188259141429684,3.348287536831091,0.3775713800692734,1.5163224163121793,6.55150136930653,18.59367691804772,12.098481296366476,12.04217554874119,2466.125,3.3437138058637017,1.4,1,0,-0.028610193283926,0,-0.002948924886131232
B0054,42,101,4.0,0.9313454737145217,46.567273685726086,4.1877140542499625,3.566661042114098,2.1682818867328626,3.0573024563037245,0.47561109127899337,1.9284095076756849,5.303774553024726,24.597212846034733,14.31610663580659,19.293438293010006,2459.3129999999946,4.010651927386609,1.4,1,0,-0.001888540705448638,0,-0.006501296638520215
B0054,43,105,4.0,0.9976429099116705,49.88214549558352,4.145482909212399,3.6002806681405035,2.187733999755357,3.076951013118892,0.4596033211251679,1.895454744833536,6.241830602241886,24.13178710047615,14.083550544682673,17.889956498234262,2559.125,4.115687714820129,1.4,1,0,0.06629743619714878,1,0.0058818480726401615
B0054,44,109,4.0,0.9833315262972037,49.16657631486018,4.168037433999008,3.5816449394712744,2.158914847324055,3.085795975435223,0.45585392917113776,1.9122439737900219,5.210845802643093,23.612194914633058,14.07160712441505,18.401349111989965,2534.156,4.132959625145179,1.4,1,0,-0.014311383614466822,0,0.008525887967365442
B0054,45,111,4.0,0.9904370062777442,49.521850313887214,4.182894970276525,3.7408041321249788,2.1913469960772693,3.3302769619097354,0.37423915865451124,1.565931033307629,6.279878251621095,18.35582339692624,12.23792511997238,12.075945145305145,2521.985,3.5281418648979495,1.4,1,0,0.007105479980540563,1,0.0057185597147695775
B0054,46,113,4.0,0.9499871340436294,47.49935670218147,4.187269403966888,3.577562056535852,2.1887585386046826,3.071754770434524,0.47181434451781323,1.9198574969973197,4.477295308936727,24.73342335069987,14.182674582038874,20.25612804176314,2503.172,4.081053432831752,1.4,1,0,-0.04044987223411478,0,0.0033506239247318216
B0054,47,115,4.0,0.9526027840900876,47.63013920450438,4.183666770470569,3.5903376638184414,2.198239401427243,3.0794678744671966,0.47038250391065417,1.9091240247400683,5.442342429736949,24.172566338551658,14.103323081309012,18.730223908814708,2474.344,4.01785139756634,1.4,1,0,0.00261565004645814,0,0.004251462075113177
B0054,48,117,4.0,0.8850175175465715,44.250875877328575,4.070971749243454,3.599123451727323,2.1796805503092664,3.0669938746662084,0.42481869951423595,1.8522246939753906,5.47822256069228,23.99040081449467,14.073408640034845,18.51217825380239,2349.64,3.668039677209457,1.4,1,0,-0.06758526654351604,0,-0.022525078473019787
B0054,49,121,4.0,0.9937402750241768,49.687013751208845,4.166645706761701,3.5833889964753713,2.1687268442761383,3.092460830981556,0.4489764628038364,1.9078841823975716,5.408422142688242,23.497913584081875,14.081056672524559,18.089491441393633,2560.688,4.172906466516606,1.4,1,0,0.10872275747760529,1,0.0020817497453946344
B0054,50,123,4.0,0.995507330519279,49.775366525963946,4.182736373587939,3.620565658894733,2.191725388766709,3.109872659544261,0.45670636505505685,1.8886275942243516,5.991148211664694,22.413638355604547,13.882912785076055,16.422490143939854,2522.375,4.08226803442138,1.4,1,0,0.0017670554951021433,0,0.0010140648483069504
B0054,51,125,4.0,0.975407870968116,48.7703935484058,4.183619389994964,3.5830458462229595,2.16190489413124,3.0916929425969144,0.462710674002482,1.9132216217910722,5.732819885900644,23.276288269463745,13.976909425974554,17.543468383563102,2488.719,4.067609866258581,1.4,1,0,-0.02009945955116299,0,0.005084147384897308
B0054,52,127,4.0,0.965960558373922,48.2980279186961,4.18340061507743,3.599208781202452,2.1867699716569766,3.092077800709679,0.46508897870418126,1.903346510749379,5.802609023266695,23.166415774259068,14.001484389915577,17.363806750992374,2474.844,4.020111744849451,1.4,1,0,-0.009447312594193957,0,0.002671554856766889
B0054,53,129,4.0,0.9573702621688754,47.86851310844377,4.183750141327261,3.5939436229260187,2.198752976514828,3.0868228519569625,0.4660845858344752,1.9027929815963607,5.707079898235714,23.915519230311656,14.09360506240207,18.20843933207594,2473.875,4.01046971926921,1.4,1,0,-0.008590296205046588,0,0.01447054892446078
B0054,54,133,4.0,0.9294756591964932,46.47378295982466,4.167192484254595,3.604495791953517,2.166553275090901,3.072604933827402,0.4741459661854555,1.8852058718255222,4.93538168742523,24.7714915843067,14.300275862318225,19.836109896881467,2495.5,3.981468798128983,1.4,1,0,-0.02789460297238222,0,-0.012852923165536722
B0054,55,135,4.0,0.9323553879823946,46.61776939911973,4.182878197721284,3.609295769234971,2.1974146026719614,3.076772656394079,0.4860560260720249,1.8841881744826403,4.718583655127741,24.68396453173386,14.124062472619883,19.96538087660612,2481.078,3.9612157335132094,1.4,1,0,0.00287972878590137,0,-0.012630388507376878
B0054,56,137,4.0,0.954568378404969,47.72841892024845,4.182465009412686,3.731237635784759,2.1984537160355733,3.2911829197288838,0.4002402595850726,1.6061501128404339,6.318974814008205,19.020363167421827,12.64526098166937,12.701388353413623,2460.125,3.492977566388274,1.4,1,0,0.022212990422574408,1,-0.004167898512629398
B0054,57,139,4.0,0.9330242104372937,46.651210521864684,4.186729661376772,3.568447172304276,2.1699490089903373,3.0675140530182183,0.4700539863741289,1.9185750523816054,5.717180727157979,24.13873479197664,14.223331638985794,18.421554064818658,2440.547,3.970743977318475,1.4,1,0,-0.02154416796767533,0,-0.006587269587325672
B0054,58,141,4.0,0.923294184000959,46.16470920004795,4.183427098166605,3.601674483732853,2.176887912375456,3.0671371599201427,0.49036668855060744,1.8905120523683234,4.767367842400962,24.815641221382517,14.139185148296136,20.048273378981555,2449.922,3.914868102939204,1.4,1,0,-0.009730026436334693,0,-0.006815215633583294
B0054,59,145,4.0,0.9257799164262976,46.288995821314884,4.16667641927081,3.6013725748552043,2.1883883016985664,3.078813614886158,0.4637428478184985,1.8976415345909172,5.95152652801808,23.24485824164149,14.087390371698557,17.29333171362341,2408.781,3.8829917019988582,1.4,1,0,0.0024857324253386714,0,-0.0007391485540391152
B0054,60,147,4.0,0.9162765793280084,45.81382896640042,4.183983310193603,3.600325671157858,2.170115376243027,3.066888936059056,0.4881657891077164,1.8894343368968853,4.512821345911608,24.863734259210677,14.202958247128624,20.35091291329907,2442.547,3.900393207484649,1.4,1,0,-0.00950333709828921,0,-0.0032157617308772313
B0054,61,149,4.0,0.9387011679112469,46.93505839556234,4.182835938505163,3.730775144646232,2.1966197167856167,3.2822748078833337,0.40605393003704404,1.611694962167668,6.386136733118297,19.187532398616906,12.672879944135305,12.801395665498609,2420.671,3.4405087832896357,1.4,1,0,0.02242458858323848,1,-0.0031734420987444166
B0054,62,151,4.0,0.9158990586877171,45.794952934385854,4.186674830466746,3.570580570193356,2.1844861596911245,3.06323475400009,0.47181425339507915,1.915975846751273,5.7601794341551535,24.608575630578702,14.267116889972154,18.84839619642355,2409.906,3.909844710133972,1.4,1,0,-0.022802109223529765,0,-0.0034250303499153032
B0054,63,153,4.0,0.9202608990433788,46.01304495216894,4.182782183216822,3.747227108590794,2.1969048206503072,3.3294345220814243,0.3841743553084177,1.531078380606631,5.582133310646482,18.813867999485474,12.173995572424568,13.231734688838992,2416.672,3.293659659325394,1.4,1,0,0.0043618403556616725,0,-0.0006066569915160302
B0054,64,157,4.0,0.9111253917360889,45.55626958680444,4.175637695046033,3.5592188738365436,2.189593119391126,3.059197039764698,0.462904931901908,1.9239678603051142,5.848905637040475,23.949250535387122,14.240824503948055,18.10034489834665,2395.75,3.90168268329117,1.4,1,0,-0.009135507307289958,0,-0.002930904938041756
B0054,65,159,4.0,0.8980507043695345,44.90253521847672,4.183432164471636,3.5944359115245113,2.1801159908061365,3.0606951230963726,0.4882595020990805,1.8954720655139328,4.531652125286138,24.821471701624326,14.275292993104369,20.28981957633819,2410.688,3.856933183438168,1.4,1,0,-0.013074687366554372,0,-0.0036451749916947885
B0054,66,161,4.0,0.9278864624016372,46.39432312008186,4.182464884390648,3.7402867347189783,2.1883204645817864,3.3096645129465334,0.3910091017942073,1.5628771814551712,6.69840485011458,18.578117414146718,12.319879487331049,11.879712564032138,2402.125,3.327176595707342,1.4,1,0,0.0298357580321027,1,-0.0021629411019219447
B0054,67,163,4.0,0.9118415396987224,45.59207698493612,4.187190771734197,3.574336546821169,2.176027126654838,3.068838395977353,0.4678032510174497,1.9221234338631747,6.022446604287029,22.523812738647745,14.017340985088923,16.501366134360715,2355.265,3.8433574444360126,1.4,1,0,-0.0160449227029148,0,-0.0008115037977989515
B0054,68,165,4.0,0.8936491649329469,44.68245824664734,4.184124653963867,3.5972621632918718,2.192431157609426,3.0642577232510537,0.47844243532923353,1.893753475079801,5.483998805799034,24.885270958035292,14.309673058312116,19.40127215223626,2396.719,3.836212273219471,1.4,1,0,-0.01819237476577551,0,-0.005322346822086388
B0054,69,169,4.0,0.9100864492604255,45.504322463021275,4.139578786540415,3.6099564586374178,2.165885100454371,3.05089172896046,0.4671935859704066,1.8756925097491361,5.301699772106462,24.49535100296176,14.20580721645281,19.193651230855295,2442.344,3.8458781379247324,1.4,1,0,0.016437284327478596,1,-0.00020778849513267695
B0054,70,173,4.0,0.9114904731460941,45.5745236573047,4.166728136250499,3.603869142590208,2.1973597496316057,3.0723870805326334,0.46253078991512925,1.8855006121204965,5.651935504910369,24.79248513927076,14.343325580342825,19.14054963436039,2444.703,3.903607830341881,1.4,1,0,0.001404023885668626,0,0.0026879537553119227
B0054,71,175,4.0,0.9337172811638196,46.68586405819098,4.182556356872751,3.7340210124268487,2.1972629267290893,3.292510597456584,0.40276410051128936,1.5892865093489725,6.59738306521422,19.418861776320842,12.52113276136492,12.821478711106622,2412.25,3.388650710463093,1.4,1,0,0.022226808017725475,1,0.0011661637524364777
B0054,72,177,4.0,0.8981517756068776,44.90758878034388,4.18680349899093,3.5740958721835296,2.198752877987022,3.0615420925064947,0.47024558166972374,1.9122698448277065,5.6482188713412365,24.843161021240146,14.320010513448283,19.19494214989891,2403.234,3.888675659133278,1.4,1,0,-0.035565505556941934,0,-0.0027379528183689495
B0054,73,179,4.0,0.9139367135371254,45.69683567685627,4.184455817920845,3.6540743632247685,2.198603650230703,3.104814009888728,0.4701474993480748,1.8597985539148076,6.280754106924835,22.81807409211731,13.817833063271001,16.537319985192475,2361.047,3.747353767033352,1.4,1,0,0.01578493793024771,1,0.004057509720835695
B0054,74,181,4.0,0.8764848617154279,43.8242430857714,4.184079696303244,3.5958542357764203,2.1805571893421827,3.0591573873230504,0.4854988348932182,1.89140048264604,5.217782787981243,24.58129890321389,14.23049295284562,19.36351611523265,2392.468,3.8177596995044207,1.4,1,0,-0.03745185182169741,0,-0.006720317508999507
B0054,75,185,4.0,0.8854917958581964,44.27458979290982,4.166279880071051,3.5799847478683846,2.174201624293327,3.0574972660409525,0.46961639058169885,1.9002676588320566,5.889172082910019,24.654627092855215,14.343710795679344,18.765455009945196,2373.89,3.8083493170303764,1.4,1,0,0.00900693414276843,1,-0.005199735457579546
B0054,76,187,4.0,0.8819074622846708,44.09537311423354,4.183737744816785,3.592941238531235,2.1705705059131044,3.0567448490556264,0.4927494868838382,1.890264884888235,4.3491996290214985,24.667711168999986,14.146643227132303,20.318511539978488,2383.234,3.797671209641514,1.4,1,0,-0.003584333573525611,0,-0.010361963775829763
B0054,77,189,4.0,0.9045809105944795,45.229045529723976,4.18293565751089,3.6972451696334554,2.196118065671102,3.151370552126675,0.462979187610989,1.7846369215171307,6.348441643412096,21.67226159753115,13.55224741011707,15.323819954119054,2342.453,3.59196705875795,1.4,1,0,0.022673448309808775,1,0.0012858269975203785
B0054,78,191,4.0,0.8734606349455996,43.67303174727998,4.18457456922587,3.586971270266491,2.184361072149743,3.0561639338398625,0.48433359091392664,1.898624220141883,5.249499157393519,24.961444132266895,14.28080189135689,19.711944974873376,2359.296,3.77896368658074,1.4,1,0,-0.03112027564887998,0,-0.00809521571830516
B0054,79,193,4.0,0.903131190986828,45.1565595493414,4.1835244239011375,3.7218249239754697,2.1930074246895095,3.236611432340167,0.43174487105282466,1.659181672032401,6.471624054328617,19.86209455847644,12.92628985289928,13.390470504147821,2345.453,3.3959565315584097,1.4,1,0,0.02967055604122848,1,0.005329265854280019
B0054,80,197,4.0,0.8712217754060124,43.56108877030062,4.171655610415284,3.5704814962444935,2.1685391483011838,3.0377786371686537,0.4893674108485851,1.9081546173118866,4.062685213629907,24.813991518744384,14.22945813956484,20.751306305114475,2360.172,3.7797924622526424,1.4,1,0,-0.031909415580815614,0,-0.0028540040904367903
B0054,81,199,4.0,0.8936499043476617,44.682495217383085,4.183480212813237,3.647930352892422,2.1987726546793334,3.096631349811912,0.4703928655728548,1.864229490854507,6.3492044227029645,22.3422759308799,13.889055949262897,15.993071508176936,2315.407,3.6765905040592948,1.4,1,0,0.02242812894164925,1,0.002348488412598182
B0054,82,201,4.0,0.8835064014687892,44.17532007343946,4.183649118386083,3.577974405832368,2.1680465237840907,3.0611426143701355,0.47515270120038505,1.906378206279869,5.955778945436106,23.389616432610406,14.09831645395676,17.4338374871743,2322.156,3.7455495586381313,1.4,1,0,-0.010143502878872446,0,-0.004214901825138062
B0054,83,203,4.0,0.8779403705367915,43.897018526839574,4.183468521205082,3.571856488554299,2.1849035687167166,3.0558445282698004,0.47788326856376434,1.906253816518962,5.825968835441327,24.437246414395887,14.205610727972747,18.61127757895456,2327.1570000000065,3.746554098847544,1.4,1,0,-0.005566030931997701,0,0.0008959471182383938
B0054,84,205,4.0,0.8599389109365094,42.99694554682547,4.1836327331469265,3.586265100762706,2.1788266272471644,3.0499483326806858,0.49287439499625163,1.895731780561238,4.985875777467166,24.617323081703876,14.19998846070805,19.63144730423671,2335.0,3.7265008290363726,1.4,1,0,-0.0180014596002821,0,-0.008638456010063722
B0054,85,209,4.0,0.8697358119609565,43.486790598047826,4.165207327973796,3.5856337729822356,2.173598497548058,3.0516041952252326,0.4735375693901364,1.8948160572027428,5.93283075166379,24.271941214408503,14.288204303284642,18.339110462744713,2329.375,3.718600269093949,1.4,1,0,0.00979690102444708,1,-0.0002971926890111831
B0054,86,211,4.0,0.8638271814812677,43.191359074063385,4.183812225950738,3.5846593245343237,2.171024131749843,3.0472454916360254,0.4969887318640774,1.895107209660374,4.717320820720208,24.804728027574093,14.208858242752529,20.087407206853886,2333.875,3.7196169594982873,1.4,1,0,-0.0059086304796888145,0,-0.005964544573278796
B0054,87,213,4.0,0.8865694537789144,44.328472688945716,4.183143233797935,3.7213423286481437,2.193241046616703,3.231306720712414,0.436782712135734,1.6588493905957211,6.440562810414375,19.87934804833635,12.936183613815922,13.438785237921977,2317.453,3.3488126867695422,1.4,1,0,0.022742272297646693,1,0.0006126104620250317
B0054,88,215,4.0,0.8690078572313327,43.450392861566634,4.185938542114043,3.5691618893685497,2.1928820402300686,3.0561992011444175,0.47136584970940465,1.914295735191982,6.077473970046565,23.51552492010551,14.084182887600768,17.438050950058944,2295.109,3.7147759493691046,1.4,1,0,-0.017561596547581715,0,-0.001786502661091771
B0054,89,217,4.0,0.8474446088377652,42.372230441888256,4.18432308250829,3.5896545419417905,2.1802092140590776,3.049101236395701,0.4885585785121676,1.891234957507829,5.302928909816632,24.913142338885027,14.275903069670573,19.610213429068395,2326.657,3.7031512326646094,1.4,1,0,-0.02156324839356749,0,-0.0024988604197488497
B0054,90,221,4.0,0.8799727721580702,43.99863860790351,4.118257681600565,3.622388567537655,2.1788337133933458,3.0592618954233486,0.4339539347562813,1.839921082247695,5.3201153230195395,23.80380834532953,14.30665353308513,18.48369302230999,2479.297,3.8313278426070494,1.4,1,0,0.03252816332030506,1,0.002047392039422746
B0054,91,225,4.0,0.9110444582768508,45.55222291384254,4.164907528561344,3.6061601986090075,2.1830841723157457,3.070487564105729,0.45276173010866033,1.8791985184788427,5.948743587882282,23.08245417914552,13.97058204189835,17.133710591263238,2463.578,3.9194270702757117,1.4,1,0,0.031071686118780528,1,0.009443455359116615
B0054,92,227,4.0,0.9121724293355059,45.6086214667753,4.182445897550156,3.624827834180362,2.1910520386239125,3.067048133380307,0.4900855100659872,1.8583263868517852,5.883619012596847,23.778234573688007,13.799155081842601,17.89461556109116,2458.812,3.851728310222179,1.4,1,0,0.0011279710586551417,0,0.005120595111318305
B0054,93,229,4.0,0.8872043975884799,44.360219879423994,4.182037753211733,3.611957779374174,2.199607761547385,3.0722065010406205,0.47093489252758597,1.8751411971726242,6.009128924685555,23.05943482945761,13.85337076803369,17.050305904772056,2400.672,3.8105723148523305,1.4,1,0,-0.024968031747025998,0,0.003639308071429448
B0054,94,231,4.0,0.8961236767959215,44.80618383979608,4.183709805636206,3.6821153973266454,2.1991241347308157,3.117253230362332,0.4724066406561051,1.8007394278053837,6.458699847661158,22.244929264861582,13.514874679422098,15.786229417200424,2396.407,3.67358782649421,1.4,1,0,0.008919279207441622,1,0.009735813591631271
B0054,95,233,4.0,0.8851334001128452,44.25667000564226,4.18305579589887,3.622585387975711,2.1873002342387666,3.0560602390351073,0.5011024201844595,1.8630775262224644,5.232327753165126,23.801178997375885,13.789537640473576,18.56885124421076,2392.375,3.745355402779714,1.4,1,0,-0.010990276683076283,0,0.001032125590955002
B0054,96,237,4.0,0.8793386645436118,43.96693322718059,4.163728336225333,3.7230509703330195,2.1979569345819563,3.2276996110787217,0.4396943603814866,1.6262309803207142,6.632922734806847,20.129283300775896,12.632160467633849,13.496360565969049,2373.687,3.344905734200065,1.4,1,0,-0.005794735569233489,0,-0.006341158746647801
B0054,97,239,4.0,0.8461224238450626,42.30612119225313,4.1857725238225205,3.6137343927189414,2.1932450152273764,3.0511101255752124,0.48755394266615054,1.8732689450855993,5.3511176664124545,24.104183465359974,14.133236180004296,18.753065798947517,2385.922,3.7550697497999455,1.4,1,0,-0.033216240698549115,0,-0.013210001098088653
B0054,98,241,4.0,0.8705933152969343,43.52966576484671,4.183962354946822,3.6823755169971095,2.188819744044954,3.110131898177326,0.476259262453485,1.8048797617601653,6.375873645297861,21.124822433154822,13.44514404240349,14.74894878785696,2345.0,3.5967301519330475,1.4,1,0,0.024470891451871646,1,-0.003322216458309124
B0054,99,243,4.0,0.8440520909609104,42.20260454804552,4.183748382269399,3.6234900675004633,2.1933054601044173,3.048474354226641,0.5031060057619775,1.8598794839735198,4.453452329059047,24.038373358435607,13.90645728525564,19.58492102937656,2363.047000000006,3.6833519393353575,1.4,1,0,-0.026541224336023905,0,-0.010414317167002229
B0054,100,245,4.0,0.8536244678403578,42.68122339201789,4.183059531782334,3.6391469911278893,2.1984194356911515,3.0720502151516498,0.4808645782124874,1.8567500633735283,6.17575332412204,22.333795391644557,13.600457924373249,16.158042067522516,2316.687,3.6330654056006724,1.4,1,0,0.009572376879447453,1,-0.006301786454497482
B0054,101,249,4.0,0.8524519337958137,42.62259668979069,4.1644316648374,3.659222056669187,2.197124548478272,3.0780861695186963,0.47440715231793323,1.833326657916153,6.253290373532171,21.7292466341309,13.622342114819537,15.475956260598728,2322.0,3.5916258759643354,1.4,1,0,-0.0011725340445440935,0,-0.005377346149559603
B0054,102,251,4.0,0.8373919001793014,41.86959500896507,4.183536913886723,3.617982930609686,2.1601370672426743,3.047978400472379,0.49928134593095347,1.8581997718360517,5.103571054269733,24.067733333922256,14.071709155413798,18.964162279652523,2357.687,3.672636127945664,1.4,1,0,-0.015060033616512314,0,-0.0017461047331522428
B0054,103,253,4.0,0.0,0.0,4.1824770749578155,3.83839582745546,3.83839582745546,4.067670722536387,0.16212189172478908,0.6715559054131551,6.383481120383388,6.383481120383388,6.019953177795341,0.0,23.0,0.014659872976607608,1.4,1,0,-0.8373919001793014,0,-0.17411866305938686
B0055,1,1,4.0,0.7989997927037011,39.949989635185055,3.843735024444539,3.6164716758464652,2.4930794984834495,3.2439361669782594,0.31006204681007715,1.1719845140949632,5.905007114660983,18.02446981350722,11.879033293126687,12.119462698846238,2660.313,2.5703639452986398,1.4,1,0,0.0,0,0.08174649218132371
B0055,2,5,4.0,1.319892156462878,65.99460782314391,4.174020568347548,3.71009339070763,2.480538609588174,3.2904290284649416,0.2592893436660148,1.7488135690152746,4.947298679153754,16.633080095446793,12.415262417855027,11.68578141629304,2826.0,4.4321912961632,1.4,1,0,0.5208923637591769,1,0.08174649218132371
B0055,3,7,4.0,1.2769832801132017,63.849164005660086,4.1994512899066025,3.7209480219544644,2.48985034932468,3.326231366449631,0.28002443264293997,1.7062192795030635,5.997529564281996,18.02222405324747,12.360226804144617,12.024694488965473,2818.578,4.347319508279746,1.4,1,0,-0.04290887634967633,0,0.08174649218132371
B0055,4,9,4.0,1.2572591312230865,62.86295656115433,4.201354950378872,3.7236835216260182,2.485404008194569,3.3385354077080747,0.26908773721968293,1.7298251369595599,5.026960406334869,16.276920867509258,12.182802262813878,11.249960461174389,2713.812,4.2740779747527755,1.4,1,0,-0.0197241488901152,0,0.08174649218132371
B0055,5,11,4.0,1.206763751299412,60.3381875649706,4.2022865042877005,3.737444761740488,2.484071154442301,3.3690503311576365,0.28516051594543473,1.6306268891010312,5.865948272472199,17.386184005164274,11.995175259559732,11.520235732692075,2786.578,4.138423512625685,1.4,1,0,-0.05049537992367448,0,0.08174649218132371
B0055,6,13,4.0,1.2077322536103197,60.38661268051598,4.202804398571556,3.7316703126697615,2.4813880969343156,3.3596802370189534,0.2766148524483865,1.6935068390218857,5.190771825672599,16.287370504806514,12.015852590858461,11.096598679133916,2667.89,4.131180842697662,1.4,1,0,0.0009685023109076152,0,0.08174649218132371
B0055,7,17,4.0,1.2009614290093835,60.04807145046917,4.194634826000848,3.7179571437047905,2.4857750442530606,3.331138062731705,0.2789538452329988,1.7971146812994743,4.583842371477875,18.765407738610975,12.310516344609582,14.1815653671331,2530.172,4.15578631183342,1.4,1,0,-0.006770824600936143,0,-0.023786145490698907
B0055,8,19,4.0,1.189059086549973,59.45295432749865,4.203456278554985,3.7150209657834385,2.4898705968581996,3.335155652675837,0.2759717946696793,1.8221572371321053,5.053303205495654,17.743208793113464,12.203269426883178,12.68990558761781,2446.062,4.092674266220567,1.4,1,0,-0.011902342459410464,0,-0.017584838712645733
B0055,9,21,4.0,1.169708782604433,58.48543913022165,4.203931038045003,3.7465041775631267,2.4863788962445756,3.3970397549525346,0.27689089799268646,1.6053690606567472,5.301590477162979,16.27240932778339,11.974188885781311,10.970818850620411,2713.25,3.9982811931973488,1.4,1,0,-0.01935030394554005,0,-0.017510069723730703
B0055,10,23,4.0,1.1483647194613424,57.41823597306712,4.204477051328936,3.74502948997558,2.484196378836121,3.3803008994123225,0.2952395555487733,1.6276018295925172,6.257585903032126,18.496064110315466,12.146032186206996,12.23847820728334,2676.578,3.9837568460092045,1.4,1,0,-0.021344063143090564,0,-0.011679806367613921
B0055,11,25,4.0,1.1527726060972296,57.63863030486148,4.204395922551529,3.7190095775363856,2.488899766066993,3.3446128760924214,0.2821336468763573,1.8077870574021455,5.2119884831744345,17.233592924973692,12.075029193191549,12.021604441799258,2394.734,3.9838268975983304,1.4,1,0,0.004407886635887204,0,-0.010991929502618004
B0055,12,29,4.0,1.1318370471727228,56.59185235863614,4.196508158151434,3.7509522670221798,2.4856427415338582,3.4016962939915634,0.28581393424656404,1.593669186406355,5.705410445510598,17.25233196126928,11.953480850146518,11.546921515758683,2673.0,3.9138345445816523,1.4,1,0,-0.020935558924506825,0,-0.01382487636733214
B0055,13,31,4.0,1.1326525803383347,56.63262901691674,4.2049198480597365,3.7430977704102526,2.4945204316368925,3.3777825070738476,0.29832157292476336,1.6458599813553114,4.902169412870768,18.84637103862602,12.091243346975185,13.944201625755253,2619.578,3.9536272294765555,1.4,1,0,0.0008155331656118925,0,-0.011281301242327669
B0055,14,33,4.0,1.1160565716574584,55.80282858287292,4.204749253288386,3.7545054337149106,2.489824423973652,3.411152214850695,0.28459247049218644,1.5846855208655988,5.753127682539503,16.69866695291335,11.84145066042513,10.945539270373846,2640.016,3.8547418592040725,1.4,1,0,-0.016596008680876295,0,-0.010730442189394918
B0055,15,35,4.0,1.0984641825068853,54.923209125344265,4.205529950993648,3.7550591484108122,2.4929609831648176,3.4062074380814424,0.2932874623225587,1.5877063395996862,5.968718586088171,17.281200338137296,11.855003538549179,11.312481752049125,2621.187,3.8279173326764986,1.4,1,0,-0.01759238915057315,0,-0.009980107390891436
B0055,16,37,4.0,1.0925694103096681,54.62847051548341,4.205627291462969,3.7551221000982276,2.4987737122938984,3.4006629565141497,0.3005709178029081,1.5865759855033685,6.123949353685871,17.87487048558903,11.91733362745109,11.75092113190316,2616.453,3.8187182362597105,1.4,1,0,-0.005894772197217124,0,-0.0120406391575123
B0055,17,41,4.0,1.109167680712031,55.45838403560155,4.197933604847559,3.742778642330264,2.4960528571959832,3.3734363664560836,0.3051603191253107,1.6558941163184238,4.49280427247954,18.56561933924195,12.135031767584422,14.072815066762413,2565.109,3.895998462165627,1.4,1,0,0.016598270402362836,1,-0.004533873292138368
B0055,18,43,4.0,1.1075035028905713,55.37517514452857,4.205390438967899,3.741540777199886,2.4950345179419164,3.3751298920141575,0.3048773010127602,1.6682911209073605,4.9201973970875486,18.731388722663795,12.085534035682384,13.811191325576246,2532.531,3.8830711399171665,1.4,1,0,-0.001664177821459667,0,-0.0050298154895526805
B0055,19,45,4.0,1.106751675424531,55.33758377122655,4.205435554958762,3.7433446685525826,2.4992030754220638,3.3799212171444224,0.3058354499267039,1.6518817234383687,5.243499809183194,18.85911132920102,12.035133443915594,13.615611520017826,2556.593,3.8788566639938513,1.4,1,0,-0.0007518274660403002,0,-0.0018609792465854812
B0055,20,47,4.0,1.0726694124582825,53.633470622914125,4.183847655178161,3.755339263028505,2.4858947643408493,3.4131937901660443,0.2877877559560743,1.5634301408140314,5.726221729849384,16.474886676905992,11.694010522378292,10.748664947056607,2577.891,3.7112257730608964,1.4,1,0,-0.0340822629662485,0,-0.005158954009720551
B0055,21,49,4.0,1.0776844021506693,53.884220107533466,4.205811869776469,3.751561584196035,2.4902199266036034,3.388212777111266,0.3139641851010035,1.6103136762013597,6.262210163600184,18.429839421941313,12.02595112446758,12.16762925834113,2572.36,3.8020418882649665,1.4,1,0,0.005014989692386784,1,-0.0029770016317997696
B0055,22,53,4.0,1.1981714734535907,59.90857367267953,4.185284066167707,3.7249924670471257,2.49591717391522,3.3833310240018224,0.2860347513001209,1.664445407718338,5.492060015387616,16.79121110894689,11.847288624466861,11.299151093559274,2697.75,4.139998585921283,1.4,1,0,0.12048707130292136,1,0.017800758548311934
B0055,23,57,4.0,1.1625381552680927,58.12690776340463,4.196690472475704,3.738813978917321,2.493901769830843,3.406033299298373,0.28547512039381645,1.6296813507068522,5.668092553976134,16.558207457541112,11.64238700767333,10.890114903564978,2683.406,4.044133207982191,1.4,1,0,-0.035633318185497975,0,0.011006930475504273
B0055,24,59,4.0,1.1556827465844224,57.78413732922112,4.205348595061986,3.736745975336742,2.4906658427202095,3.395122860818019,0.2963181438303511,1.6480884167587802,5.429660968759904,16.176716026227933,11.772012658338625,10.747055057468028,2646.156,4.029603048650856,1.4,1,0,-0.006855408683670294,0,0.009786214231978275
B0055,25,61,4.0,1.137444098422356,56.8722049211178,4.205552375701064,3.7294062002193997,2.491266216084571,3.3678744885149583,0.31575312601265604,1.6964118950115847,5.220369333730443,18.28920429337146,11.983454214473863,13.068834959641016,2593.531,4.042311941248551,1.4,1,0,-0.01823864816206644,0,0.012954937192814686
B0055,26,63,4.0,1.1126375352125493,55.63187676062746,4.2052142034116535,3.7397832803126723,2.4927607047506055,3.3809383898685605,0.3157708739311922,1.6478017519141384,4.2585757578873675,18.65863623047158,11.908597488676612,14.400060472584212,2604.125,3.945292265558892,1.4,1,0,-0.024806563209806676,0,0.006990626612375994
B0055,27,65,4.0,1.098656067845981,54.93280339229904,4.205763745942962,3.7508475807020796,2.4866262339494316,3.41469739374783,0.2963546781225514,1.6022477542765656,6.012193151140061,16.83473057053666,11.5894392622721,10.8225374193966,2588.594,3.83562841009643,1.4,1,0,-0.013981467366568356,0,-0.01990308112152195
B0055,28,69,4.0,1.0985302758884639,54.926513794423194,4.198995746839671,3.7492757386580213,2.495104294734825,3.41231159843661,0.2926237134351847,1.607233323009966,5.870935139797071,16.756789919207705,11.629714317449922,10.885854779410634,2579.203,3.8346031802707765,1.4,1,0,-0.00012579195751705186,0,-0.012801575875925763
B0055,29,71,4.0,1.1029370400968537,55.146852004842685,4.2061133400646735,3.746129955994115,2.4877631392866095,3.4043822939909396,0.29732321010378493,1.6277651791509262,5.731201872960767,16.24699765148442,11.647248561632294,10.515795778523653,2555.453,3.843514511158072,1.4,1,0,0.004406764208389813,0,-0.010549141297513743
B0055,30,73,4.0,1.0949644922735318,54.74822461367659,4.20656078786278,3.7356280473025407,2.4978675843051477,3.3673428364678033,0.32392118316465396,1.682630461395575,5.019667115044019,19.129984857149818,12.022205345514335,14.1103177421058,2525.609,3.9022226763246946,1.4,1,0,-0.007972547823321907,0,-0.008495921229764836
B0055,31,75,4.0,1.0890679714830998,54.45339857415499,4.205789072356055,3.75008246384212,2.482550786926367,3.4104196380737455,0.29643227219872664,1.613005754826949,5.933226299085981,16.36765160927189,11.542224902228241,10.434425310185908,2536.172,3.7836295912660383,1.4,1,0,-0.005896520790432014,0,-0.0047139127458899035
B0055,32,77,4.0,1.073323391636053,53.66616958180265,4.2064686981546116,3.7462064308452967,2.498794021092515,3.387548379409374,0.3190447504179192,1.6303751193382057,5.454912537694528,18.15665009637772,11.825965633220362,12.701737558683192,2536.204,3.8045224481210203,1.4,1,0,-0.015744579847046802,0,-0.005066535241985593
B0055,33,81,4.0,1.095373856745309,54.768692837265455,4.198669269968087,3.7278991403354107,2.4986675609061084,3.3533445639000172,0.32766339384607546,1.718081160741313,5.435500372854777,18.80550760238104,12.03863906152037,13.370007229526266,2488.86,3.918163712634755,1.4,1,0,0.022050465109256123,1,-0.0006312838286309574
B0055,34,83,4.0,1.0639517466243125,53.19758733121562,4.205549436509086,3.7502733494843468,2.495967983888696,3.403128476363774,0.309330899369744,1.615055953209512,6.196484124316794,17.559578387097904,11.59317451081218,11.363094262781111,2518.547,3.753072510295575,1.4,1,0,-0.031422110120996605,0,-0.007797058694508241
B0055,35,85,4.0,1.085798072407703,54.28990362038515,4.206680085108051,3.7363657086620523,2.494521891499824,3.3737196134296283,0.3201980160449753,1.6807757006732602,5.53725249055581,17.467083355342886,11.87359860158602,11.929830864787077,2485.766,3.8445565186911628,1.4,1,0,0.02184632578339052,1,-0.0018332839731657557
B0055,36,87,4.0,1.0588748965507557,52.943744827537785,4.206242808359698,3.7453820733510983,2.4940939052144744,3.382746702873388,0.3246071198592737,1.6383995483489846,5.376056322475542,18.49462899513655,11.809310238880515,13.11857267266101,2506.718,3.7758780442477606,1.4,1,0,-0.026923175856947257,0,-0.0060386149864688045
B0055,37,89,4.0,1.0813260035191288,54.06630017595644,4.2065015265299825,3.732520469606878,2.488192777263103,3.3641919383896957,0.32616924640088885,1.7019822832268836,5.491386768106055,17.91164881741511,11.933034010302555,12.420262049309056,2459.297,3.8451767576860267,1.4,1,0,0.022451106968373047,1,0.0016005223766151655
B0055,38,93,4.0,1.061601862588323,53.08009312941615,4.198066617715753,3.750352553304645,2.4835904274919676,3.408219619852174,0.3013905532403462,1.6139072062978002,5.974124649108987,16.71929796179109,11.53732922797716,10.745173312682102,2488.734,3.713887560319968,1.4,1,0,-0.019724140930805767,0,-0.006754398831397212
B0055,39,95,4.0,1.0593920670581127,52.96960335290564,4.2069940867465805,3.740515051568999,2.494836964233761,3.3720438606583496,0.3304645102510814,1.6587557833005986,4.43625611034065,18.743872075423457,11.942237573488166,14.307615965082807,2491.375,3.79281466950421,1.4,1,0,-0.002209795530210279,0,-0.0009119359132399474
B0055,40,97,4.0,1.0742513141424725,53.71256570712363,4.206185443933068,3.7446122654969947,2.495294559262084,3.3954495279595993,0.30722686554591916,1.6450974980746031,5.793714360247393,16.07532193134441,11.654440484569944,10.281607571097016,2467.328,3.747361695148885,1.4,1,0,0.014859247084359817,1,-0.002309351653046088
B0055,41,99,4.0,1.0405614734131499,52.02807367065749,4.206494698836393,3.747744687945852,2.493930027919102,3.3886471333647554,0.3232128003672389,1.6343519441912346,6.251113028855723,18.1055360480279,11.722702041818202,11.854423019172177,2466.125,3.7079528908516206,1.4,1,0,-0.033689840729322684,0,-0.0036626846275211733
B0055,42,101,4.0,1.0575656535324895,52.87828267662448,4.204033878983125,3.735053403239269,2.4968794236107965,3.356819503345258,0.3378602090850083,1.6871439071634025,5.116748649373631,19.22539590220654,12.13910591187991,14.10864725283291,2459.3129999999946,3.798465381355542,1.4,1,0,0.017004180119339685,1,-0.004752069997327846
B0055,43,105,4.0,1.0983528970914622,54.91764485457311,4.186445589660851,3.7320369979208796,2.4980844986118784,3.38173030037378,0.312900079069697,1.6535866642526924,6.0115122194835315,17.79698901775945,11.725785170275977,11.78547679827592,2559.125,3.8988182004303904,1.4,1,0,0.040787243558972675,1,0.007350206900627843
B0055,44,109,4.0,1.109758993739737,55.48794968698685,4.198373311038654,3.7174427929055787,2.497690135885909,3.332585578324588,0.3449380384430549,1.7469676237344718,5.0168057145921106,19.90310164984231,12.14093273670559,14.8862959352502,2534.156,4.041985308169421,1.4,1,0,0.011406096648274744,1,0.010073385336324847
B0055,45,111,4.0,1.0793315779206873,53.96657889603437,4.205080712587294,3.748633249835116,2.495812780943487,3.415794800601349,0.29835378669631357,1.61025709774608,6.003174490550036,16.28428434167548,11.32244979928203,10.281109851125445,2521.985,3.7662466021971572,1.4,1,0,-0.03042741581904962,0,0.00101605275564296
B0055,46,113,4.0,1.0716159094756148,53.58079547378074,4.207061766566151,3.733662268742405,2.497968365806555,3.364395338116308,0.33561928279399733,1.6798498755376314,4.366396831280806,18.858200111612096,11.899725740614363,14.49180328033129,2503.172,3.8580139460951908,1.4,1,0,-0.007715668445072543,0,0.0062108872124929885
B0055,47,115,4.0,1.0746464211019797,53.732321055098986,4.206586679847002,3.730277144475772,2.4948503148658077,3.3556150350421454,0.3387484913336178,1.7032532942405565,5.206133332056047,19.26539604228336,11.9698483506891,14.059262710227312,2474.344,3.8634322264862324,1.4,1,0,0.003030511626364918,0,0.0034161535138980347
B0055,48,117,4.0,1.08643683065179,54.3218415325895,4.136062355148983,3.6799628805301547,2.497025585392751,3.2813552523710348,0.33058711653487755,1.858359505729196,5.259112558612603,19.91574517945343,11.944879920447905,14.656632620840828,2349.64,3.9577891531489744,1.4,1,0,0.011790409549810255,1,-0.002383213287934449
B0055,49,121,4.0,1.1340138347387958,56.70069173693979,4.194893964041484,3.713770899873473,2.497531566741249,3.3340325216514985,0.34110837020703416,1.7577798176415822,5.216087256419887,19.74476118019262,12.028925123088165,14.528673923772732,2560.688,4.113816789497199,1.4,1,0,0.047577004087005825,1,0.004850968199811767
B0055,50,123,4.0,1.1176964717951587,55.884823589757936,4.205199298124983,3.722342827888858,2.4925446639956585,3.355658576925396,0.33208609115409526,1.7279153947259758,5.745688285866267,18.239458117812696,11.71503135296823,12.493769831946429,2522.375,4.001545089701749,1.4,1,0,-0.01631736294363706,0,0.007672978774894279
B0055,51,125,4.0,1.1046468529644289,55.23234264822145,4.205853256210238,3.722896737283877,2.497355535023157,3.353357049023896,0.3344219087730131,1.7321377432385154,5.507329315542777,19.14324542302631,11.810607676487715,13.635916107483535,2488.719,3.9575804325470028,1.4,1,0,-0.013049618830729859,0,0.006606188697762816
B0055,52,127,4.0,1.089700148407426,54.4850074203713,4.205832053797409,3.725867004586875,2.4960054501777855,3.356165416087441,0.33417902098881413,1.7209431581851304,5.573561761773879,18.957146305546704,11.765625767571137,13.383584543772825,2474.844,3.9098522318820708,1.4,1,0,-0.014946704557002866,0,0.0030107454610892592
B0055,53,129,4.0,1.075533547538172,53.7766773769086,4.205960258814088,3.732463719375026,2.4945789390502733,3.3655236596965747,0.33151505432326267,1.6929286265052523,5.471875013474925,18.569611226697234,11.666664960009529,13.097736213222309,2473.875,3.8480353340590936,1.4,1,0,-0.014166600869254031,0,-0.002180656622723598
B0055,54,133,4.0,1.0609866776144368,53.04933388072184,4.1982654098780685,3.7359131301510393,2.497451626540361,3.3657531038090425,0.33496278072732794,1.667470802474189,4.7559665018276,18.389604150481873,11.708939176253061,13.633637648654272,2495.5,3.814242435155669,1.4,1,0,-0.014546869923735217,0,-0.014605431424871806
B0055,55,135,4.0,1.0518218041615568,52.59109020807784,4.2067134175295635,3.7437728293836763,2.494771530909891,3.3849405998756663,0.32738031168005555,1.6377837863063123,4.571869043248365,17.859841515218953,11.450092345609722,13.287972471970587,2481.078,3.7400996920339447,1.4,1,0,-0.009164873452879974,0,-0.01317493352672039
B0055,56,137,4.0,1.0553857898132757,52.76928949066379,4.206861671465562,3.7498312845009876,2.4850759949386982,3.410105370394735,0.30388528829775435,1.6145697108883421,6.07471040588154,15.816276936907297,11.131625464424475,9.741566531025757,2460.125,3.676581906056836,1.4,1,0,0.003563985651718893,0,-0.00985221263023064
B0055,57,139,4.0,1.0533102333691788,52.66551166845894,4.203250203022516,3.734765907722587,2.4972833794296387,3.3607031370514133,0.33811375555112344,1.6847978724387422,5.569532980827864,18.755426828419857,11.738832332367679,13.185893847591993,2440.547,3.76982643465632,1.4,1,0,-0.002075556444096849,0,-0.007277983007649436
B0055,58,141,4.0,1.0315365260084348,51.57682630042174,4.206868467936627,3.7490363085123053,2.4994934553850463,3.3928240190547645,0.32261825603171135,1.6204542802757558,4.554276682091248,17.253309886018204,11.33070420089266,12.699033203926955,2449.922,3.6597996699962403,1.4,1,0,-0.02177370736074402,0,-0.008799404305947434
B0055,59,145,4.0,1.0533401053259415,52.667005266297075,4.199652821200027,3.7249684632967113,2.496397324750552,3.3379943082200825,0.34608533508209605,1.7351396458982284,5.761378515013604,19.044660235871767,11.71743632355557,13.283281720858163,2408.781,3.818294043653029,1.4,1,0,0.02180357931750665,1,-0.0015293144576990602
B0055,60,147,4.0,1.0317876798810788,51.58938399405394,4.206354715936561,3.7453291844538517,2.4985913567786335,3.383748883671106,0.32886092701681163,1.6355576688310525,4.340189960269769,17.632782962314124,11.448023523006356,13.292593002044356,2442.547,3.6748858626586096,1.4,1,0,-0.02155242544486269,0,-0.004006824856095603
B0055,61,149,4.0,1.0354207912157296,51.77103956078648,4.207116858721508,3.7498059580332983,2.4793908002585576,3.4034852057714984,0.3096593358233388,1.620974313188319,6.143775309699732,15.652866929465386,11.113362092407373,9.509091619765654,2420.671,3.6261540939517625,1.4,1,0,0.0036331113346508292,0,-0.003992999719509216
B0055,62,151,4.0,1.0322251791310608,51.611258956553044,4.203805356740808,3.7328304776836068,2.495919101086891,3.3488479010139836,0.3479332431101262,1.6950892576703251,5.571328973227946,18.851175405607993,11.759912549960136,13.279846432380047,2409.906,3.7339641704889477,1.4,1,0,-0.0031956120846687863,0,-0.0042170108476236035
B0055,63,153,4.0,1.011543397303472,50.5771698651736,4.206451344410812,3.7526941025527925,2.487748902505861,3.400337322032958,0.31862769609022773,1.6078625205860506,5.3423116461179685,16.682382112943166,11.095152329208846,11.340070466825198,2416.672,3.5836273699403725,1.4,1,0,-0.02068178182758884,0,-0.003998625740992567
B0055,64,157,4.0,1.0413760568150228,52.06880284075114,4.199840856194157,3.725933922176269,2.496210707787105,3.3343052776040634,0.3511414396822035,1.7289526721268946,5.660378328396747,19.331265935552995,11.855416870953551,13.67088760715625,2395.75,3.779187817655842,1.4,1,0,0.029832659511550785,1,-0.00239280970218374
B0055,65,159,4.0,1.02174193386881,51.0870966934405,4.206271998925213,3.744326145088003,2.499306018937951,3.3786546268712,0.3319883749830057,1.6439318801931282,4.351576620593823,17.796486773673443,11.501464461877692,13.44491015307962,2410.688,3.6422058974323015,1.4,1,0,-0.019634122946212695,0,-0.0020091492024537417
B0055,66,161,4.0,1.0133135547969283,50.665677739846416,4.206927414011855,3.7562810072497483,2.4951311923995756,3.413323315609648,0.30527411734297094,1.5923357432991905,6.421511389697592,15.641866781260571,10.922543090852551,9.220355391562979,2402.125,3.538649438153552,1.4,1,0,-0.008428379071881764,0,-0.00442144728376026
B0055,67,163,4.0,1.0299942559626907,51.49971279813453,4.202275822485786,3.7267621762807184,2.498865224973231,3.3358445561886736,0.348423593489392,1.7320185900506073,5.84288321199093,18.475017780285615,11.679121657086682,12.632134568294685,2355.265,3.7258923297879303,1.4,1,0,0.01668070116576237,1,-0.0004461846336740294
B0055,68,165,4.0,1.0189349807814327,50.94674903907163,4.20659875616185,3.736757875133239,2.499842473941914,3.3537094650205534,0.3482557664764969,1.677792523551457,5.307125762559343,18.598567041058164,11.716719550648065,13.291441278498821,2396.719,3.6758990215732252,1.4,1,0,-0.011059275181257933,0,0.0014783166955921524
B0055,69,169,4.0,1.0290879520854017,51.454397604270085,4.18778132479275,3.736682574296416,2.4984245148092805,3.3664574186515495,0.33185971744202014,1.6532192403183805,5.072532868076609,17.70296113245331,11.332026451776493,12.630428264376702,2442.344,3.700107418518997,1.4,1,0,0.010152971303968972,1,-0.0024576209459242103
B0055,70,173,4.0,1.0567629241900045,52.83814620950022,4.19944321827157,3.7185038605438687,2.498165502515704,3.319131030823727,0.36092155043436136,1.7488341867856576,5.442704349708029,19.648490501323845,11.967823512320054,14.205786151615817,2444.703,3.885434834161687,1.4,1,0,0.02767497210460279,1,0.0070041980642388865
B0055,71,175,4.0,1.0291668536316647,51.45834268158323,4.205593767786481,3.7490070717425152,2.4838403700559373,3.4032103094968886,0.31189454471540395,1.620152795140591,6.3601489453581195,16.178060673787062,11.015449770252141,9.817911728428943,2412.25,3.6143770677688623,1.4,1,0,-0.02759607055833979,0,0.0031706597669472814
B0055,72,177,4.0,1.0321298444901021,51.606492224505104,4.202812973358059,3.7297157560014984,2.4989275943849365,3.343831990901096,0.35168109057043534,1.7041054364982948,5.4874434269864585,18.88644438182567,11.818028778074435,13.39900095483921,2403.234,3.740618325980142,1.4,1,0,0.002962990858437431,0,0.00042711770548229386
B0055,73,179,4.0,1.0409230283951276,52.046151419756384,4.206513407222774,3.735794443523662,2.497716849078165,3.3724641292622257,0.32443755558352716,1.6884305318552204,6.080629903097003,16.020151248713987,11.295282200562326,9.939521345616985,2361.047,3.672781453940541,1.4,1,0,0.008793183905025481,1,0.0043976095227389765
B0055,74,181,4.0,1.011161098766987,50.55805493834935,4.203597448523021,3.737893506379202,2.497475666164784,3.3553714698756965,0.3503080857134127,1.671545932602449,5.0497804571681195,18.292174814306744,11.589249198689654,13.242394357138625,2392.468,3.6566349119049706,1.4,1,0,-0.029761929628140615,0,-0.0035853706636829407
B0055,75,185,4.0,1.0337876112911784,51.68938056455892,4.19879054583806,3.723590672465849,2.499631738732727,3.3279855680794297,0.3546558711728678,1.7381782054168184,5.684780648332787,19.26049129848449,11.857143843844957,13.575710650151702,2373.89,3.759747458392334,1.4,1,0,0.022626512524191345,1,-0.00459506257976523
B0055,76,187,4.0,1.003994224020383,50.19971120101915,4.206474987547079,3.7459498164671454,2.4996111983697316,3.380340612404249,0.3339867619268136,1.6384403552628461,4.098023303253593,17.24384546974176,11.276289724634314,13.145822166488166,2383.234,3.592194645486105,1.4,1,0,-0.02979338727079539,0,-0.00503452592225635
B0055,77,189,4.0,1.0334195479955004,51.67097739977502,4.203545195639861,3.739834612306597,2.4972946109355068,3.3795059063602477,0.3204047117456141,1.6721195403304987,6.154562344474516,15.900824096276386,11.220787392479364,9.746261751801871,2342.453,3.61126842817138,1.4,1,0,0.029425323975117434,1,0.00025794070107965084
B0055,78,191,4.0,1.0098936564116459,50.49468282058229,4.203458601351602,3.7312785321521167,2.4950143445404667,3.3419486124359232,0.3539971938677014,1.7041382178740323,5.071936740792496,18.94850032004803,11.759447806620914,13.876563579255535,2359.296,3.6704101019077946,1.4,1,0,-0.02352589158385454,0,-0.006205874396696354
B0055,79,193,4.0,1.0126262447940628,50.63131223970314,4.206479388387375,3.7494515718501313,2.496127080556164,3.3994343538904057,0.31024375417536965,1.6295851445188236,6.25364067071202,14.95747625778177,10.988248985047367,8.70383558706975,2345.453,3.533727486516527,1.4,1,0,0.0027325883824169672,0,0.00029302920541516284
B0055,80,197,4.0,0.9948742055727694,49.74371027863847,4.200091561431062,3.7436444303923873,2.498292598142556,3.3674537565378784,0.34234339293011984,1.6516444669682322,3.8800548728711344,17.70459844093717,11.355681286808547,13.824543568066034,2360.172,3.5741609061114112,1.4,1,0,-0.017752039221293425,0,-0.007782681143681791
B0055,81,199,4.0,1.0240799556179332,51.20399778089666,4.20343820712217,3.730672066041112,2.4995493131113817,3.3529430513041807,0.3359645384072646,1.7175248163228947,6.148340867351155,16.746714545942115,11.443287391092776,10.59837367859096,2315.407,3.649314351953994,1.4,1,0,0.029205750045163792,1,0.004017146319510045
B0055,82,201,4.0,1.0208889510043027,51.04444755021513,4.203121026339225,3.718464862942216,2.4954991257797223,3.313138824967226,0.36208927224920723,1.7693654512971768,5.787016143586005,19.201273298790156,11.785825239943042,13.414257155204151,2322.156,3.7373013951015803,1.4,1,0,-0.0031910046136305326,0,-0.002506119398239548
B0055,83,203,4.0,1.016100815944114,50.805040797205706,4.206360725269558,3.7252069938427317,2.495394779769103,3.331207681083792,0.3549501292430389,1.7382904696127657,5.643999456662986,18.921215014535083,11.72640480534808,13.277215557872097,2327.1570000000065,3.6916244316140534,1.4,1,0,-0.004788135060188603,0,0.0012414319064936396
B0055,84,205,4.0,0.9987875345106277,49.93937672553139,4.206662505631524,3.7390178829978926,2.4987692806726884,3.361184494584018,0.34332207124289327,1.6760292511558845,4.756256149278372,17.83845317353606,11.472788708066494,13.082197024257688,2335.0,3.588875012246654,1.4,1,0,-0.017313281433486316,0,-0.002767742056687017
B0055,85,209,4.0,1.0158868294923784,50.79434147461892,4.198906004577256,3.7204140983427405,2.4984561833393784,3.317225424194071,0.35988995189383566,1.7580115720622176,5.698404620370843,19.413252469388496,11.802235485150675,13.714847849017653,2329.375,3.7263165673231726,1.4,1,0,0.017099294981750668,1,0.004202524783921802
B0055,86,211,4.0,0.9963437517762594,49.81718758881297,4.2063268655944,3.7416693433544013,2.495225392424711,3.367194898395345,0.3415747537618278,1.6638741345738308,4.512189814493232,17.555469742468727,11.363194027921853,13.043279927975494,2333.875,3.564265569329083,1.4,1,0,-0.01954307771611896,0,-0.005547240768334749
B0055,87,213,4.0,1.0053777381419529,50.268886907097645,4.207127040760322,3.7481332279402633,2.48261274521935,3.394889434849019,0.31582795427375754,1.6390575733339212,6.211606004685817,15.18160164516741,10.949818258159802,8.969995640481592,2317.453,3.5099342302443044,1.4,1,0,0.009033986365693414,1,-0.0031022425724699597
B0055,88,215,4.0,1.009132291002791,50.45661455013955,4.202163067210124,3.71827337764985,2.497894652809196,3.310050856120256,0.3625147700792263,1.774232820492686,5.940874439372288,19.119001932657707,11.706437723845246,13.17812749328542,2295.109,3.7022681382583627,1.4,1,0,0.003754552860838034,0,-0.0013937049882646324
B0055,89,217,4.0,0.9984581240784203,49.922906203921016,4.206373386837717,3.733926575644994,2.498867447840723,3.3458687278652697,0.3534179081372692,1.6963418255597829,5.136537248585617,18.259385299695204,11.583533228310797,13.122848051109587,2326.657,3.6079499601487712,1.4,1,0,-0.01067416692437062,0,-6.588208644149329e-05
B0055,90,221,4.0,1.0892389324114138,54.461946620570686,4.181574605333568,3.675752283255962,2.4949438751160398,3.2453384054657453,0.37487511114976213,1.8680281932471823,5.168854919273502,20.334330441428275,11.961499960858754,15.165475522154772,2479.297,4.156066069125488,1.4,1,0,0.09078080833299351,1,0.014670420583807076
B0055,91,225,4.0,1.0793936031703524,53.96968015851762,4.194441045655941,3.709867322289783,2.4992245281158842,3.3032859676964024,0.36402578259200197,1.7868645223058113,5.778759295022704,18.82433959610769,11.522596039987194,13.045580301084987,2463.578,3.9981099990562132,1.4,1,0,-0.009845329241061407,0,0.016609970278818588
B0055,92,227,4.0,1.032614295314224,51.630714765711204,4.204880578247997,3.7466827157365388,2.4924954873857694,3.3954172971180325,0.3261311793195783,1.614783935085291,5.64708673548478,16.215064274032724,10.721858182752005,10.567977538547943,2458.812,3.6660951799966317,1.4,1,0,-0.04677930785612827,0,0.005447311434454249
B0055,93,229,4.0,1.0498572649026638,52.492863245133194,4.202731277291391,3.718123915137381,2.495661665849974,3.319390417324327,0.36194522013923747,1.7601840557565047,5.843736618132186,18.624861324787787,11.4115438943797,12.7811247066556,2400.672,3.8488154229810445,1.4,1,0,0.017242969588439738,1,0.008144994779974591
B0055,94,231,4.0,1.0453902697248563,52.269513486242815,4.205754690488186,3.7404511833709013,2.4989003291461986,3.3844424778085065,0.3189401600956423,1.655204315586289,6.247749132704212,15.137573162785118,10.810513729948518,8.889824030080906,2396.407,3.660674723304287,1.4,1,0,-0.004466995177807576,0,0.009386429129287199
B0055,95,233,4.0,1.0001607736713514,50.00803868356757,4.207084563921945,3.7510583248826035,2.489889091081545,3.396001919549735,0.3269419999216195,1.6115800552119468,5.046343437369774,16.113386903826303,10.714176302518482,11.067043466456528,2392.375,3.559793731563681,1.4,1,0,-0.0452294960535049,0,-0.017815631748012484
B0055,96,237,4.0,1.0084094786878157,50.420473934390785,4.198111672339926,3.7537658848027093,2.4987682908191466,3.4091500642055776,0.30578531902155176,1.5966446290200507,6.404704590448832,14.510272258578619,10.478734086554464,8.105567668129787,2373.687,3.507782434234076,1.4,1,0,0.008248705016464353,1,-0.014196824896507332
B0055,97,239,4.0,1.003655158082039,50.18275790410195,4.203133911551857,3.7250123371093706,2.4975933279193185,3.318069571504016,0.37264595281522145,1.72476996736727,5.149777395390148,18.79688115527297,11.577446477629389,13.647103759882823,2385.922,3.7345845940383726,1.4,1,0,-0.004754320605776741,0,-0.005791827446437026
B0055,98,241,4.0,1.0285269676595319,51.42634838297659,4.206432255358412,3.7381069177412773,2.495932540383024,3.3705488423522825,0.3294357889931685,1.676248199187665,6.180586109765796,15.51511607516065,10.889278314878903,9.334529965394854,2345.0,3.6175914116431684,1.4,1,0,0.02487180957749291,1,-0.004266059448626391
B0055,99,243,4.0,0.9816844358987022,49.08422179493511,4.203481073295822,3.741678187831675,2.493973960448579,3.3580320611343826,0.35450646484053827,1.6566805530962165,4.230529685833689,17.410882869971065,11.125862267460422,13.180353184137376,2363.047000000006,3.5812675588629928,1.4,1,0,-0.04684253176082964,0,-0.012741166765230804
B0055,100,245,4.0,1.0127121434171131,50.63560717085566,4.20306302939134,3.726422245266804,2.4945849403498523,3.3305932142592156,0.3544660331951375,1.7367499742692303,6.030631603343591,17.541633082707207,11.180258248103398,11.511001479363618,2316.687,3.6724324798928616,1.4,1,0,0.031027707518410885,1,0.002510273949152353
B0055,101,249,4.0,1.0201379996149256,51.006899980746276,4.197674431245264,3.730793139053417,2.4970956728658367,3.345081227582777,0.3433097852247729,1.7133201833868559,6.114851213625412,16.68412644043965,11.102809730123198,10.569275226814236,2322.0,3.641179702892077,1.4,1,0,0.0074258561978124416,1,0.002345704185421971
B0055,102,251,4.0,0.9907591663373165,49.537958316865826,4.202802351530416,3.7344836346481136,2.496842059818817,3.3411218242164646,0.3621242309098048,1.6853937523601872,4.9486562512902355,18.127312484256297,11.412927585025809,13.178656232966063,2357.687,3.6243868552078875,1.4,1,0,-0.02937883327760904,0,-0.002579198348944489
B0056,1,1,4.0,0.7852781208785192,39.263906043925964,3.8387228819147694,3.6717836335035434,2.689656173110366,3.2954766160397124,0.33043605374045604,1.0829326313727061,6.293379384392066,15.737541036017063,9.97935642991351,9.444161651624999,2660.313,2.3697650324434174,1.4,1,0,0.0,0,0.09473429956493888
B0056,2,5,4.0,1.3443555553017368,67.21777776508684,4.14918086948454,3.709279874698766,2.6867752955314015,3.278114932402385,0.2406697098351623,1.7200332705428667,5.134434306769039,14.09017680302044,11.067443145348815,8.955742496251402,2826.0,4.327531125475614,1.4,1,0,0.5590774344232176,1,0.09473429956493888
B0056,3,7,4.0,1.317502710734752,65.87513553673759,4.17533419262966,3.718689185993857,2.698313212370538,3.3106158390566507,0.2580328389156521,1.690570414337499,6.309523595846732,14.9073664521439,10.889462468094056,8.597842856297168,2818.578,4.277017491509719,1.4,1,0,-0.02685284456698489,0,0.09473429956493888
B0056,4,9,4.0,1.2973654679476911,64.86827339738456,4.1774698147911185,3.7201697897770765,2.692589583576849,3.3172843725733268,0.24599775990392256,1.727002248037317,5.211287405874109,14.04619289990165,10.764459531712715,8.834905494027542,2713.812,4.234746460431265,1.4,1,0,-0.02013724278706075,0,0.09473429956493888
B0056,5,11,4.0,1.263960414854898,63.1980207427449,4.177333358996554,3.727981034535518,2.6980823652266586,3.344030455029123,0.26228994115736326,1.6420729843621669,6.178935155399547,14.458798502682042,10.655748964418308,8.279863347282495,2786.578,4.13481835649418,1.4,1,0,-0.03340505309279318,0,0.09473429956493888
B0056,6,13,4.0,1.2589496187032136,62.947480935160684,4.178105672730461,3.7256390989460724,2.699291592092144,3.336353669510842,0.24914499682715635,1.7048140651008785,5.39439129102979,13.79068771013097,10.604398240583924,8.39629641910118,2667.89,4.12908705733595,1.4,1,0,-0.005010796151684316,0,0.09473429956493888
B0056,7,17,4.0,1.2806197690202599,64.03098845101299,4.169282721218495,3.7103196082368792,2.6902918098264004,3.3009005971377725,0.24237182934522122,1.8248196518178388,4.426819588312324,14.881216824496482,10.747618198190096,10.454397236184157,2530.172,4.187866359674793,1.4,1,0,0.021670150317046222,1,-0.012747157256295383
B0056,8,19,4.0,1.2572786868607095,62.863934343035474,4.178499777464705,3.705172685695933,2.6937716432028966,3.3051103949821674,0.23928273106341477,1.8507815933338554,5.312147533516523,14.283153326557814,10.642275000961929,8.971005793041291,2446.062,4.125341977835322,1.4,1,0,-0.02334108215955033,0,-0.01204480477480847
B0056,9,21,4.0,1.2226260041048898,61.131300205244486,4.178690194193401,3.73296955580865,2.6912557599593363,3.367107139335169,0.2555736823307046,1.6314384323252609,5.6515867328868215,13.246258812265461,10.449432487805073,7.59467207937864,2713.25,4.030011013174772,1.4,1,0,-0.034652682755819786,0,-0.014947892768560279
B0056,10,23,4.0,1.2292772249257495,61.46386124628748,4.178597106977031,3.7309015653682067,2.6988155601873713,3.350670766767032,0.2635951982627007,1.6616566328751337,6.5762009323280814,14.784638313108044,10.535109718676143,8.208437380779962,2676.578,4.0374203179893415,1.4,1,0,0.006651220820859782,1,-0.006936637985829686
B0056,11,25,4.0,1.2275780135689456,61.37890067844728,4.179016949083667,3.708962560004869,2.698364593875605,3.316178080747263,0.2403547020050779,1.8455885289092369,5.570469230692195,13.967206000860527,10.596589405147554,8.396736770168332,2394.734,4.041110787132846,1.4,1,0,-0.0016992113568039535,0,-0.006274321026853613
B0056,12,29,4.0,1.2133872888296768,60.66936444148384,4.170255325585353,3.7325974256008063,2.690491235069901,3.3637533511944144,0.2621986512278043,1.6427272030461846,6.084434485536904,14.101837412639979,10.518875176620943,8.017402927103074,2673.0,3.998183247027673,1.4,1,0,-0.014190724739268745,0,-0.013446496038116606
B0056,13,31,4.0,1.230223614493081,61.51118072465405,4.1791853671260935,3.7279925199592796,2.6953260271003012,3.3457364832275633,0.2619990062763345,1.6957888217302926,4.921795521823371,15.014735099158155,10.55326910161315,10.092939577334786,2619.578,4.045307388055845,1.4,1,0,0.016836325663404095,1,-0.005411014473525722
B0056,14,33,4.0,1.1927530108462678,59.637650542313395,4.179356041925143,3.7356191691109144,2.6910057831221796,3.373106355519255,0.26224660712031783,1.6347601982089093,6.1399521365716545,13.814334631047263,10.414707663905276,7.6743824944756085,2640.016,3.9407513350142787,1.4,1,0,-0.037470603646813094,0,-0.005974598651724383
B0056,15,35,4.0,1.1867106635987799,59.33553317993899,4.1797176975526025,3.7360384582489004,2.6980104623652483,3.3697897239570302,0.2660452864601704,1.6382253787769439,6.316690675392846,14.167557089207039,10.394183210718758,7.850866413814193,2621.187,3.9170419323102057,1.4,1,0,-0.006042347247487978,0,-0.008513312265393935
B0056,16,37,4.0,1.1914875140242167,59.57437570121083,4.179854576648961,3.7345897647999773,2.6918100210263542,3.362330412062295,0.27059610268872,1.6446590268262757,6.441212226166763,14.498480751440637,10.441904510807989,8.057268525273873,2616.453,3.9246526371356545,1.4,1,0,0.0047768504254368516,0,-0.007218099908945774
B0056,17,41,4.0,1.214178606017816,60.7089303008908,4.171853041375375,3.728266453369393,2.6994455277907243,3.3440747440292173,0.2623622446965389,1.7076390255146487,4.304297219399819,14.957470899011563,10.556505695788386,10.653173679611744,2565.109,3.994254017333709,1.4,1,0,0.0226910919935992,1,0.0001582634376278147
B0056,18,43,4.0,1.2094387558721402,60.47193779360701,4.179639783717689,3.727685097831973,2.6974370448855804,3.344993026252808,0.26278558498298,1.7218826867485686,5.2130809352754035,15.001521036754518,10.536326582207261,9.788440101479114,2532.531,3.9841097236669905,1.4,1,0,-0.004739850145675684,0,-0.004156971724188141
B0056,19,45,4.0,1.207072299940321,60.353614997016045,4.180054992180052,3.7284871530843637,2.687185471488668,3.350361911675404,0.26454898419391637,1.7044133684665477,5.597688862446929,14.338173356663557,10.495199596430949,8.740484494216627,2556.593,3.9787215744096103,1.4,1,0,-0.002366455931819278,0,0.002863857818810622
B0056,20,47,4.0,1.162961249391913,58.14806246959565,4.174069945070663,3.737342176337145,2.687470388534462,3.37818787285201,0.2626816076229987,1.6318017809951493,6.078427429770419,13.436612124692124,10.301909086360435,7.358184694921705,2577.891,3.8489285446137558,1.4,1,0,-0.044111050548407915,0,-0.0047498828413733655
B0056,21,49,4.0,1.17887968705904,58.94398435295199,4.180243969445706,3.7348912945212263,2.699656546174108,3.3620625284471575,0.2710822596638294,1.6549814371651586,6.583062391278401,14.639269846531356,10.453998023862313,8.056207455252956,2572.36,3.8863565243585594,1.4,1,0,0.01591843766712686,1,-0.0025215653930353633
B0056,22,53,4.0,1.2945104146044433,64.72552073022216,4.160878235645104,3.7119688758406415,2.6854368250416094,3.346029829980996,0.25223087756675433,1.7305860653867202,5.8914322039769536,13.577353530338334,10.390292640584766,7.68592132636138,2697.75,4.272222689348226,1.4,1,0,0.11563072754540338,1,0.01606636171732547
B0056,23,57,4.0,1.2602567563003473,63.01283781501736,4.170401928183799,3.7207087119096944,2.690427787524509,3.3654291392154736,0.2570884377780715,1.696505640234897,6.05967629802577,13.568274326866668,10.290310895798491,7.508598028840898,2683.406,4.174814975847243,1.4,1,0,-0.03425365830409599,0,0.01016360008564141
B0056,24,59,4.0,1.2408721291565108,62.04360645782554,4.179668272690069,3.7235872103480734,2.6939728433831345,3.3689721031647792,0.2564693332634003,1.6920255754898594,5.8363714049151865,13.222923404873027,10.263087503889402,7.386551999957841,2646.156,4.114259183789722,1.4,1,0,-0.019384627143836486,0,0.00675996584323797
B0056,25,61,4.0,1.252197340273113,62.60986701365565,4.179757059071528,3.719377739397832,2.6814059367851253,3.3465295769688743,0.26338880441204326,1.741604661880979,5.53869752832389,14.117236767649958,10.400005286038288,8.578539239326068,2593.531,4.134738303717425,1.4,1,0,0.01132521111660223,1,0.01784721817624
B0056,26,63,4.0,1.2279025700477384,61.39512850238692,4.179381275805115,3.7239808564285224,2.6953073659972815,3.352812339869088,0.2686348992247735,1.7009419326058925,3.5650528434733313,14.72590749283402,10.409833153074386,11.160854649360688,2604.125,4.050628428389841,1.4,1,0,-0.02429477022537463,0,0.0098045765977397
B0056,27,65,4.0,1.1917170308946994,59.58585154473497,4.179761909304835,3.7311353838659254,2.6879523256297095,3.3743035968482755,0.2679276654999349,1.6642931587279168,6.350021063353402,13.782905674311685,10.249617197163523,7.432884610958283,2588.594,3.9491119624036832,1.4,1,0,-0.036185539153039015,0,-0.020558676741948778
B0056,28,69,4.0,1.1858570240011006,59.29285120005503,4.1722589361250195,3.731474701445015,2.696650296000414,3.3764282291064944,0.2624905553677743,1.661292752609806,6.212494977901734,13.53465268656202,10.237028804942252,7.322157708660285,2579.203,3.93212035554354,1.4,1,0,-0.005860006893598779,0,-0.014879946459849335
B0056,29,71,4.0,1.1840938286611427,59.204691433057135,4.180576245666881,3.7310941293481394,2.6832104765994735,3.375019443182964,0.2619822612773073,1.674210376311665,6.117917384959978,12.997563677985067,10.198234922837491,6.879646293025089,2555.453,3.9282714692008063,1.4,1,0,-0.0017631953399579459,0,-0.011355660099073628
B0056,30,73,4.0,1.2059829135917657,60.299145679588285,4.180487517962948,3.725781425176468,2.6972876615572554,3.3500962120625943,0.26954535147882325,1.7212335091850337,5.21139627291658,14.907548086849499,10.430944576015767,9.696151813932918,2525.609,3.9804322177697333,1.4,1,0,0.021889084930623026,1,-0.009242885336269468
B0056,31,75,4.0,1.165428493679393,58.271424683969656,4.18039553298969,3.733921900426747,2.683737907365728,3.379062729502439,0.2637630918834548,1.6603188551346038,6.255965125187059,13.20576446654183,10.139534423823738,6.949799341354771,2536.172,3.867445291946813,1.4,1,0,-0.04055441991237263,0,-0.01249481527366907
B0056,32,77,4.0,1.1790060613193858,58.95030306596929,4.180419660882064,3.7310215458818368,2.69363443342256,3.3612064036489087,0.27385827908438826,1.6773358415341093,5.019318100648434,14.51158708545384,10.308440154694576,9.492268984805406,2536.204,3.8931636198411756,1.4,1,0,0.013577567639992738,1,-0.002542193915062718
B0056,33,81,4.0,1.2013113747183153,60.06556873591576,4.172113004233132,3.72403908153358,2.6943722854819816,3.3463562838477823,0.26728664947542286,1.7400890937688023,5.84890723034065,14.30233008977442,10.36840954285901,8.45342285943377,2488.86,3.9654794977395693,1.4,1,0,0.022305313398929494,1,0.0030908701434429363
B0056,34,83,4.0,1.165597803317432,58.27989016587159,4.1803733533670036,3.7328255916896365,2.688897787724772,3.368266919681875,0.27392202658203635,1.6717166090890365,6.513410051005924,14.15321706372225,10.204673365751807,7.639807012716326,2518.547,3.856096814216208,1.4,1,0,-0.03571357140088338,0,-0.0036992050687421505
B0056,35,85,4.0,1.180303335055002,59.015166752750105,4.180733041897962,3.7282678550451034,2.6882331708894665,3.3594964247247177,0.2680709443326805,1.7117264059869666,5.91378656366684,13.855287867564956,10.315613775538878,7.941501303898115,2485.766,3.905406831842344,1.4,1,0,0.014705531737570166,1,-0.005135915707352723
B0056,36,87,4.0,1.1658134189695046,58.29067094847523,4.180279081248084,3.7322188781710186,2.6894590778726095,3.3615676241747825,0.27631780411430423,1.6777076413540122,4.85372879924998,14.492855960891132,10.276786926763112,9.639127161641152,2506.718,3.85010735489811,1.4,1,0,-0.014489916085497434,0,7.698505802231637e-05
B0056,37,89,4.0,1.1763960515773761,58.81980257886881,4.180999495499183,3.727854983672062,2.6894641263415138,3.355757582090394,0.2697188222729828,1.7244772794864451,5.890742770262958,14.065463723343733,10.32641766409495,8.174720953080776,2459.297,3.8911226888905706,1.4,1,0,0.010582632607871512,1,-0.000522001948401929
B0056,38,93,4.0,1.1458325512940766,57.29162756470383,4.172470795694908,3.7353500747530877,2.6842747820981163,3.377027547912211,0.26833955692446115,1.663035054726054,6.294398176572229,13.412858944276625,10.173012177291527,7.118460767704396,2488.734,3.8006455592125,1.4,1,0,-0.03056350028329957,0,-0.011095764684847742
B0056,39,95,4.0,1.167557759980296,58.3778879990148,4.181062785086551,3.7305298875037827,2.6890536637756743,3.357651728668808,0.276953254931386,1.6900191891528944,3.7224394901630427,14.606103880190119,10.35991803443565,10.883664390027077,2491.375,3.854460105129653,1.4,1,0,0.02172520868621941,1,0.00039199133257281635
B0056,40,97,4.0,1.145636654711916,57.28183273559579,4.181144967626914,3.7343541132020888,2.697570405713833,3.3773583743313456,0.26446236566661097,1.6766796389733987,6.1923527074223905,13.208123302069437,10.160882493726476,7.015770594647046,2467.328,3.804414752749699,1.4,1,0,-0.021921105268380092,0,-0.006933336068617235
B0056,41,99,4.0,1.1443667002824445,57.218335014122225,4.1812569980664405,3.73487544538074,2.6861014784430512,3.365617870156837,0.27862734844335435,1.6751918341015979,6.576813549749459,14.33986737197622,10.194404833993097,7.7630538222267615,2466.125,3.78311927542707,1.4,1,0,-0.0012699544294714205,0,-0.004289343737412033
B0056,42,101,4.0,1.1605177686388095,58.02588843194047,4.1812189705553315,3.7308432524057107,2.6984158813975863,3.356825640396486,0.27658052742643363,1.7009813269764604,5.462658317326679,14.869194370874,10.45640074188921,9.40653605354732,2459.3129999999946,3.833525320907695,1.4,1,0,0.01615106835636504,1,-0.003175656587713327
B0056,43,105,4.0,1.2272013042602479,61.36006521301239,4.162741220330822,3.717687353637739,2.6966170938157865,3.3493744607237104,0.2692651964637035,1.7282484297510285,6.346473966012052,14.255223899564948,10.313619268601707,7.908749933552896,2559.125,4.0534861526561,1.4,1,0,0.06668353562143836,1,0.01627375059323426
B0056,44,109,4.0,1.2454797202045476,62.273986010227375,4.1718897570741,3.715779403486061,2.6938401614375964,3.337826170095946,0.2709023559744499,1.7698523906418528,5.330043312887019,15.145967765545794,10.450923975542697,9.815924452658775,2534.156,4.109510795735057,1.4,1,0,0.018278415944299686,1,0.015584392044850315
B0056,45,111,4.0,1.1722288849037228,58.61144424518614,4.1801184107331695,3.730018605305171,2.694145271746648,3.379813223194436,0.2669612504335651,1.677785003590329,6.34658464709465,13.36575567843813,10.066401247840554,7.019171031343481,2521.985,3.896824622078521,1.4,1,0,-0.07325083530082477,0,0.005318446038361379
B0056,46,113,4.0,1.1953514999944956,59.76757499972478,4.180978585892375,3.7237243733111236,2.6949310922042096,3.3529139626798687,0.27557296578680607,1.7207594035337381,4.116504475200627,14.761564527480054,10.43749851062521,10.645060052279426,2503.172,3.9493391305497685,1.4,1,0,0.023122615090772847,1,0.010196959942410233
B0056,47,115,4.0,1.1919514716203925,59.597573581019624,4.18061494652553,3.723793738705361,2.698968781686075,3.3506050479395064,0.27497025095442224,1.7354517468706192,5.58901887421474,14.927522519928406,10.413907415221043,9.338503645713665,2474.344,3.939385723450847,1.4,1,0,-0.0034000283741031367,0,0.0062867405963165975
B0056,48,117,4.0,1.2296223665252586,61.48111832626293,4.1092250647272115,3.6528434082386605,2.69347301500386,3.282678428854045,0.2516938902103491,1.8820153258133336,5.665521103919391,15.38684146714604,10.513733364328893,9.72132036322665,2349.64,4.017794877487313,1.4,1,0,0.03767089490486608,1,0.0004842124530021419
B0056,49,121,4.0,1.2774519419396988,63.87259709698494,4.169876565796819,3.708027041699333,2.6975073541494394,3.33124930750755,0.26906760789329265,1.7967905034784195,5.573068872747025,15.06186195706642,10.477654553290117,9.488793084319394,2560.688,4.214001551467258,1.4,1,0,0.04782957541444022,1,0.006394444347030248
B0056,50,123,4.0,1.2433879751668584,62.16939875834292,4.18030832398499,3.7144234320948275,2.68847764541694,3.3452443163116463,0.26817676817378056,1.776194228304146,6.1258339997928415,14.19417584217932,10.317281833213249,8.068341842386477,2522.375,4.114301215412391,1.4,1,0,-0.034063966772840404,0,0.014231818052627122
B0056,51,125,4.0,1.230802542912592,61.5401271456296,4.1803883737342336,3.7151427146422455,2.695809647268888,3.341356791517586,0.2714583836438256,1.781364867681285,5.9005666328317705,14.670219241896355,10.380685727786513,8.769652609064584,2488.719,4.068664110051089,1.4,1,0,-0.012585432254266449,0,0.007090208583619262
B0056,52,127,4.0,1.2162358534094664,60.81179267047332,4.180539223969872,3.717701993541554,2.6988862295180773,3.3435875505910966,0.2726439971777136,1.770286671707236,5.903527281130212,14.756439650219583,10.36448134266215,8.85291236908937,2474.844,4.02027812724789,1.4,1,0,-0.014566689503125563,0,0.0048568763578147765
B0056,53,129,4.0,1.2088335726499548,60.44167863249774,4.180613197410378,3.719543158671633,2.6881817818985594,3.3430796751998537,0.2763347155367749,1.7603828560778958,5.8489381468345405,15.074941469247383,10.418606978035179,9.226003322412843,2473.875,3.9921404949909034,1.4,1,0,-0.007402280759511548,0,-0.004157758775060749
B0056,54,133,4.0,1.1946181162240357,59.73090581120179,4.171995741541347,3.722238972383157,2.693866336049454,3.3475631632118508,0.2775866936273226,1.7255027181351614,4.845099517773972,14.772345213065618,10.467474839092922,9.927245695291646,2495.5,3.9410309503112755,1.4,1,0,-0.014215456425919148,0,-0.01656676514313262
B0056,55,135,4.0,1.1734248134794991,58.67124067397496,4.1804813286233875,3.726345531314525,2.692863343941837,3.3573308617480517,0.2787969241710015,1.7051855872437909,3.9037566081618618,14.624267787138265,10.24758606535621,10.720511178976404,2481.078,3.878097347893498,1.4,1,0,-0.02119330274453657,0,-0.013992632337471856
B0056,56,137,4.0,1.1404596305913128,57.02298152956564,4.181058054860729,3.732952351973939,2.6912645328393867,3.382778882292665,0.2662099147229219,1.6737838876537967,6.373094745752049,12.974017575008304,10.06027633089391,6.600922829256255,2460.125,3.793935384728116,1.4,1,0,-0.032965182888186284,0,-0.01806858246425582
B0056,57,139,4.0,1.1821716406845988,59.10858203422994,4.18149130108492,3.7231511057999462,2.6880196285337377,3.3460645335108428,0.2796471293814751,1.7446665260628447,5.942266455603233,14.962343761280408,10.46181981941412,9.020077305677175,2440.547,3.9033208687096947,1.4,1,0,0.041712010093285956,1,-0.006812842544973519
B0056,58,141,4.0,1.1480663382055174,57.40331691027587,4.180595098911064,3.7306194982514054,2.6997902360046213,3.3641915924918147,0.276938300874108,1.6893229418072908,3.9575083611718096,14.288936379622093,10.21776828052081,10.331428018450284,2449.922,3.7987014262929515,1.4,1,0,-0.03410530247908139,0,-0.012153446888887486
B0056,59,145,4.0,1.1825381935034152,59.12690967517076,4.173047661044039,3.7211728776736224,2.6973629105606647,3.340090097397974,0.27535021142800925,1.768035294905629,6.123188211413072,14.731654795183925,10.382854030148234,8.608466583770852,2408.781,3.903544290205681,1.4,1,0,0.03447185529789776,1,-0.0024159845441241055
B0056,60,147,4.0,1.1552092862846601,57.760464314233005,4.180703275463656,3.7282897961107038,2.691300691707842,3.35648490646885,0.2806893489455186,1.7051432830326554,4.3307844113005975,14.530184451529058,10.344585715881983,10.199400040228461,2442.547,3.816674896380898,1.4,1,0,-0.027328907218755027,0,-0.0036431054389677977
B0056,61,149,4.0,1.1216816712671696,56.084083563358476,4.181146414659693,3.7351577148358333,2.689936372979849,3.3822432790887755,0.2677710361006256,1.6727765803697465,6.442455056550292,12.920963346782584,10.028217431506214,6.478508290232291,2420.671,3.7303855733444378,1.4,1,0,-0.033527615017490575,0,-0.0037555918648286557
B0056,62,151,4.0,1.162666262561457,58.13331312807285,4.181695073360697,3.7249647423275767,2.6913240152919484,3.3475849268060007,0.2814916097185332,1.737668829701364,5.959912422534173,14.975497658516607,10.497532395250285,9.015585235982435,2409.906,3.8390627046452943,1.4,1,0,0.04098459129428744,1,-0.0039010756246283585
B0056,63,153,4.0,1.124695615744926,56.234780787246294,4.180846468482689,3.734163172575586,2.686923064348457,3.368899621618762,0.2786472341157916,1.6791986200112923,5.031506701582902,14.006665059857033,10.078456668334661,8.97515835827413,2416.672,3.7240894774381768,1.4,1,0,-0.03797064681653106,0,-0.004674144492118293
B0056,64,157,4.0,1.1664177948797931,58.32088974398965,4.17358432175774,3.7233699833550817,2.6874437664677444,3.340217809060051,0.2808815806304089,1.7530386513998315,6.0438417076765605,15.065495014920012,10.437586290235986,9.02165330724345,2395.75,3.846562073438394,1.4,1,0,0.0417221791348672,1,-0.0032240797247244045
B0056,65,159,4.0,1.1346745156379465,56.73372578189733,4.181103233539769,3.730994877236601,2.699800435335948,3.3606706640426602,0.2804565487716261,1.6965299347001148,4.395353055146922,14.438517748547323,10.327680053270171,10.043164693400401,2410.688,3.7515932028102696,1.4,1,0,-0.03174327924184661,0,-0.004106954129342722
B0056,66,161,4.0,1.1012231317092755,55.06115658546378,4.181672942091641,3.7391315499468423,2.6979607095711318,3.384477709863685,0.269937503959716,1.6548733855951216,6.688166849487615,13.194289211464435,9.931318938388468,6.50612236197682,2402.125,3.659816749092218,1.4,1,0,-0.033451383928670975,0,-0.004091707911578801
B0056,67,163,4.0,1.1560733948472832,57.803669742364164,4.1817809374395605,3.723708340847479,2.6834783907862354,3.3408256322235093,0.2798906082605489,1.7665966406445173,6.201694474605574,14.482501609291248,10.341385046767083,8.280807134685674,2355.265,3.816604196286012,1.4,1,0,0.05485026313800767,1,-0.0013185735428347556
B0056,68,165,4.0,1.1385609898764002,56.92804949382001,4.181361272735532,3.7290093240535476,2.6996190068902637,3.3541889238828593,0.2834236927656701,1.7115279787595221,5.706523784496858,14.720749328790644,10.494744894336083,9.014225544293787,2396.719,3.7606665643636283,1.4,1,0,-0.017512404970883022,0,0.0027730748262948524
B0056,69,169,4.0,1.1757265448773706,58.78632724386853,4.164298287868827,3.721430364418362,2.689809371052332,3.340961153961277,0.2795654204830287,1.73428631849718,4.705975043271577,14.529077890794348,10.206418347273608,9.82310284752277,2442.344,3.8731905520870655,1.4,1,0,0.03716555500097041,1,0.001861749999515494
B0056,70,173,4.0,1.1969385632452556,59.84692816226278,4.172633979258993,3.7182507182632287,2.688916524535636,3.3371235826921466,0.28166336782143175,1.7634409512196034,5.891844878630556,15.244128605525713,10.592911474763564,9.352283726895157,2444.703,3.9463178129411283,1.4,1,0,0.021212018367885,1,0.012452809521461817
B0056,71,175,4.0,1.1267457988726266,56.33728994363133,4.180507540870247,3.732470406535076,2.698695743312111,3.376237517393404,0.27153530893713784,1.6845207340398374,6.646270373560904,13.512900564234096,9.984423245892257,6.866630190673192,2412.25,3.742783761759104,1.4,1,0,-0.070192764372629,0,0.005104533432670211
B0056,72,177,4.0,1.1601031368559531,58.00515684279765,4.181900407397767,3.723845829416583,2.697889593175275,3.348647645780763,0.282755970870213,1.7384333180178044,5.874849632040624,14.862132323599853,10.532756069231716,8.98728269155923,2403.234,3.8325055327788,1.4,1,0,0.03335733798332652,1,0.0008059484017339802
B0056,73,179,4.0,1.1361458729690275,56.80729364845137,4.181297616479253,3.7276663664025422,2.6959933200185318,3.3622424767286905,0.2696197836505513,1.7330706062592867,6.411272747154492,13.378405270944848,10.144690849516095,6.967132523790355,2361.047,3.769462230943729,1.4,1,0,-0.02395726388692565,0,-0.0004830233814745455
B0056,74,181,4.0,1.1397253894261876,56.986269471309384,4.181657232676167,3.7282105248759247,2.6955474945092024,3.351293107048021,0.2869446981497813,1.7158733011286842,5.384732504738278,14.806201026240293,10.418716582380117,9.421468521502014,2392.468,3.7618507483696013,1.4,1,0,0.003579516457160148,0,-0.007200231090236597
B0056,75,185,4.0,1.1560010024767575,57.80005012383788,4.172972784971319,3.723425746015751,2.699727848412594,3.3414098071318334,0.28118900645467,1.7531566636669746,6.101848075316235,15.144104218787898,10.532972017810645,9.042256143471663,2373.89,3.8136835460990577,1.4,1,0,0.016275613050569904,1,-0.008187512153699616
B0056,76,187,4.0,1.126818619026835,56.34093095134175,4.1813161057402795,3.73065316472039,2.695330424081241,3.35783559274309,0.2839458865064775,1.7029936043387486,4.084166515359861,14.39832488350013,10.294250246042282,10.31415836814027,2383.234,3.7242084126929216,1.4,1,0,-0.029182383449922522,0,1.4564030841679454e-05
B0056,77,189,4.0,1.116688355680394,55.8344177840197,4.1815961278916145,3.7308553676124943,2.6854130230502054,3.36675593545663,0.27126350979516034,1.7176922050011563,6.429628140459934,13.069857113335045,10.050387765399135,6.640228972875112,2342.453,3.706303273781273,1.4,1,0,-0.01013026334644107,0,-0.008682956235111838
B0056,78,191,4.0,1.1330613197666846,56.65306598833423,4.182044120407073,3.7272769212866232,2.690400334997493,3.3487514550466417,0.28613014622166955,1.7293087726875682,5.451623395786474,14.625776758086843,10.472005861254317,9.17415336230037,2359.296,3.740617267621012,1.4,1,0,0.01637296408629063,1,-0.0006169106404685821
B0056,79,193,4.0,1.0893839897995972,54.46919948997986,4.1815714469098,3.7379482058482076,2.6887925590382147,3.3810092385566413,0.2695905282139237,1.6750341583008017,6.5281433807856795,12.585237711150564,9.909401931448466,6.057094330364884,2345.453,3.622239905077943,1.4,1,0,-0.0436773299670874,0,-0.01006827992531809
B0056,80,197,4.0,1.1120836459259367,55.604182296296834,4.174449328074176,3.7330464101415273,2.6988640537115023,3.3564306318997588,0.28556358013617056,1.6969414198633646,3.4788322528195716,14.409091639662265,10.24276059598256,10.930259386842692,2360.172,3.6718691928034968,1.4,1,0,0.022699656126339507,1,-0.00878347131016417
B0056,81,199,4.0,1.1279950254648337,56.399751273241684,4.181914870814706,3.72645378255667,2.680924614006194,3.3508758903963662,0.2762146513933564,1.7535367908206885,6.434721330714935,13.639615611059915,10.216290881964335,7.20489428034498,2315.407,3.7333843501656907,1.4,1,0,0.015911379538896986,1,0.00023528128759973122
B0056,82,201,4.0,1.1386774565024178,56.93387282512089,4.181004748960203,3.724711794263523,2.689418119708915,3.338909543714827,0.2847115744091645,1.7641532499102053,6.156133356844715,14.880692487289394,10.357968672788793,8.724559130444678,2322.156,3.7563060967047335,1.4,1,0,0.01068243103758415,1,0.004397820164404776
B0056,83,203,4.0,1.1271136962200643,56.355684811003215,4.181554177966883,3.7274501809971774,2.6980519577561664,3.346321199511455,0.2840696779600663,1.7432776906133867,6.061243405310602,14.94384328293818,10.4126408516178,8.882599877627579,2327.1570000000065,3.7220023328757432,1.4,1,0,-0.011563760282353508,0,-0.0011895247093240524
B0056,84,205,4.0,1.1101508869653747,55.50754434826873,4.181615967935099,3.731282246754465,2.690667005796631,3.3538216131821788,0.2868781703390774,1.711779445250253,5.030235174367,14.509690908147519,10.355563284677743,9.479455733780519,2335.0,3.666470399075397,1.4,1,0,-0.016962809254689626,0,0.0041533794331555015
B0056,85,209,4.0,1.1344632260422465,56.723161302112324,4.1733664527513845,3.725646434516687,2.690672584400043,3.339346853440726,0.28505438686930396,1.7523705598624038,6.1167314058838675,15.062267575750978,10.41665753464741,8.945536169867111,2329.375,3.7397724375685772,1.4,1,0,0.024312339076871803,1,0.004475916023261961
B0056,86,211,4.0,1.108458756302863,55.42293781514315,4.181332312389274,3.731479392866109,2.6895747540556276,3.3536514376808864,0.2880447706071628,1.7102887363877424,4.585621214546927,14.468947045350122,10.301294534772044,9.883325830803194,2333.875,3.660125367169773,1.4,1,0,-0.02600446973938353,0,-0.003907253832394142
B0056,87,213,4.0,1.0768220870214844,53.84110435107422,4.181999698138027,3.738844204683683,2.6850453196446673,3.38120127228625,0.27247353078545455,1.6753592954505596,6.530373356006594,12.508239840028546,9.91165771895873,5.977866484021952,2317.453,3.5808387055532003,1.4,1,0,-0.03163666928137854,0,-0.01237107389618668
B0056,88,215,4.0,1.128398212919817,56.419910645990846,4.18207747720649,3.7250894153981267,2.68848533115398,3.3368543585349384,0.2860513176813407,1.768549536730497,6.3259606341893795,14.887028438704053,10.349022787330426,8.561067804514675,2295.109,3.7211680787966377,1.4,1,0,0.05157612589833249,1,0.0002569033399505205
B0056,89,217,4.0,1.1066350346531368,55.33175173265684,4.18160323028519,3.7315182339499717,2.695941959305812,3.3522604662249167,0.2893760174940273,1.7118429859694897,5.54449726698446,14.643769942307397,10.403963430415772,9.099272675322936,2326.657,3.65305783993839,1.4,1,0,-0.02176317826668006,0,-0.0007031704624475665
B0056,90,221,4.0,1.271609072217319,63.58045361086595,4.160391647622785,3.68885632123795,2.6936113374580533,3.3018532294003613,0.27632633539183066,1.843752684497427,5.589404852949979,15.536147821768504,10.672589964446292,9.946742968818524,2479.297,4.169717132395357,1.4,1,0,0.16497403756418216,1,0.027429169235014504
B0056,91,225,4.0,1.2415767175377967,62.07883587688984,4.171177372817309,3.7072174847735866,2.6975058053441106,3.3271853602584223,0.27737273066194157,1.8120843393714456,6.18902716988715,14.710321906861783,10.38887188704922,8.521294736974632,2463.578,4.095089372366016,1.4,1,0,-0.030032354679522255,0,0.02662359224698676
B0056,92,227,4.0,1.174652904422814,58.7326452211407,4.179908499745383,3.7224351080232916,2.6996810856937454,3.357838197685972,0.2811048217073636,1.7203439049589009,5.450044167312251,14.282705134297458,10.084749408390376,8.832660966985207,2458.812,3.888322764916095,1.4,1,0,-0.06692381311498274,0,0.01956616348026592
B0056,93,229,4.0,1.1989389885187762,59.94694942593881,4.1812209027547125,3.7143904789491087,2.6932891744671807,3.3341676075284923,0.28203641203709495,1.796332931635912,6.218879927153501,14.735427526864724,10.365887906876877,8.516547599711224,2400.672,3.9585420970469913,1.4,1,0,0.024286084095962224,1,0.014108155119791865
B0056,94,231,4.0,1.1461398965188563,57.306994825942816,4.180715020333036,3.7258277601644028,2.680335373836448,3.3656652776557863,0.27082081791890916,1.7222977241025477,6.550082598987273,12.986214565204863,10.019608551209917,6.43613196621759,2396.407,3.8045882393539032,1.4,1,0,-0.052799091999919945,0,0.007900972373143888
B0056,95,233,4.0,1.129224378671885,56.461218933594246,4.181433629004157,3.7295328042219515,2.695500756668203,3.365125158092583,0.28165609930226293,1.6997043054441963,4.795946009072577,14.020906563644125,10.060030313914345,9.224960554571549,2392.375,3.741205425074994,1.4,1,0,-0.016915517846971317,0,-0.028476938709086807
B0056,96,237,4.0,1.1103432888019913,55.51716444009956,4.173527924617655,3.732580093385029,2.6916361141573137,3.3750175764348014,0.2714036359768261,1.6858623859300483,6.664681269836831,13.158594712143497,9.894806886286887,6.493913442306666,2373.687,3.6874633636106724,1.4,1,0,-0.018881089869893675,0,-0.026246685747161092
B0056,97,239,4.0,1.153909472897475,57.69547364487375,4.1820632868427365,3.723296728735136,2.6977127849492053,3.344781159371398,0.2892630103679967,1.7404253614176668,5.572372622031885,14.942021026324584,10.535153782453834,9.369648404292699,2385.922,3.8078878759423134,1.4,1,0,0.04356618409548374,1,-0.004148686305067794
B0056,98,241,4.0,1.1302191455340138,56.510957276700694,4.18182200740338,3.7268630687873934,2.687276744661873,3.3605010057610825,0.2735917348844776,1.7348806495979006,6.4855111247248995,13.316711053744784,10.116013026114192,6.831199929019885,2345.0,3.7484511149533204,1.4,1,0,-0.023690327363461217,0,-0.013743968596952483
B0056,99,243,4.0,1.1258719408034097,56.29359704017048,4.1819501512020345,3.7285352913206076,2.6980124491519586,3.3538264483941607,0.2880139132438153,1.7148039961001025,4.439395603649657,14.612810892917661,10.332244370257053,10.173415289268004,2363.047000000006,3.7195554084702316,1.4,1,0,-0.004347204730604126,0,-0.004053591143089319
B0056,100,245,4.0,1.1430108283920968,57.15054141960484,4.181791330814548,3.722208478968039,2.6927360739353285,3.341678704653779,0.2807079189267692,1.7744477190346108,6.342042334381916,14.205466297575018,10.278021353580035,7.863423963193102,2316.687,3.7772476243507076,1.4,1,0,0.01713888758868709,1,0.0027572899440423625
B0056,101,249,4.0,1.1372731775310292,56.86365887655146,4.173014294511639,3.723546348831757,2.6899104032044447,3.3456418542105237,0.2771440564752702,1.7621417236488757,6.423916307174514,13.862516639323271,10.263503141787313,7.4386003321487575,2322.0,3.760158576691387,1.4,1,0,-0.005737650861067589,0,0.00538597774580758
B0056,102,251,4.0,1.1290590137779504,56.452950688897516,4.181882887350109,3.72725621126106,2.6950189281281465,3.3496423795442105,0.29046280726574775,1.7228075335961501,5.330925832926126,14.899199505524647,10.452748281670244,9.568273672598522,2357.687,3.7270408347403072,1.4,1,0,-0.008214163753078818,0,-0.0049700918239049315
